path,name,ext,size,priority_group
code/app/Auth/Auth0UserProvider.php,Auth0UserProvider.php,.php,3501,auth
code/app/Console/Commands/Auth/PruneUserLoginAuditsCommand.php,PruneUserLoginAuditsCommand.php,.php,1897,auth
code/app/Http/Controllers/Admin/Auth/Auth0Controller.php,Auth0Controller.php,.php,1154,auth
code/app/Http/Controllers/Admin/Auth/AuthenticatedSessionController.php,AuthenticatedSessionController.php,.php,3178,auth
code/app/Http/Controllers/Admin/Auth/ConfirmablePasswordController.php,ConfirmablePasswordController.php,.php,1145,auth
code/app/Http/Controllers/Admin/Auth/EmailVerificationNotificationController.php,EmailVerificationNotificationController.php,.php,761,auth
code/app/Http/Controllers/Admin/Auth/EmailVerificationPromptController.php,EmailVerificationPromptController.php,.php,689,auth
code/app/Http/Controllers/Admin/Auth/NewPasswordController.php,NewPasswordController.php,.php,2307,auth
code/app/Http/Controllers/Admin/Auth/PasswordController.php,PasswordController.php,.php,874,auth
code/app/Http/Controllers/Admin/Auth/PasswordResetLinkController.php,PasswordResetLinkController.php,.php,1837,auth
code/app/Http/Controllers/Admin/Auth/RegisteredUserController.php,RegisteredUserController.php,.php,1449,auth
code/app/Http/Controllers/Admin/Auth/VerifyEmailController.php,VerifyEmailController.php,.php,904,auth
code/app/Http/Controllers/Api/Integrations/TurboTaxOAuthController.php,TurboTaxOAuthController.php,.php,2590,auth
code/app/Http/Controllers/Api/V1/AuthController.php,AuthController.php,.php,7748,auth
code/app/Http/Controllers/Auth/AuthenticatedSessionController.php,AuthenticatedSessionController.php,.php,1645,auth
code/app/Http/Controllers/Auth/ConfirmablePasswordController.php,ConfirmablePasswordController.php,.php,1139,auth
code/app/Http/Controllers/Auth/EmailVerificationNotificationController.php,EmailVerificationNotificationController.php,.php,755,auth
code/app/Http/Controllers/Auth/EmailVerificationPromptController.php,EmailVerificationPromptController.php,.php,683,auth
code/app/Http/Controllers/Auth/MFAController.php,MFAController.php,.php,2962,auth
code/app/Http/Controllers/Auth/NewPasswordController.php,NewPasswordController.php,.php,2264,auth
code/app/Http/Controllers/Auth/PasswordController.php,PasswordController.php,.php,868,auth
code/app/Http/Controllers/Auth/PasswordResetLinkController.php,PasswordResetLinkController.php,.php,1397,auth
code/app/Http/Controllers/Auth/PrimaryPurposeController.php,PrimaryPurposeController.php,.php,6159,auth
code/app/Http/Controllers/Auth/RegisteredUserController.php,RegisteredUserController.php,.php,13056,auth
code/app/Http/Controllers/Auth/RoleSelectionController.php,RoleSelectionController.php,.php,4117,auth
code/app/Http/Controllers/Auth/SocialAuthController.php,SocialAuthController.php,.php,1700,auth
code/app/Http/Controllers/Auth/VerifyEmailController.php,VerifyEmailController.php,.php,898,auth
code/app/Http/Middleware/APIAuthMiddleware.php,APIAuthMiddleware.php,.php,0,auth
code/app/Http/Middleware/Authenticate.php,Authenticate.php,.php,644,auth
code/app/Http/Middleware/EnsureAuth0Session.php,EnsureAuth0Session.php,.php,838,auth
code/app/Http/Middleware/EnsureMFAIsVerified.php,EnsureMFAIsVerified.php,.php,1959,auth
code/app/Http/Middleware/RedirectIfAuthenticated.php,RedirectIfAuthenticated.php,.php,946,auth
code/app/Http/Middleware/RoleDashboardTelemetryAuthenticate.php,RoleDashboardTelemetryAuthenticate.php,.php,458,auth
code/app/Http/Middleware/VerifyCsrfToken.php,VerifyCsrfToken.php,.php,645,auth
code/app/Http/Requests/Auth/LoginRequest.php,LoginRequest.php,.php,2052,auth
code/app/Http/Requests/Grants/StoreGrantFilterPresetRequest.php,StoreGrantFilterPresetRequest.php,.php,1321,auth
code/app/Http/Requests/Grants/UpdateGrantFilterPresetRequest.php,UpdateGrantFilterPresetRequest.php,.php,331,auth
code/app/Jobs/StreamAdminLoginEvent.php,StreamAdminLoginEvent.php,.php,3512,auth
code/app/Jobs/WomenRealEstate/ReverifyExpiredAgentJob.php,ReverifyExpiredAgentJob.php,.php,649,auth
code/app/Models/AdminLoginAudit.php,AdminLoginAudit.php,.php,1142,auth
code/app/Models/GrantFilterPreset.php,GrantFilterPreset.php,.php,2699,auth
code/app/Models/MFABackupCode.php,MFABackupCode.php,.php,1714,auth
code/app/Models/MFAMethod.php,MFAMethod.php,.php,2471,auth
code/app/Models/UserLoginAudit.php,UserLoginAudit.php,.php,2696,auth
code/app/Providers/AuthServiceProvider.php,AuthServiceProvider.php,.php,6319,auth
code/app/Services/Auth/AdminLoginAuditService.php,AdminLoginAuditService.php,.php,4078,auth
code/app/Services/Auth/Auth0AdminService.php,Auth0AdminService.php,.php,6400,auth
code/app/Services/Auth/Auth0TokenVerifier.php,Auth0TokenVerifier.php,.php,3244,auth
code/app/Services/Auth/UserLoginAuditService.php,UserLoginAuditService.php,.php,1991,auth
code/app/Services/Security/MFAService.php,MFAService.php,.php,3446,auth
code/app/Services/SocialAuthService.php,SocialAuthService.php,.php,5074,auth
code/config/auth.php,auth.php,.php,4779,auth
code/config/auth0.php,auth0.php,.php,2040,auth
code/database/factories/AdminLoginAuditFactory.php,AdminLoginAuditFactory.php,.php,723,auth
code/database/factories/ApprenticeshipProgramFactory.php,ApprenticeshipProgramFactory.php,.php,1257,auth
code/database/factories/GrantFilterPresetFactory.php,GrantFilterPresetFactory.php,.php,913,auth
code/database/factories/GrantProgramFactory.php,GrantProgramFactory.php,.php,2130,auth
code/database/factories/TafeProgramFactory.php,TafeProgramFactory.php,.php,3446,auth
code/database/factories/UserLoginAuditFactory.php,UserLoginAuditFactory.php,.php,1024,auth
code/database/migrations/2014_10_12_100000_create_password_reset_tokens_table.php,2014_10_12_100000_create_password_reset_tokens_table.php,.php,739,auth
code/database/migrations/2025_11_16_200000_create_user_login_audits_table.php,2025_11_16_200000_create_user_login_audits_table.php,.php,1106,auth
code/database/migrations/2025_11_20_120000_add_auth0_columns_to_admins_table.php,2025_11_20_120000_add_auth0_columns_to_admins_table.php,.php,1594,auth
code/database/migrations/2025_11_22_000000_create_grant_filter_presets_table.php,2025_11_22_000000_create_grant_filter_presets_table.php,.php,726,auth
code/database/migrations/2025_11_24_140000_add_notification_flags_to_grant_filter_presets_table.php,2025_11_24_140000_add_notification_flags_to_grant_filter_presets_table.php,.php,709,auth
code/database/migrations/2025_11_28_170905_create_mfa_tables.php,2025_11_28_170905_create_mfa_tables.php,.php,1397,auth
code/database/migrations/2025_12_05_120000_create_admin_login_audits_table.php,2025_12_05_120000_create_admin_login_audits_table.php,.php,1157,auth
code/database/seeders/GrantFilterPresetSeeder.php,GrantFilterPresetSeeder.php,.php,1061,auth
code/verify-ship.php,verify-ship.php,.php,886,auth
template/app/Auth/Auth0UserProvider.php,Auth0UserProvider.php,.php,3501,auth
template/app/Console/Commands/Auth/PruneUserLoginAuditsCommand.php,PruneUserLoginAuditsCommand.php,.php,1897,auth
template/app/Http/Controllers/Admin/Auth/Auth0Controller.php,Auth0Controller.php,.php,1154,auth
template/app/Http/Controllers/Admin/Auth/AuthenticatedSessionController.php,AuthenticatedSessionController.php,.php,3178,auth
template/app/Http/Controllers/Admin/Auth/ConfirmablePasswordController.php,ConfirmablePasswordController.php,.php,1145,auth
template/app/Http/Controllers/Admin/Auth/EmailVerificationNotificationController.php,EmailVerificationNotificationController.php,.php,761,auth
template/app/Http/Controllers/Admin/Auth/EmailVerificationPromptController.php,EmailVerificationPromptController.php,.php,689,auth
template/app/Http/Controllers/Admin/Auth/NewPasswordController.php,NewPasswordController.php,.php,2307,auth
template/app/Http/Controllers/Admin/Auth/PasswordController.php,PasswordController.php,.php,874,auth
template/app/Http/Controllers/Admin/Auth/PasswordResetLinkController.php,PasswordResetLinkController.php,.php,1837,auth
template/app/Http/Controllers/Admin/Auth/RegisteredUserController.php,RegisteredUserController.php,.php,1449,auth
template/app/Http/Controllers/Admin/Auth/VerifyEmailController.php,VerifyEmailController.php,.php,904,auth
template/app/Http/Controllers/Api/Integrations/TurboTaxOAuthController.php,TurboTaxOAuthController.php,.php,2590,auth
template/app/Http/Controllers/Api/V1/AuthController.php,AuthController.php,.php,7748,auth
template/app/Http/Controllers/Auth/AuthenticatedSessionController.php,AuthenticatedSessionController.php,.php,1645,auth
template/app/Http/Controllers/Auth/ConfirmablePasswordController.php,ConfirmablePasswordController.php,.php,1139,auth
template/app/Http/Controllers/Auth/EmailVerificationNotificationController.php,EmailVerificationNotificationController.php,.php,755,auth
template/app/Http/Controllers/Auth/EmailVerificationPromptController.php,EmailVerificationPromptController.php,.php,683,auth
template/app/Http/Controllers/Auth/MFAController.php,MFAController.php,.php,2962,auth
template/app/Http/Controllers/Auth/NewPasswordController.php,NewPasswordController.php,.php,2264,auth
template/app/Http/Controllers/Auth/PasswordController.php,PasswordController.php,.php,868,auth
template/app/Http/Controllers/Auth/PasswordResetLinkController.php,PasswordResetLinkController.php,.php,1397,auth
template/app/Http/Controllers/Auth/PrimaryPurposeController.php,PrimaryPurposeController.php,.php,6159,auth
template/app/Http/Controllers/Auth/RegisteredUserController.php,RegisteredUserController.php,.php,13056,auth
template/app/Http/Controllers/Auth/RoleSelectionController.php,RoleSelectionController.php,.php,4117,auth
template/app/Http/Controllers/Auth/SocialAuthController.php,SocialAuthController.php,.php,1700,auth
template/app/Http/Controllers/Auth/VerifyEmailController.php,VerifyEmailController.php,.php,898,auth
template/app/Http/Middleware/APIAuthMiddleware.php,APIAuthMiddleware.php,.php,0,auth
template/app/Http/Middleware/Authenticate.php,Authenticate.php,.php,644,auth
template/app/Http/Middleware/EnsureAuth0Session.php,EnsureAuth0Session.php,.php,838,auth
template/app/Http/Middleware/EnsureMFAIsVerified.php,EnsureMFAIsVerified.php,.php,1959,auth
template/app/Http/Middleware/RedirectIfAuthenticated.php,RedirectIfAuthenticated.php,.php,946,auth
template/app/Http/Middleware/RoleDashboardTelemetryAuthenticate.php,RoleDashboardTelemetryAuthenticate.php,.php,458,auth
template/app/Http/Middleware/VerifyCsrfToken.php,VerifyCsrfToken.php,.php,645,auth
template/app/Http/Requests/Auth/LoginRequest.php,LoginRequest.php,.php,2052,auth
template/app/Http/Requests/Grants/StoreGrantFilterPresetRequest.php,StoreGrantFilterPresetRequest.php,.php,1321,auth
template/app/Http/Requests/Grants/UpdateGrantFilterPresetRequest.php,UpdateGrantFilterPresetRequest.php,.php,331,auth
template/app/Jobs/StreamAdminLoginEvent.php,StreamAdminLoginEvent.php,.php,3512,auth
template/app/Jobs/WomenRealEstate/ReverifyExpiredAgentJob.php,ReverifyExpiredAgentJob.php,.php,649,auth
template/app/Models/AdminLoginAudit.php,AdminLoginAudit.php,.php,1142,auth
template/app/Models/GrantFilterPreset.php,GrantFilterPreset.php,.php,2699,auth
template/app/Models/MFABackupCode.php,MFABackupCode.php,.php,1714,auth
template/app/Models/MFAMethod.php,MFAMethod.php,.php,2471,auth
template/app/Models/UserLoginAudit.php,UserLoginAudit.php,.php,2696,auth
template/app/Providers/AuthServiceProvider.php,AuthServiceProvider.php,.php,6319,auth
template/app/Services/Auth/AdminLoginAuditService.php,AdminLoginAuditService.php,.php,4078,auth
template/app/Services/Auth/Auth0AdminService.php,Auth0AdminService.php,.php,6400,auth
template/app/Services/Auth/Auth0TokenVerifier.php,Auth0TokenVerifier.php,.php,3244,auth
template/app/Services/Auth/UserLoginAuditService.php,UserLoginAuditService.php,.php,1991,auth
template/app/Services/Security/MFAService.php,MFAService.php,.php,3446,auth
template/app/Services/SocialAuthService.php,SocialAuthService.php,.php,5074,auth
template/config/auth.php,auth.php,.php,4779,auth
template/config/auth0.php,auth0.php,.php,2040,auth
template/database/factories/AdminLoginAuditFactory.php,AdminLoginAuditFactory.php,.php,723,auth
template/database/factories/ApprenticeshipProgramFactory.php,ApprenticeshipProgramFactory.php,.php,1257,auth
template/database/factories/GrantFilterPresetFactory.php,GrantFilterPresetFactory.php,.php,913,auth
template/database/factories/GrantProgramFactory.php,GrantProgramFactory.php,.php,2130,auth
template/database/factories/TafeProgramFactory.php,TafeProgramFactory.php,.php,3446,auth
template/database/factories/UserLoginAuditFactory.php,UserLoginAuditFactory.php,.php,1024,auth
template/database/migrations/2014_10_12_100000_create_password_reset_tokens_table.php,2014_10_12_100000_create_password_reset_tokens_table.php,.php,739,auth
template/database/migrations/2025_11_16_200000_create_user_login_audits_table.php,2025_11_16_200000_create_user_login_audits_table.php,.php,1106,auth
template/database/migrations/2025_11_20_120000_add_auth0_columns_to_admins_table.php,2025_11_20_120000_add_auth0_columns_to_admins_table.php,.php,1594,auth
template/database/migrations/2025_11_22_000000_create_grant_filter_presets_table.php,2025_11_22_000000_create_grant_filter_presets_table.php,.php,726,auth
template/database/migrations/2025_11_24_140000_add_notification_flags_to_grant_filter_presets_table.php,2025_11_24_140000_add_notification_flags_to_grant_filter_presets_table.php,.php,709,auth
template/database/migrations/2025_11_28_170905_create_mfa_tables.php,2025_11_28_170905_create_mfa_tables.php,.php,1397,auth
template/database/migrations/2025_12_05_120000_create_admin_login_audits_table.php,2025_12_05_120000_create_admin_login_audits_table.php,.php,1157,auth
template/database/seeders/GrantFilterPresetSeeder.php,GrantFilterPresetSeeder.php,.php,1061,auth
template/resources/views/admin/auth/confirm-password.blade.php,confirm-password.blade.php,.php,956,auth
template/resources/views/admin/auth/forgot-password.blade.php,forgot-password.blade.php,.php,2015,auth
template/resources/views/admin/auth/layouts/auth-master.blade.php,auth-master.blade.php,.php,2951,auth
template/resources/views/admin/auth/login.blade.php,login.blade.php,.php,4848,auth
template/resources/views/admin/auth/reset-password.blade.php,reset-password.blade.php,.php,2734,auth
template/resources/views/admin/auth/verify-email.blade.php,verify-email.blade.php,.php,1312,auth
template/resources/views/auth/confirm-password.blade.php,confirm-password.blade.php,.php,886,auth
template/resources/views/auth/forgot-password.blade.php,forgot-password.blade.php,.php,2122,auth
template/resources/views/auth/login.blade.php,login.blade.php,.php,6070,auth
template/resources/views/auth/mfa/backup-codes.blade.php,backup-codes.blade.php,.php,2430,auth
template/resources/views/auth/mfa/challenge.blade.php,challenge.blade.php,.php,2730,auth
template/resources/views/auth/mfa/setup.blade.php,setup.blade.php,.php,2339,auth
template/resources/views/auth/mfa/status.blade.php,status.blade.php,.php,2173,auth
template/resources/views/auth/primary-purpose.blade.php,primary-purpose.blade.php,.php,14363,auth
template/resources/views/auth/register.blade.php,register.blade.php,.php,28070,auth
template/resources/views/auth/reset-password.blade.php,reset-password.blade.php,.php,2870,auth
template/resources/views/auth/role-selection.blade.php,role-selection.blade.php,.php,15018,auth
template/resources/views/auth/verify-email.blade.php,verify-email.blade.php,.php,1246,auth
template/resources/views/components/auth-session-status.blade.php,auth-session-status.blade.php,.php,145,auth
template/resources/views/profile/partials/update-password-form.blade.php,update-password-form.blade.php,.php,2118,auth
template/routes/auth.php,auth.php,.php,2965,auth
viewstemplate/admin/auth/confirm-password.blade.php,confirm-password.blade.php,.php,956,auth
viewstemplate/admin/auth/forgot-password.blade.php,forgot-password.blade.php,.php,1954,auth
viewstemplate/admin/auth/layouts/auth-master.blade.php,auth-master.blade.php,.php,798,auth
viewstemplate/admin/auth/login.blade.php,login.blade.php,.php,4707,auth
viewstemplate/admin/auth/reset-password.blade.php,reset-password.blade.php,.php,2665,auth
viewstemplate/admin/auth/verify-email.blade.php,verify-email.blade.php,.php,1312,auth
viewstemplate/auth/confirm-password.blade.php,confirm-password.blade.php,.php,886,auth
viewstemplate/auth/forgot-password.blade.php,forgot-password.blade.php,.php,2122,auth
viewstemplate/auth/login.blade.php,login.blade.php,.php,6070,auth
viewstemplate/auth/mfa/backup-codes.blade.php,backup-codes.blade.php,.php,2430,auth
viewstemplate/auth/mfa/challenge.blade.php,challenge.blade.php,.php,2730,auth
viewstemplate/auth/mfa/setup.blade.php,setup.blade.php,.php,2339,auth
viewstemplate/auth/mfa/status.blade.php,status.blade.php,.php,2173,auth
viewstemplate/auth/primary-purpose.blade.php,primary-purpose.blade.php,.php,14363,auth
viewstemplate/auth/register.blade.php,register.blade.php,.php,28070,auth
viewstemplate/auth/reset-password.blade.php,reset-password.blade.php,.php,2870,auth
viewstemplate/auth/role-selection.blade.php,role-selection.blade.php,.php,15018,auth
viewstemplate/auth/verify-email.blade.php,verify-email.blade.php,.php,1246,auth
viewstemplate/components/auth-session-status.blade.php,auth-session-status.blade.php,.php,145,auth
viewstemplate/profile/partials/update-password-form.blade.php,update-password-form.blade.php,.php,2118,auth
code/.tmp/laravel-social-starter/laravel-social-starter/app/Http/Controllers/Social/ProfileController.php,ProfileController.php,.php,1812,profile
code/.tmp/laravel-social-starter/laravel-social-starter/app/Models/Profile.php,Profile.php,.php,953,profile
code/.tmp/laravel-social-starter/laravel-social-starter/app/Policies/ProfilePolicy.php,ProfilePolicy.php,.php,253,profile
code/.tmp/laravel-social-starter/laravel-social-starter/database/migrations/2025_11_03_000002_create_profiles_table.php,2025_11_03_000002_create_profiles_table.php,.php,1040,profile
code/.tmp/laravel-social-starter/laravel-social-starter/resources/views/social/profile/show.blade.php,show.blade.php,.php,1037,profile
code/app/Console/Commands/SendProfileReminders.php,SendProfileReminders.php,.php,885,profile
code/app/Console/Commands/Social/BackfillPersonaSocialProfiles.php,BackfillPersonaSocialProfiles.php,.php,455,profile
code/app/Console/Commands/Social/BackfillSocialProfiles.php,BackfillSocialProfiles.php,.php,1407,profile
code/app/Enums/ProfileVerificationStatus.php,ProfileVerificationStatus.php,.php,210,profile
code/app/Events/ProfilePrivacyTierChanged.php,ProfilePrivacyTierChanged.php,.php,544,profile
code/app/Events/WomenRealEstate/PersonaProfileUpdated.php,PersonaProfileUpdated.php,.php,461,profile
code/app/Http/Controllers/Account/ProfileSafetyController.php,ProfileSafetyController.php,.php,979,profile
code/app/Http/Controllers/Account/ProfileVerificationController.php,ProfileVerificationController.php,.php,1608,profile
code/app/Http/Controllers/Admin/ProfileUpdateController.php,ProfileUpdateController.php,.php,1471,profile
code/app/Http/Controllers/Admin/ProfileVerificationQueueController.php,ProfileVerificationQueueController.php,.php,4648,profile
code/app/Http/Controllers/Admin/SocialProfileVerificationController.php,SocialProfileVerificationController.php,.php,7331,profile
code/app/Http/Controllers/Api/V1/ProfilePrivacyController.php,ProfilePrivacyController.php,.php,984,profile
code/app/Http/Controllers/Api/Wellbeing/WellbeingProfileController.php,WellbeingProfileController.php,.php,3071,profile
code/app/Http/Controllers/Api/WomenRealEstate/WomenAgentProfileController.php,WomenAgentProfileController.php,.php,1335,profile
code/app/Http/Controllers/Api/WomenRealEstate/WomenPersonaProfileController.php,WomenPersonaProfileController.php,.php,3115,profile
code/app/Http/Controllers/Frontend/CandidateProfileController.php,CandidateProfileController.php,.php,6611,profile
code/app/Http/Controllers/Frontend/CompanyProfileController.php,CompanyProfileController.php,.php,4466,profile
code/app/Http/Controllers/Frontend/ProfileCompletionController.php,ProfileCompletionController.php,.php,2682,profile
code/app/Http/Controllers/Frontend/Social/Concerns/ManagesSocialProfiles.php,ManagesSocialProfiles.php,.php,3082,profile
code/app/Http/Controllers/Frontend/Social/ProfileController.php,ProfileController.php,.php,27330,profile
code/app/Http/Controllers/Frontend/Social/ProfileVerificationController.php,ProfileVerificationController.php,.php,11545,profile
code/app/Http/Controllers/Member/MemberProfileController.php,MemberProfileController.php,.php,7219,profile
code/app/Http/Controllers/ProfileController.php,ProfileController.php,.php,1709,profile
code/app/Http/Controllers/TafeUniversity/ProfileController.php,ProfileController.php,.php,1964,profile
code/app/Http/Controllers/WomenRealEstate/AgentProfileController.php,AgentProfileController.php,.php,9252,profile
code/app/Http/Requests/Admin/ProfileVerificationDecisionRequest.php,ProfileVerificationDecisionRequest.php,.php,753,profile
code/app/Http/Requests/Frontend/CandidateBasicProfileUpdateRequest.php,CandidateBasicProfileUpdateRequest.php,.php,1565,profile
code/app/Http/Requests/Frontend/CandidateProfileInfoUpdateRequest.php,CandidateProfileInfoUpdateRequest.php,.php,719,profile
code/app/Http/Requests/Frontend/CandidateProfileRequest.php,CandidateProfileRequest.php,.php,548,profile
code/app/Http/Requests/Frontend/CandidateProfileVideoUploadRequest.php,CandidateProfileVideoUploadRequest.php,.php,0,profile
code/app/Http/Requests/Onboarding/UpdateProfileRequest.php,UpdateProfileRequest.php,.php,702,profile
code/app/Http/Requests/ProfileUpdateRequest.php,ProfileUpdateRequest.php,.php,898,profile
code/app/Http/Requests/Social/StoreSocialProfileVerificationRequest.php,StoreSocialProfileVerificationRequest.php,.php,1132,profile
code/app/Http/Requests/StoreProfileVerificationRequest.php,StoreProfileVerificationRequest.php,.php,1223,profile
code/app/Http/Requests/UpdateProfileSafetyRequest.php,UpdateProfileSafetyRequest.php,.php,1344,profile
code/app/Http/Resources/ProfileResource.php,ProfileResource.php,.php,1412,profile
code/app/Http/Resources/ProfileVerificationResource.php,ProfileVerificationResource.php,.php,2916,profile
code/app/Jobs/ProfileVerification/AutoSuspendExpiredVerificationsJob.php,AutoSuspendExpiredVerificationsJob.php,.php,5054,profile
code/app/Jobs/ProfileVerification/GenerateVerificationSummaryJob.php,GenerateVerificationSummaryJob.php,.php,1504,profile
code/app/Jobs/ProfileVerification/SendVerificationReminderJob.php,SendVerificationReminderJob.php,.php,2564,profile
code/app/Livewire/WomenRealEstate/Househunters/SeekerProfile.php,SeekerProfile.php,.php,3937,profile
code/app/Mail/ProfileIncompleteReminderMail.php,ProfileIncompleteReminderMail.php,.php,420,profile
code/app/Models/AgentProfile.php,AgentProfile.php,.php,3611,profile
code/app/Models/BudgetProfile.php,BudgetProfile.php,.php,4283,profile
code/app/Models/Business/BusinessProfile.php,BusinessProfile.php,.php,11669,profile
code/app/Models/Concerns/HasSocialProfile.php,HasSocialProfile.php,.php,291,profile
code/app/Models/MemberProfile.php,MemberProfile.php,.php,5483,profile
code/app/Models/Profile.php,Profile.php,.php,18028,profile
code/app/Models/ProfileBadge.php,ProfileBadge.php,.php,2390,profile
code/app/Models/ProfileBlock.php,ProfileBlock.php,.php,2090,profile
code/app/Models/ProfilePrivacyAudit.php,ProfilePrivacyAudit.php,.php,2409,profile
code/app/Models/ProfileVerification.php,ProfileVerification.php,.php,5865,profile
code/app/Models/ProfileVerificationDraft.php,ProfileVerificationDraft.php,.php,2592,profile
code/app/Models/SocialProfile.php,SocialProfile.php,.php,15772,profile
code/app/Models/SocialProfileVerification.php,SocialProfileVerification.php,.php,5258,profile
code/app/Models/TafeCareerProfile.php,TafeCareerProfile.php,.php,3191,profile
code/app/Models/WellbeingProfile.php,WellbeingProfile.php,.php,6001,profile
code/app/Models/WomenRealEstate/WomenAgentProfile.php,WomenAgentProfile.php,.php,4057,profile
code/app/Models/WomenRealEstate/WomenCohortProfile.php,WomenCohortProfile.php,.php,4167,profile
code/app/Models/WomenRealEstate/WomenPersonaProfile.php,WomenPersonaProfile.php,.php,10283,profile
code/app/Models/WomenRealEstate/WomenPersonaProfileAudit.php,WomenPersonaProfileAudit.php,.php,2593,profile
code/app/Notifications/ProfileVerification/ProfileVerificationReminderNotification.php,ProfileVerificationReminderNotification.php,.php,1164,profile
code/app/Notifications/ProfileVerification/ProfileVerificationSubmittedNotification.php,ProfileVerificationSubmittedNotification.php,.php,584,profile
code/app/Observers/SocialProfileObserver.php,SocialProfileObserver.php,.php,0,profile
code/app/Policies/AgentProfilePolicy.php,AgentProfilePolicy.php,.php,276,profile
code/app/Policies/SocialProfilePolicy.php,SocialProfilePolicy.php,.php,252,profile
code/app/Policies/SocialProfileVerificationPolicy.php,SocialProfileVerificationPolicy.php,.php,825,profile
code/app/Policies/WomenRealEstate/WomenCohortProfilePolicy.php,WomenCohortProfilePolicy.php,.php,715,profile
code/app/Services/Privacy/ProfilePrivacyAuditLogger.php,ProfilePrivacyAuditLogger.php,.php,746,profile
code/app/Services/Privacy/ProfilePrivacyService.php,ProfilePrivacyService.php,.php,3588,profile
code/app/Services/ProfileCompletionService.php,ProfileCompletionService.php,.php,25519,profile
code/app/Services/ProfileVerificationService.php,ProfileVerificationService.php,.php,23806,profile
code/app/Services/ProfileVerificationSummaryService.php,ProfileVerificationSummaryService.php,.php,4904,profile
code/app/Services/Social/SocialProfileProvisioner.php,SocialProfileProvisioner.php,.php,5182,profile
code/app/Support/ActiveProfile.php,ActiveProfile.php,.php,805,profile
code/app/Support/ActiveSocialProfile.php,ActiveSocialProfile.php,.php,1130,profile
code/app/Support/SocialProfileHelper.php,SocialProfileHelper.php,.php,0,profile
code/app/Support/SocialProfileResolver.php,SocialProfileResolver.php,.php,0,profile
code/app/Traits/CandidateProfileTrait.php,CandidateProfileTrait.php,.php,0,profile
code/config/profile-verification.php,profile-verification.php,.php,870,profile
code/config/profile_verification.php,profile_verification.php,.php,1829,profile
code/database/factories/AgentProfileFactory.php,AgentProfileFactory.php,.php,1508,profile
code/database/factories/ProfileFactory.php,ProfileFactory.php,.php,3117,profile
code/database/factories/ProfileVerificationFactory.php,ProfileVerificationFactory.php,.php,1688,profile
code/database/factories/SocialProfileFactory.php,SocialProfileFactory.php,.php,2953,profile
code/database/factories/SocialProfileVerificationFactory.php,SocialProfileVerificationFactory.php,.php,1432,profile
code/database/factories/WomenRealEstate/WomenCohortProfileFactory.php,WomenCohortProfileFactory.php,.php,892,profile
code/database/migrations/2025_11_04_000001_create_social_profiles_table.php,2025_11_04_000001_create_social_profiles_table.php,.php,1394,profile
code/database/migrations/2025_11_06_010200_add_profile_fields_to_users.php,2025_11_06_010200_add_profile_fields_to_users.php,.php,1079,profile
code/database/migrations/2025_11_07_122500_update_social_profiles_and_comments.php,2025_11_07_122500_update_social_profiles_and_comments.php,.php,2118,profile
code/database/migrations/2025_11_09_150500_ensure_onboarding_profile_columns_exist.php,2025_11_09_150500_ensure_onboarding_profile_columns_exist.php,.php,1265,profile
code/database/migrations/2025_11_11_101500_add_social_profile_fk_to_social_post_comments_table.php,2025_11_11_101500_add_social_profile_fk_to_social_post_comments_table.php,.php,873,profile
code/database/migrations/2025_11_11_120000_create_agent_profiles_table.php,2025_11_11_120000_create_agent_profiles_table.php,.php,1252,profile
code/database/migrations/2025_11_15_140000_add_user_reference_to_social_profiles_table.php,2025_11_15_140000_add_user_reference_to_social_profiles_table.php,.php,1742,profile
code/database/migrations/2025_11_16_120000_create_tafe_career_profiles_table.php,2025_11_16_120000_create_tafe_career_profiles_table.php,.php,1053,profile
code/database/migrations/2025_11_16_170000_create_business_profiles_table.php,2025_11_16_170000_create_business_profiles_table.php,.php,1545,profile
code/database/migrations/2025_11_16_171500_add_formation_questionnaire_to_business_profiles_table.php,2025_11_16_171500_add_formation_questionnaire_to_business_profiles_table.php,.php,588,profile
code/database/migrations/2025_11_17_000001_create_profiles_table.php,2025_11_17_000001_create_profiles_table.php,.php,2603,profile
code/database/migrations/2025_11_17_000002_add_active_profile_id_to_users_table.php,2025_11_17_000002_add_active_profile_id_to_users_table.php,.php,1095,profile
code/database/migrations/2025_11_17_000003_create_profile_verifications_table.php,2025_11_17_000003_create_profile_verifications_table.php,.php,1042,profile
code/database/migrations/2025_11_17_000004_create_profile_badges_table.php,2025_11_17_000004_create_profile_badges_table.php,.php,983,profile
code/database/migrations/2025_11_17_010400_create_profile_blocks_table.php,2025_11_17_010400_create_profile_blocks_table.php,.php,880,profile
code/database/migrations/2025_11_17_120000_add_verification_fields_to_social_profiles_table.php,2025_11_17_120000_add_verification_fields_to_social_profiles_table.php,.php,2485,profile
code/database/migrations/2025_11_17_120100_create_social_profile_verifications_table.php,2025_11_17_120100_create_social_profile_verifications_table.php,.php,1398,profile
code/database/migrations/2025_11_17_120500_add_switch_tracking_to_profiles_table.php,2025_11_17_120500_add_switch_tracking_to_profiles_table.php,.php,1255,profile
code/database/migrations/2025_11_17_130000_expand_profile_verifications_schema.php,2025_11_17_130000_expand_profile_verifications_schema.php,.php,4384,profile
code/database/migrations/2025_11_17_140000_create_profile_verification_drafts_table.php,2025_11_17_140000_create_profile_verification_drafts_table.php,.php,958,profile
code/database/migrations/2025_11_17_160000_add_social_profile_id_to_profiles_table.php,2025_11_17_160000_add_social_profile_id_to_profiles_table.php,.php,800,profile
code/database/migrations/2025_11_18_150700_create_women_persona_profiles_tables.php,2025_11_18_150700_create_women_persona_profiles_tables.php,.php,4523,profile
code/database/migrations/2025_11_20_100200_create_budget_profiles_table.php,2025_11_20_100200_create_budget_profiles_table.php,.php,1328,profile
code/database/migrations/2025_11_21_120000_update_women_persona_profiles_persona_enum.php,2025_11_21_120000_update_women_persona_profiles_persona_enum.php,.php,635,profile
code/database/migrations/2025_11_24_000900_create_wellbeing_profiles_table.php,2025_11_24_000900_create_wellbeing_profiles_table.php,.php,1310,profile
code/database/migrations/2025_11_24_120000_add_privacy_tier_to_profiles_table.php,2025_11_24_120000_add_privacy_tier_to_profiles_table.php,.php,1093,profile
code/database/migrations/2025_11_24_120100_add_persona_metadata_to_social_profiles_table.php,2025_11_24_120100_add_persona_metadata_to_social_profiles_table.php,.php,1298,profile
code/database/migrations/2025_11_24_121500_create_profile_privacy_audits_table.php,2025_11_24_121500_create_profile_privacy_audits_table.php,.php,1026,profile
code/database/migrations/2025_11_24_140500_add_referral_tracking_to_social_profile_verifications_table.php,2025_11_24_140500_add_referral_tracking_to_social_profile_verifications_table.php,.php,1221,profile
code/database/migrations/2025_11_24_180000_update_profile_enums_and_conversation_messages.php,2025_11_24_180000_update_profile_enums_and_conversation_messages.php,.php,1406,profile
code/database/migrations/2025_11_25_000200_add_participant_profile_type_to_users_table.php,2025_11_25_000200_add_participant_profile_type_to_users_table.php,.php,1268,profile
code/database/migrations/2025_11_28_120000_add_profile_video_columns_to_social_profiles.php,2025_11_28_120000_add_profile_video_columns_to_social_profiles.php,.php,1278,profile
code/database/migrations/2025_11_30_232902_create_member_profiles_tables.php,2025_11_30_232902_create_member_profiles_tables.php,.php,2609,profile
code/database/migrations/2025_11_30_235000_add_location_to_member_profiles_table.php,2025_11_30_235000_add_location_to_member_profiles_table.php,.php,635,profile
code/database/migrations/2025_11_30_235500_add_public_sector_fields_to_member_profiles.php,2025_11_30_235500_add_public_sector_fields_to_member_profiles.php,.php,976,profile
code/database/seeders/MemberProfileSeeder.php,MemberProfileSeeder.php,.php,235,profile
code/laravel-social-starter/laravel-social-starter/app/Http/Controllers/Social/ProfileController.php,ProfileController.php,.php,1812,profile
code/laravel-social-starter/laravel-social-starter/app/Models/Profile.php,Profile.php,.php,953,profile
code/laravel-social-starter/laravel-social-starter/app/Policies/ProfilePolicy.php,ProfilePolicy.php,.php,253,profile
code/laravel-social-starter/laravel-social-starter/database/migrations/2025_11_03_000002_create_profiles_table.php,2025_11_03_000002_create_profiles_table.php,.php,1040,profile
code/laravel-social-starter/laravel-social-starter/resources/views/social/profile/show.blade.php,show.blade.php,.php,1037,profile
public copy/profile_form.php,profile_form.php,.php,0,profile
public copy/save_profile.php,save_profile.php,.php,0,profile
template/app/Console/Commands/SendProfileReminders.php,SendProfileReminders.php,.php,885,profile
template/app/Console/Commands/Social/BackfillPersonaSocialProfiles.php,BackfillPersonaSocialProfiles.php,.php,455,profile
template/app/Console/Commands/Social/BackfillSocialProfiles.php,BackfillSocialProfiles.php,.php,1407,profile
template/app/Enums/ProfileVerificationStatus.php,ProfileVerificationStatus.php,.php,210,profile
template/app/Events/ProfilePrivacyTierChanged.php,ProfilePrivacyTierChanged.php,.php,544,profile
template/app/Events/WomenRealEstate/PersonaProfileUpdated.php,PersonaProfileUpdated.php,.php,461,profile
template/app/Http/Controllers/Account/ProfileSafetyController.php,ProfileSafetyController.php,.php,979,profile
template/app/Http/Controllers/Account/ProfileVerificationController.php,ProfileVerificationController.php,.php,1608,profile
template/app/Http/Controllers/Admin/ProfileUpdateController.php,ProfileUpdateController.php,.php,1471,profile
template/app/Http/Controllers/Admin/ProfileVerificationQueueController.php,ProfileVerificationQueueController.php,.php,4648,profile
template/app/Http/Controllers/Admin/SocialProfileVerificationController.php,SocialProfileVerificationController.php,.php,7331,profile
template/app/Http/Controllers/Api/V1/ProfilePrivacyController.php,ProfilePrivacyController.php,.php,984,profile
template/app/Http/Controllers/Api/Wellbeing/WellbeingProfileController.php,WellbeingProfileController.php,.php,3071,profile
template/app/Http/Controllers/Api/WomenRealEstate/WomenAgentProfileController.php,WomenAgentProfileController.php,.php,1335,profile
template/app/Http/Controllers/Api/WomenRealEstate/WomenPersonaProfileController.php,WomenPersonaProfileController.php,.php,3115,profile
template/app/Http/Controllers/Frontend/CandidateProfileController.php,CandidateProfileController.php,.php,6611,profile
template/app/Http/Controllers/Frontend/CompanyProfileController.php,CompanyProfileController.php,.php,4466,profile
template/app/Http/Controllers/Frontend/ProfileCompletionController.php,ProfileCompletionController.php,.php,2682,profile
template/app/Http/Controllers/Frontend/Social/Concerns/ManagesSocialProfiles.php,ManagesSocialProfiles.php,.php,3082,profile
template/app/Http/Controllers/Frontend/Social/ProfileController.php,ProfileController.php,.php,27330,profile
template/app/Http/Controllers/Frontend/Social/ProfileVerificationController.php,ProfileVerificationController.php,.php,11545,profile
template/app/Http/Controllers/Member/MemberProfileController.php,MemberProfileController.php,.php,7219,profile
template/app/Http/Controllers/ProfileController.php,ProfileController.php,.php,1709,profile
template/app/Http/Controllers/TafeUniversity/ProfileController.php,ProfileController.php,.php,1964,profile
template/app/Http/Controllers/WomenRealEstate/AgentProfileController.php,AgentProfileController.php,.php,9252,profile
template/app/Http/Requests/Admin/ProfileVerificationDecisionRequest.php,ProfileVerificationDecisionRequest.php,.php,753,profile
template/app/Http/Requests/Frontend/CandidateBasicProfileUpdateRequest.php,CandidateBasicProfileUpdateRequest.php,.php,1565,profile
template/app/Http/Requests/Frontend/CandidateProfileInfoUpdateRequest.php,CandidateProfileInfoUpdateRequest.php,.php,719,profile
template/app/Http/Requests/Frontend/CandidateProfileRequest.php,CandidateProfileRequest.php,.php,548,profile
template/app/Http/Requests/Frontend/CandidateProfileVideoUploadRequest.php,CandidateProfileVideoUploadRequest.php,.php,0,profile
template/app/Http/Requests/Onboarding/UpdateProfileRequest.php,UpdateProfileRequest.php,.php,702,profile
template/app/Http/Requests/ProfileUpdateRequest.php,ProfileUpdateRequest.php,.php,898,profile
template/app/Http/Requests/Social/StoreSocialProfileVerificationRequest.php,StoreSocialProfileVerificationRequest.php,.php,1132,profile
template/app/Http/Requests/StoreProfileVerificationRequest.php,StoreProfileVerificationRequest.php,.php,1223,profile
template/app/Http/Requests/UpdateProfileSafetyRequest.php,UpdateProfileSafetyRequest.php,.php,1344,profile
template/app/Http/Resources/ProfileResource.php,ProfileResource.php,.php,1412,profile
template/app/Http/Resources/ProfileVerificationResource.php,ProfileVerificationResource.php,.php,2916,profile
template/app/Jobs/ProfileVerification/AutoSuspendExpiredVerificationsJob.php,AutoSuspendExpiredVerificationsJob.php,.php,5054,profile
template/app/Jobs/ProfileVerification/GenerateVerificationSummaryJob.php,GenerateVerificationSummaryJob.php,.php,1504,profile
template/app/Jobs/ProfileVerification/SendVerificationReminderJob.php,SendVerificationReminderJob.php,.php,2564,profile
template/app/Livewire/WomenRealEstate/Househunters/SeekerProfile.php,SeekerProfile.php,.php,3937,profile
template/app/Mail/ProfileIncompleteReminderMail.php,ProfileIncompleteReminderMail.php,.php,420,profile
template/app/Models/AgentProfile.php,AgentProfile.php,.php,3611,profile
template/app/Models/BudgetProfile.php,BudgetProfile.php,.php,4283,profile
template/app/Models/Business/BusinessProfile.php,BusinessProfile.php,.php,11669,profile
template/app/Models/Concerns/HasSocialProfile.php,HasSocialProfile.php,.php,291,profile
template/app/Models/MemberProfile.php,MemberProfile.php,.php,5483,profile
template/app/Models/Profile.php,Profile.php,.php,18028,profile
template/app/Models/ProfileBadge.php,ProfileBadge.php,.php,2390,profile
template/app/Models/ProfileBlock.php,ProfileBlock.php,.php,2090,profile
template/app/Models/ProfilePrivacyAudit.php,ProfilePrivacyAudit.php,.php,2409,profile
template/app/Models/ProfileVerification.php,ProfileVerification.php,.php,5865,profile
template/app/Models/ProfileVerificationDraft.php,ProfileVerificationDraft.php,.php,2592,profile
template/app/Models/SocialProfile.php,SocialProfile.php,.php,15772,profile
template/app/Models/SocialProfileVerification.php,SocialProfileVerification.php,.php,5258,profile
template/app/Models/TafeCareerProfile.php,TafeCareerProfile.php,.php,3191,profile
template/app/Models/WellbeingProfile.php,WellbeingProfile.php,.php,6001,profile
template/app/Models/WomenRealEstate/WomenAgentProfile.php,WomenAgentProfile.php,.php,4057,profile
template/app/Models/WomenRealEstate/WomenCohortProfile.php,WomenCohortProfile.php,.php,4167,profile
template/app/Models/WomenRealEstate/WomenPersonaProfile.php,WomenPersonaProfile.php,.php,10283,profile
template/app/Models/WomenRealEstate/WomenPersonaProfileAudit.php,WomenPersonaProfileAudit.php,.php,2593,profile
template/app/Notifications/ProfileVerification/ProfileVerificationReminderNotification.php,ProfileVerificationReminderNotification.php,.php,1164,profile
template/app/Notifications/ProfileVerification/ProfileVerificationSubmittedNotification.php,ProfileVerificationSubmittedNotification.php,.php,584,profile
template/app/Observers/SocialProfileObserver.php,SocialProfileObserver.php,.php,0,profile
template/app/Policies/AgentProfilePolicy.php,AgentProfilePolicy.php,.php,276,profile
template/app/Policies/SocialProfilePolicy.php,SocialProfilePolicy.php,.php,252,profile
template/app/Policies/SocialProfileVerificationPolicy.php,SocialProfileVerificationPolicy.php,.php,825,profile
template/app/Policies/WomenRealEstate/WomenCohortProfilePolicy.php,WomenCohortProfilePolicy.php,.php,715,profile
template/app/Services/Privacy/ProfilePrivacyAuditLogger.php,ProfilePrivacyAuditLogger.php,.php,746,profile
template/app/Services/Privacy/ProfilePrivacyService.php,ProfilePrivacyService.php,.php,3588,profile
template/app/Services/ProfileCompletionService.php,ProfileCompletionService.php,.php,25519,profile
template/app/Services/ProfileVerificationService.php,ProfileVerificationService.php,.php,23806,profile
template/app/Services/ProfileVerificationSummaryService.php,ProfileVerificationSummaryService.php,.php,4904,profile
template/app/Services/Social/SocialProfileProvisioner.php,SocialProfileProvisioner.php,.php,5182,profile
template/app/Support/ActiveProfile.php,ActiveProfile.php,.php,805,profile
template/app/Support/ActiveSocialProfile.php,ActiveSocialProfile.php,.php,1130,profile
template/app/Support/SocialProfileHelper.php,SocialProfileHelper.php,.php,0,profile
template/app/Support/SocialProfileResolver.php,SocialProfileResolver.php,.php,0,profile
template/app/Traits/CandidateProfileTrait.php,CandidateProfileTrait.php,.php,0,profile
template/config/profile-verification.php,profile-verification.php,.php,870,profile
template/config/profile_verification.php,profile_verification.php,.php,1829,profile
template/database/factories/AgentProfileFactory.php,AgentProfileFactory.php,.php,1508,profile
template/database/factories/ProfileFactory.php,ProfileFactory.php,.php,3117,profile
template/database/factories/ProfileVerificationFactory.php,ProfileVerificationFactory.php,.php,1688,profile
template/database/factories/SocialProfileFactory.php,SocialProfileFactory.php,.php,2953,profile
template/database/factories/SocialProfileVerificationFactory.php,SocialProfileVerificationFactory.php,.php,1432,profile
template/database/factories/WomenRealEstate/WomenCohortProfileFactory.php,WomenCohortProfileFactory.php,.php,892,profile
template/database/migrations/2025_11_04_000001_create_social_profiles_table.php,2025_11_04_000001_create_social_profiles_table.php,.php,1394,profile
template/database/migrations/2025_11_06_010200_add_profile_fields_to_users.php,2025_11_06_010200_add_profile_fields_to_users.php,.php,1079,profile
template/database/migrations/2025_11_07_122500_update_social_profiles_and_comments.php,2025_11_07_122500_update_social_profiles_and_comments.php,.php,2118,profile
template/database/migrations/2025_11_09_150500_ensure_onboarding_profile_columns_exist.php,2025_11_09_150500_ensure_onboarding_profile_columns_exist.php,.php,1265,profile
template/database/migrations/2025_11_11_101500_add_social_profile_fk_to_social_post_comments_table.php,2025_11_11_101500_add_social_profile_fk_to_social_post_comments_table.php,.php,873,profile
template/database/migrations/2025_11_11_120000_create_agent_profiles_table.php,2025_11_11_120000_create_agent_profiles_table.php,.php,1252,profile
template/database/migrations/2025_11_15_140000_add_user_reference_to_social_profiles_table.php,2025_11_15_140000_add_user_reference_to_social_profiles_table.php,.php,1742,profile
template/database/migrations/2025_11_16_120000_create_tafe_career_profiles_table.php,2025_11_16_120000_create_tafe_career_profiles_table.php,.php,1053,profile
template/database/migrations/2025_11_16_170000_create_business_profiles_table.php,2025_11_16_170000_create_business_profiles_table.php,.php,1545,profile
template/database/migrations/2025_11_16_171500_add_formation_questionnaire_to_business_profiles_table.php,2025_11_16_171500_add_formation_questionnaire_to_business_profiles_table.php,.php,588,profile
template/database/migrations/2025_11_17_000001_create_profiles_table.php,2025_11_17_000001_create_profiles_table.php,.php,2603,profile
template/database/migrations/2025_11_17_000002_add_active_profile_id_to_users_table.php,2025_11_17_000002_add_active_profile_id_to_users_table.php,.php,1095,profile
template/database/migrations/2025_11_17_000003_create_profile_verifications_table.php,2025_11_17_000003_create_profile_verifications_table.php,.php,1042,profile
template/database/migrations/2025_11_17_000004_create_profile_badges_table.php,2025_11_17_000004_create_profile_badges_table.php,.php,983,profile
template/database/migrations/2025_11_17_010400_create_profile_blocks_table.php,2025_11_17_010400_create_profile_blocks_table.php,.php,880,profile
template/database/migrations/2025_11_17_120000_add_verification_fields_to_social_profiles_table.php,2025_11_17_120000_add_verification_fields_to_social_profiles_table.php,.php,2485,profile
template/database/migrations/2025_11_17_120100_create_social_profile_verifications_table.php,2025_11_17_120100_create_social_profile_verifications_table.php,.php,1398,profile
template/database/migrations/2025_11_17_120500_add_switch_tracking_to_profiles_table.php,2025_11_17_120500_add_switch_tracking_to_profiles_table.php,.php,1255,profile
template/database/migrations/2025_11_17_130000_expand_profile_verifications_schema.php,2025_11_17_130000_expand_profile_verifications_schema.php,.php,4384,profile
template/database/migrations/2025_11_17_140000_create_profile_verification_drafts_table.php,2025_11_17_140000_create_profile_verification_drafts_table.php,.php,958,profile
template/database/migrations/2025_11_17_160000_add_social_profile_id_to_profiles_table.php,2025_11_17_160000_add_social_profile_id_to_profiles_table.php,.php,800,profile
template/database/migrations/2025_11_18_150700_create_women_persona_profiles_tables.php,2025_11_18_150700_create_women_persona_profiles_tables.php,.php,4523,profile
template/database/migrations/2025_11_20_100200_create_budget_profiles_table.php,2025_11_20_100200_create_budget_profiles_table.php,.php,1328,profile
template/database/migrations/2025_11_21_120000_update_women_persona_profiles_persona_enum.php,2025_11_21_120000_update_women_persona_profiles_persona_enum.php,.php,635,profile
template/database/migrations/2025_11_24_000900_create_wellbeing_profiles_table.php,2025_11_24_000900_create_wellbeing_profiles_table.php,.php,1310,profile
template/database/migrations/2025_11_24_120000_add_privacy_tier_to_profiles_table.php,2025_11_24_120000_add_privacy_tier_to_profiles_table.php,.php,1093,profile
template/database/migrations/2025_11_24_120100_add_persona_metadata_to_social_profiles_table.php,2025_11_24_120100_add_persona_metadata_to_social_profiles_table.php,.php,1298,profile
template/database/migrations/2025_11_24_121500_create_profile_privacy_audits_table.php,2025_11_24_121500_create_profile_privacy_audits_table.php,.php,1026,profile
template/database/migrations/2025_11_24_140500_add_referral_tracking_to_social_profile_verifications_table.php,2025_11_24_140500_add_referral_tracking_to_social_profile_verifications_table.php,.php,1221,profile
template/database/migrations/2025_11_24_180000_update_profile_enums_and_conversation_messages.php,2025_11_24_180000_update_profile_enums_and_conversation_messages.php,.php,1406,profile
template/database/migrations/2025_11_25_000200_add_participant_profile_type_to_users_table.php,2025_11_25_000200_add_participant_profile_type_to_users_table.php,.php,1268,profile
template/database/migrations/2025_11_28_120000_add_profile_video_columns_to_social_profiles.php,2025_11_28_120000_add_profile_video_columns_to_social_profiles.php,.php,1278,profile
template/database/migrations/2025_11_30_232902_create_member_profiles_tables.php,2025_11_30_232902_create_member_profiles_tables.php,.php,2609,profile
template/database/migrations/2025_11_30_235000_add_location_to_member_profiles_table.php,2025_11_30_235000_add_location_to_member_profiles_table.php,.php,635,profile
template/database/migrations/2025_11_30_235500_add_public_sector_fields_to_member_profiles.php,2025_11_30_235500_add_public_sector_fields_to_member_profiles.php,.php,976,profile
template/database/seeders/MemberProfileSeeder.php,MemberProfileSeeder.php,.php,235,profile
template/laravel-social-starter/laravel-social-starter/app/Http/Controllers/Social/ProfileController.php,ProfileController.php,.php,1812,profile
template/laravel-social-starter/laravel-social-starter/app/Models/Profile.php,Profile.php,.php,953,profile
template/laravel-social-starter/laravel-social-starter/app/Policies/ProfilePolicy.php,ProfilePolicy.php,.php,253,profile
template/laravel-social-starter/laravel-social-starter/database/migrations/2025_11_03_000002_create_profiles_table.php,2025_11_03_000002_create_profiles_table.php,.php,1040,profile
template/laravel-social-starter/laravel-social-starter/resources/views/social/profile/show.blade.php,show.blade.php,.php,1037,profile
template/public/profile_form.php,profile_form.php,.php,0,profile
template/public/save_profile.php,save_profile.php,.php,0,profile
template/resources/views/admin/profile-verifications/index.blade.php,index.blade.php,.php,5769,profile
template/resources/views/admin/profile-verifications/show.blade.php,show.blade.php,.php,9248,profile
template/resources/views/admin/profile/index.blade.php,index.blade.php,.php,4132,profile
template/resources/views/emails/candidate/profile-incomplete.blade.php,profile-incomplete.blade.php,.php,1932,profile
template/resources/views/frontend/candidate-dashboard/profile-completion/index.blade.php,index.blade.php,.php,22769,profile
template/resources/views/frontend/candidate-dashboard/profile/ajax-education-table.blade.php,ajax-education-table.blade.php,.php,575,profile
template/resources/views/frontend/candidate-dashboard/profile/ajax-experience-table.blade.php,ajax-experience-table.blade.php,.php,794,profile
template/resources/views/frontend/candidate-dashboard/profile/index.blade.php,index.blade.php,.php,23440,profile
template/resources/views/frontend/candidate-dashboard/profile/sections/account-section.blade.php,account-section.blade.php,.php,9215,profile
template/resources/views/frontend/candidate-dashboard/profile/sections/basic-section.blade.php,basic-section.blade.php,.php,4818,profile
template/resources/views/frontend/candidate-dashboard/profile/sections/experience-section.blade.php,experience-section.blade.php,.php,3382,profile
template/resources/views/frontend/candidate-dashboard/profile/sections/profile-section.blade.php,profile-section.blade.php,.php,5173,profile
template/resources/views/frontend/candidate-dashboard/profile/sections/showcase-section.blade.php,showcase-section.blade.php,.php,0,profile
template/resources/views/frontend/candidate-dashboard/profile/sections/video-section.blade.php,video-section.blade.php,.php,25305,profile
template/resources/views/frontend/candidate-dashboard/profile/sections/women-section.blade.php,women-section.blade.php,.php,14564,profile
template/resources/views/frontend/candidate-dashboard/profile/women-complete-form.blade.php,women-complete-form.blade.php,.php,0,profile
template/resources/views/frontend/company-dashboard/profile/index.blade.php,index.blade.php,.php,28304,profile
template/resources/views/frontend/components/ai-profile-assistant.blade.php,ai-profile-assistant.blade.php,.php,8456,profile
template/resources/views/frontend/social/profile/edit.blade.php,edit.blade.php,.php,12469,profile
template/resources/views/frontend/social/profile/show.blade.php,show.blade.php,.php,15900,profile
template/resources/views/livewire/women-real-estate/househunters/seeker-profile.blade.php,seeker-profile.blade.php,.php,7135,profile
template/resources/views/member/profile/edit.blade.php,edit.blade.php,.php,30431,profile
template/resources/views/profile/edit.blade.php,edit.blade.php,.php,969,profile
template/resources/views/profile/partials/delete-user-form.blade.php,delete-user-form.blade.php,.php,2140,profile
template/resources/views/profile/partials/update-profile-information-form.blade.php,update-profile-information-form.blade.php,.php,2822,profile
template/resources/views/social/profile/edit.blade.php,edit.blade.php,.php,23753,profile
template/resources/views/social/profile/followers.blade.php,followers.blade.php,.php,2737,profile
template/resources/views/social/profile/following.blade.php,following.blade.php,.php,2496,profile
template/resources/views/social/profile/show.blade.php,show.blade.php,.php,25000,profile
template/resources/views/social/profile/verification.blade.php,verification.blade.php,.php,7435,profile
template/resources/views/women/real-estate/agents/profile.blade.php,profile.blade.php,.php,76825,profile
template/resources/views/women/real-estate/househunters/profile.blade.php,profile.blade.php,.php,150,profile
viewstemplate/admin/profile-verifications/index.blade.php,index.blade.php,.php,5690,profile
viewstemplate/admin/profile-verifications/show.blade.php,show.blade.php,.php,9022,profile
viewstemplate/admin/profile/index.blade.php,index.blade.php,.php,4132,profile
viewstemplate/emails/candidate/profile-incomplete.blade.php,profile-incomplete.blade.php,.php,1932,profile
viewstemplate/frontend/candidate-dashboard/profile-completion/index.blade.php,index.blade.php,.php,22769,profile
viewstemplate/frontend/candidate-dashboard/profile/ajax-education-table.blade.php,ajax-education-table.blade.php,.php,575,profile
viewstemplate/frontend/candidate-dashboard/profile/ajax-experience-table.blade.php,ajax-experience-table.blade.php,.php,794,profile
viewstemplate/frontend/candidate-dashboard/profile/index.blade.php,index.blade.php,.php,23440,profile
viewstemplate/frontend/candidate-dashboard/profile/sections/account-section.blade.php,account-section.blade.php,.php,9215,profile
viewstemplate/frontend/candidate-dashboard/profile/sections/basic-section.blade.php,basic-section.blade.php,.php,4818,profile
viewstemplate/frontend/candidate-dashboard/profile/sections/experience-section.blade.php,experience-section.blade.php,.php,3382,profile
viewstemplate/frontend/candidate-dashboard/profile/sections/profile-section.blade.php,profile-section.blade.php,.php,5173,profile
viewstemplate/frontend/candidate-dashboard/profile/sections/showcase-section.blade.php,showcase-section.blade.php,.php,0,profile
viewstemplate/frontend/candidate-dashboard/profile/sections/video-section.blade.php,video-section.blade.php,.php,25305,profile
viewstemplate/frontend/candidate-dashboard/profile/sections/women-section.blade.php,women-section.blade.php,.php,14564,profile
viewstemplate/frontend/candidate-dashboard/profile/women-complete-form.blade.php,women-complete-form.blade.php,.php,0,profile
viewstemplate/frontend/company-dashboard/profile/index.blade.php,index.blade.php,.php,28304,profile
viewstemplate/frontend/components/ai-profile-assistant.blade.php,ai-profile-assistant.blade.php,.php,8456,profile
viewstemplate/frontend/social/profile/edit.blade.php,edit.blade.php,.php,12469,profile
viewstemplate/frontend/social/profile/show.blade.php,show.blade.php,.php,15900,profile
viewstemplate/livewire/women-real-estate/househunters/seeker-profile.blade.php,seeker-profile.blade.php,.php,7135,profile
viewstemplate/member/profile/edit.blade.php,edit.blade.php,.php,30431,profile
viewstemplate/profile/edit.blade.php,edit.blade.php,.php,969,profile
viewstemplate/profile/partials/delete-user-form.blade.php,delete-user-form.blade.php,.php,2140,profile
viewstemplate/profile/partials/update-profile-information-form.blade.php,update-profile-information-form.blade.php,.php,2822,profile
viewstemplate/social/profile/edit.blade.php,edit.blade.php,.php,23753,profile
viewstemplate/social/profile/followers.blade.php,followers.blade.php,.php,2737,profile
viewstemplate/social/profile/following.blade.php,following.blade.php,.php,2496,profile
viewstemplate/social/profile/show.blade.php,show.blade.php,.php,25000,profile
viewstemplate/social/profile/verification.blade.php,verification.blade.php,.php,7435,profile
viewstemplate/women/real-estate/agents/profile.blade.php,profile.blade.php,.php,76825,profile
viewstemplate/women/real-estate/househunters/profile.blade.php,profile.blade.php,.php,150,profile
code/.tmp/laravel-social-starter/laravel-social-starter/app/Http/Controllers/Social/CommentController.php,CommentController.php,.php,704,social
code/.tmp/laravel-social-starter/laravel-social-starter/app/Http/Controllers/Social/FeedController.php,FeedController.php,.php,467,social
code/.tmp/laravel-social-starter/laravel-social-starter/app/Http/Controllers/Social/FollowController.php,FollowController.php,.php,1019,social
code/.tmp/laravel-social-starter/laravel-social-starter/app/Http/Controllers/Social/PostController.php,PostController.php,.php,2000,social
code/.tmp/laravel-social-starter/laravel-social-starter/app/Http/Controllers/Social/ReactionController.php,ReactionController.php,.php,671,social
code/.tmp/laravel-social-starter/laravel-social-starter/app/Models/Comment.php,Comment.php,.php,608,social
code/.tmp/laravel-social-starter/laravel-social-starter/app/Models/Organization.php,Organization.php,.php,793,social
code/.tmp/laravel-social-starter/laravel-social-starter/app/Models/Post.php,Post.php,.php,927,social
code/.tmp/laravel-social-starter/laravel-social-starter/app/Models/Reaction.php,Reaction.php,.php,450,social
code/.tmp/laravel-social-starter/laravel-social-starter/app/Policies/PostPolicy.php,PostPolicy.php,.php,368,social
code/.tmp/laravel-social-starter/laravel-social-starter/app/Providers/SocialServiceProvider.php,SocialServiceProvider.php,.php,418,social
code/.tmp/laravel-social-starter/laravel-social-starter/app/Services/Ai/Ai.php,Ai.php,.php,310,social
code/.tmp/laravel-social-starter/laravel-social-starter/app/Services/Ai/DummyAiService.php,DummyAiService.php,.php,659,social
code/.tmp/laravel-social-starter/laravel-social-starter/app/helpers.php,helpers.php,.php,190,social
code/.tmp/laravel-social-starter/laravel-social-starter/config/ai.php,ai.php,.php,145,social
code/.tmp/laravel-social-starter/laravel-social-starter/database/factories/PostFactory.php,PostFactory.php,.php,331,social
code/.tmp/laravel-social-starter/laravel-social-starter/database/migrations/2025_11_03_000001_create_organizations_table.php,2025_11_03_000001_create_organizations_table.php,.php,876,social
code/.tmp/laravel-social-starter/laravel-social-starter/database/migrations/2025_11_03_000003_create_posts_table.php,2025_11_03_000003_create_posts_table.php,.php,1008,social
code/.tmp/laravel-social-starter/laravel-social-starter/database/migrations/2025_11_03_000004_create_reactions_table.php,2025_11_03_000004_create_reactions_table.php,.php,759,social
code/.tmp/laravel-social-starter/laravel-social-starter/database/migrations/2025_11_03_000005_create_comments_table.php,2025_11_03_000005_create_comments_table.php,.php,734,social
code/.tmp/laravel-social-starter/laravel-social-starter/database/migrations/2025_11_03_000006_create_follows_table.php,2025_11_03_000006_create_follows_table.php,.php,601,social
code/.tmp/laravel-social-starter/laravel-social-starter/database/seeders/SocialDemoSeeder.php,SocialDemoSeeder.php,.php,835,social
code/.tmp/laravel-social-starter/laravel-social-starter/resources/views/layouts/social.blade.php,social.blade.php,.php,749,social
code/.tmp/laravel-social-starter/laravel-social-starter/resources/views/social/feed/index.blade.php,index.blade.php,.php,221,social
code/.tmp/laravel-social-starter/laravel-social-starter/resources/views/social/partials/post-card.blade.php,post-card.blade.php,.php,2138,social
code/.tmp/laravel-social-starter/laravel-social-starter/resources/views/social/post/create.blade.php,create.blade.php,.php,913,social
code/.tmp/laravel-social-starter/laravel-social-starter/routes/social.php,social.php,.php,1819,social
code/app/Console/Commands/RunSocialSchemaBackfill.php,RunSocialSchemaBackfill.php,.php,0,social
code/app/Console/Commands/Social/BackfillExtendedSocialMetrics.php,BackfillExtendedSocialMetrics.php,.php,2494,social
code/app/Console/Commands/Social/BackfillInviteGraphContactsCommand.php,BackfillInviteGraphContactsCommand.php,.php,3461,social
code/app/Console/Commands/Social/ComputeDailySocialMetrics.php,ComputeDailySocialMetrics.php,.php,564,social
code/app/Contracts/Social/FeedRanker.php,FeedRanker.php,.php,627,social
code/app/Enums/SocialMessageReportStatus.php,SocialMessageReportStatus.php,.php,204,social
code/app/Enums/SocialMessageRequestStatus.php,SocialMessageRequestStatus.php,.php,236,social
code/app/Enums/SocialMessageStatus.php,SocialMessageStatus.php,.php,236,social
code/app/Enums/SocialMessageTemplateVisibility.php,SocialMessageTemplateVisibility.php,.php,172,social
code/app/Enums/SocialMessageType.php,SocialMessageType.php,.php,273,social
code/app/Enums/SocialThreadParticipantRole.php,SocialThreadParticipantRole.php,.php,162,social
code/app/Enums/SocialThreadParticipantStatus.php,SocialThreadParticipantStatus.php,.php,218,social
code/app/Enums/SocialThreadRequestMode.php,SocialThreadRequestMode.php,.php,184,social
code/app/Enums/SocialThreadStatus.php,SocialThreadStatus.php,.php,189,social
code/app/Enums/SocialThreadType.php,SocialThreadType.php,.php,240,social
code/app/Enums/SocialVerificationStatus.php,SocialVerificationStatus.php,.php,366,social
code/app/Events/PostCreated.php,PostCreated.php,.php,1042,social
code/app/Events/Social/EngagementMetricUpdated.php,EngagementMetricUpdated.php,.php,424,social
code/app/Http/Controllers/Admin/SocialIconController.php,SocialIconController.php,.php,2588,social
code/app/Http/Controllers/Admin/SocialMetricsDashboardController.php,SocialMetricsDashboardController.php,.php,4261,social
code/app/Http/Controllers/Admin/SocialModerationController.php,SocialModerationController.php,.php,12783,social
code/app/Http/Controllers/Admin/SocialOperationsConsoleController.php,SocialOperationsConsoleController.php,.php,618,social
code/app/Http/Controllers/Api/V1/Messaging/ConversationReactionController.php,ConversationReactionController.php,.php,2330,social
code/app/Http/Controllers/Api/V1/PropertySocialController.php,PropertySocialController.php,.php,10622,social
code/app/Http/Controllers/Api/V1/RentalSocialNetworkController.php,RentalSocialNetworkController.php,.php,12789,social
code/app/Http/Controllers/Api/V1/SocialApiController.php,SocialApiController.php,.php,6987,social
code/app/Http/Controllers/Api/V1/SocialDataBackboneController.php,SocialDataBackboneController.php,.php,1032,social
code/app/Http/Controllers/Api/V1/SocialFeedController.php,SocialFeedController.php,.php,6299,social
code/app/Http/Controllers/Api/V1/SocialImportController.php,SocialImportController.php,.php,851,social
code/app/Http/Controllers/Api/V1/SocialIntegrationController.php,SocialIntegrationController.php,.php,1863,social
code/app/Http/Controllers/Api/V1/SocialInviteController.php,SocialInviteController.php,.php,3716,social
code/app/Http/Controllers/Api/V1/SocialPostController.php,SocialPostController.php,.php,5132,social
code/app/Http/Controllers/Api/V1/SocialShareController.php,SocialShareController.php,.php,1179,social
code/app/Http/Controllers/Api/WomenRealEstate/WomenListingSocialShareController.php,WomenListingSocialShareController.php,.php,1230,social
code/app/Http/Controllers/Api/WomenRealEstate/WomenSocialNetworkController.php,WomenSocialNetworkController.php,.php,5751,social
code/app/Http/Controllers/Business/PostController.php,PostController.php,.php,2266,social
code/app/Http/Controllers/Frontend/CandidatePostsController.php,CandidatePostsController.php,.php,0,social
code/app/Http/Controllers/Frontend/SmartJobPostingController.php,SmartJobPostingController.php,.php,8199,social
code/app/Http/Controllers/Frontend/Social/AiAssistController.php,AiAssistController.php,.php,1347,social
code/app/Http/Controllers/Frontend/Social/AiAssistExtendedController.php,AiAssistExtendedController.php,.php,7033,social
code/app/Http/Controllers/Frontend/Social/FollowController.php,FollowController.php,.php,3956,social
code/app/Http/Controllers/Frontend/Social/NotificationPreferenceController.php,NotificationPreferenceController.php,.php,2361,social
code/app/Http/Controllers/Frontend/Social/PostController.php,PostController.php,.php,35458,social
code/app/Http/Controllers/Frontend/SocialFeedController.php,SocialFeedController.php,.php,15903,social
code/app/Http/Controllers/Frontend/SocialShareController.php,SocialShareController.php,.php,0,social
code/app/Http/Controllers/Org/OrgPostController.php,OrgPostController.php,.php,1109,social
code/app/Http/Controllers/PostController.php,PostController.php,.php,5054,social
code/app/Http/Controllers/PublicSector/AgencyFollowController.php,AgencyFollowController.php,.php,1561,social
code/app/Http/Controllers/Social/AiAssistController.php,AiAssistController.php,.php,2775,social
code/app/Http/Controllers/Social/AiAssistExtendedController.php,AiAssistExtendedController.php,.php,5587,social
code/app/Http/Controllers/Social/ConnectionsController.php,ConnectionsController.php,.php,13945,social
code/app/Http/Controllers/Social/IncidentReportController.php,IncidentReportController.php,.php,8973,social
code/app/Http/Controllers/Social/MentorModerationController.php,MentorModerationController.php,.php,1069,social
code/app/Http/Controllers/SocialGraphController.php,SocialGraphController.php,.php,4933,social
code/app/Http/Requests/Messaging/StoreMessageReactionRequest.php,StoreMessageReactionRequest.php,.php,321,social
code/app/Http/Requests/WomenRealEstate/WomenListingSocialShareStoreRequest.php,WomenListingSocialShareStoreRequest.php,.php,715,social
code/app/Http/Resources/SocialGraphContactResource.php,SocialGraphContactResource.php,.php,0,social
code/app/Jobs/ProcessPostMedia.php,ProcessPostMedia.php,.php,9478,social
code/app/Jobs/Social/ContactSyncIngestJob.php,ContactSyncIngestJob.php,.php,5295,social
code/app/Jobs/Social/DisburseCreatorPayoutsJob.php,DisburseCreatorPayoutsJob.php,.php,728,social
code/app/Jobs/Social/FinalizeSocialImportJob.php,FinalizeSocialImportJob.php,.php,815,social
code/app/Jobs/Social/SendInvitationNudgeJob.php,SendInvitationNudgeJob.php,.php,645,social
code/app/Jobs/Social/SendInviteNudgeJob.php,SendInviteNudgeJob.php,.php,679,social
code/app/Jobs/Social/StreamEngagementIngestJob.php,StreamEngagementIngestJob.php,.php,626,social
code/app/Jobs/Social/WarehouseAnalyticsExportJob.php,WarehouseAnalyticsExportJob.php,.php,842,social
code/app/Jobs/WomenRealEstate/GenerateHousingListingSocialShareJob.php,GenerateHousingListingSocialShareJob.php,.php,857,social
code/app/Jobs/WomenRealEstate/GenerateListingSocialShareJob.php,GenerateListingSocialShareJob.php,.php,1583,social
code/app/Listeners/Social/DispatchEngagementAiHooks.php,DispatchEngagementAiHooks.php,.php,288,social
code/app/Listeners/WomenRealEstate/ScheduleListingSocialAmplification.php,ScheduleListingSocialAmplification.php,.php,536,social
code/app/Livewire/WomenRealEstate/Onboarding/SocialStream.php,SocialStream.php,.php,6071,social
code/app/Livewire/WomenRealEstate/Social/NetworkConnections.php,NetworkConnections.php,.php,0,social
code/app/Mail/SocialInviteMail.php,SocialInviteMail.php,.php,1162,social
code/app/Models/OrgFollower.php,OrgFollower.php,.php,1608,social
code/app/Models/OrgPost.php,OrgPost.php,.php,3438,social
code/app/Models/Post.php,Post.php,.php,7334,social
code/app/Models/PostComment.php,PostComment.php,.php,2003,social
code/app/Models/PostLike.php,PostLike.php,.php,1681,social
code/app/Models/PropertySocialPost.php,PropertySocialPost.php,.php,4617,social
code/app/Models/SocialAccount.php,SocialAccount.php,.php,3034,social
code/app/Models/SocialBlock.php,SocialBlock.php,.php,3269,social
code/app/Models/SocialBlockList.php,SocialBlockList.php,.php,2989,social
code/app/Models/SocialBlockListEntry.php,SocialBlockListEntry.php,.php,3002,social
code/app/Models/SocialComment.php,SocialComment.php,.php,4965,social
code/app/Models/SocialEnforcementAction.php,SocialEnforcementAction.php,.php,4230,social
code/app/Models/SocialFollow.php,SocialFollow.php,.php,2558,social
code/app/Models/SocialGraphContact.php,SocialGraphContact.php,.php,5808,social
code/app/Models/SocialIcon.php,SocialIcon.php,.php,1230,social
code/app/Models/SocialImportJob.php,SocialImportJob.php,.php,3266,social
code/app/Models/SocialIntegration.php,SocialIntegration.php,.php,3620,social
code/app/Models/SocialLike.php,SocialLike.php,.php,2764,social
code/app/Models/SocialLiveStream.php,SocialLiveStream.php,.php,5358,social
code/app/Models/SocialLiveStreamGift.php,SocialLiveStreamGift.php,.php,2676,social
code/app/Models/SocialLiveStreamMetric.php,SocialLiveStreamMetric.php,.php,2600,social
code/app/Models/SocialMedia.php,SocialMedia.php,.php,5155,social
code/app/Models/SocialMessage.php,SocialMessage.php,.php,6692,social
code/app/Models/SocialMessageAttachment.php,SocialMessageAttachment.php,.php,4343,social
code/app/Models/SocialMessageReaction.php,SocialMessageReaction.php,.php,1993,social
code/app/Models/SocialMessageRead.php,SocialMessageRead.php,.php,2715,social
code/app/Models/SocialMessageReport.php,SocialMessageReport.php,.php,4296,social
code/app/Models/SocialMessageRequest.php,SocialMessageRequest.php,.php,4276,social
code/app/Models/SocialMessageShare.php,SocialMessageShare.php,.php,2865,social
code/app/Models/SocialMessageTemplate.php,SocialMessageTemplate.php,.php,4118,social
code/app/Models/SocialMetricsDaily.php,SocialMetricsDaily.php,.php,3780,social
code/app/Models/SocialModerationEvent.php,SocialModerationEvent.php,.php,2409,social
code/app/Models/SocialNotificationPreference.php,SocialNotificationPreference.php,.php,3455,social
code/app/Models/SocialPost.php,SocialPost.php,.php,12411,social
code/app/Models/SocialPostCollection.php,SocialPostCollection.php,.php,2835,social
code/app/Models/SocialPostCollectionItem.php,SocialPostCollectionItem.php,.php,2545,social
code/app/Models/SocialPostComment.php,SocialPostComment.php,.php,3470,social
code/app/Models/SocialPostImpression.php,SocialPostImpression.php,.php,2449,social
code/app/Models/SocialPostMedia.php,SocialPostMedia.php,.php,3049,social
code/app/Models/SocialPostPoll.php,SocialPostPoll.php,.php,3624,social
code/app/Models/SocialPostPollOption.php,SocialPostPollOption.php,.php,2574,social
code/app/Models/SocialPostPollVote.php,SocialPostPollVote.php,.php,3022,social
code/app/Models/SocialPostProgress.php,SocialPostProgress.php,.php,2710,social
code/app/Models/SocialPostReaction.php,SocialPostReaction.php,.php,2403,social
code/app/Models/SocialPostReport.php,SocialPostReport.php,.php,2984,social
code/app/Models/SocialPostSave.php,SocialPostSave.php,.php,1707,social
code/app/Models/SocialPostShare.php,SocialPostShare.php,.php,2665,social
code/app/Models/SocialReport.php,SocialReport.php,.php,3935,social
code/app/Models/SocialSensitiveTerm.php,SocialSensitiveTerm.php,.php,2480,social
code/app/Models/SocialThread.php,SocialThread.php,.php,6031,social
code/app/Models/SocialThreadBinding.php,SocialThreadBinding.php,.php,2377,social
code/app/Models/SocialThreadParticipant.php,SocialThreadParticipant.php,.php,4684,social
code/app/Models/SocialTransparencyLog.php,SocialTransparencyLog.php,.php,3099,social
code/app/Models/WomenRealEstate/WomenListingSocialShare.php,WomenListingSocialShare.php,.php,2808,social
code/app/Models/WomenRealEstate/WomenSocialNetworkConnection.php,WomenSocialNetworkConnection.php,.php,3424,social
code/app/Notifications/Social/MediaScanFailedNotification.php,MediaScanFailedNotification.php,.php,681,social
code/app/Notifications/Social/SocialVerificationDecisionNotification.php,SocialVerificationDecisionNotification.php,.php,1378,social
code/app/Notifications/Social/SocialVerificationSubmissionNotification.php,SocialVerificationSubmissionNotification.php,.php,609,social
code/app/Observers/SocialFollowObserver.php,SocialFollowObserver.php,.php,847,social
code/app/Observers/SocialLiveStreamObserver.php,SocialLiveStreamObserver.php,.php,772,social
code/app/Observers/SocialPostCommentObserver.php,SocialPostCommentObserver.php,.php,866,social
code/app/Observers/SocialPostMediaObserver.php,SocialPostMediaObserver.php,.php,141,social
code/app/Observers/SocialPostObserver.php,SocialPostObserver.php,.php,669,social
code/app/Observers/SocialPostPollObserver.php,SocialPostPollObserver.php,.php,583,social
code/app/Observers/SocialPostReactionObserver.php,SocialPostReactionObserver.php,.php,919,social
code/app/Policies/SocialPostPolicy.php,SocialPostPolicy.php,.php,4714,social
code/app/Services/SmartJobPostingService.php,SmartJobPostingService.php,.php,18521,social
code/app/Services/Social/CircleDiscoveryService.php,CircleDiscoveryService.php,.php,2753,social
code/app/Services/Social/ConnectionAnalyticsService.php,ConnectionAnalyticsService.php,.php,4299,social
code/app/Services/Social/ContactSyncService.php,ContactSyncService.php,.php,6879,social
code/app/Services/Social/DeviceCaptureConsentService.php,DeviceCaptureConsentService.php,.php,1662,social
code/app/Services/Social/EntertainmentService.php,EntertainmentService.php,.php,8341,social
code/app/Services/Social/FeedGeneratorService.php,FeedGeneratorService.php,.php,20710,social
code/app/Services/Social/FeedMatcher.php,FeedMatcher.php,.php,11737,social
code/app/Services/Social/GuardianSignalService.php,GuardianSignalService.php,.php,2692,social
code/app/Services/Social/InviteDispatchService.php,InviteDispatchService.php,.php,18815,social
code/app/Services/Social/LinkImportService.php,LinkImportService.php,.php,10255,social
code/app/Services/Social/MediaScanService.php,MediaScanService.php,.php,3545,social
code/app/Services/Social/MediaUploadService.php,MediaUploadService.php,.php,12978,social
code/app/Services/Social/MentorModerationService.php,MentorModerationService.php,.php,6512,social
code/app/Services/Social/Ranking/DefaultFeedRanker.php,DefaultFeedRanker.php,.php,5162,social
code/app/Services/Social/SchemaBackfillService.php,SchemaBackfillService.php,.php,0,social
code/app/Services/Social/SocialCircleService.php,SocialCircleService.php,.php,5665,social
code/app/Services/Social/SocialEngagementAiBridge.php,SocialEngagementAiBridge.php,.php,251,social
code/app/Services/Social/SocialGraphService.php,SocialGraphService.php,.php,10231,social
code/app/Services/Social/SocialInsightsService.php,SocialInsightsService.php,.php,68335,social
code/app/Services/Social/SocialIntegrationService.php,SocialIntegrationService.php,.php,6655,social
code/app/Services/Social/SocialMessagingService.php,SocialMessagingService.php,.php,6664,social
code/app/Services/Social/SocialMetricsAggregationService.php,SocialMetricsAggregationService.php,.php,14210,social
code/app/Services/Social/SocialMetricsEtlPipeline.php,SocialMetricsEtlPipeline.php,.php,1576,social
code/app/Services/Social/SocialMetricsHeatmapService.php,SocialMetricsHeatmapService.php,.php,5059,social
code/app/Services/Social/SocialNotificationService.php,SocialNotificationService.php,.php,7426,social
code/app/Services/Social/SocialPrivacyService.php,SocialPrivacyService.php,.php,6354,social
code/app/Services/Social/SocialShareService.php,SocialShareService.php,.php,2477,social
code/app/Services/SocialDataBackboneService.php,SocialDataBackboneService.php,.php,20313,social
code/app/Services/SocialFeedService.php,SocialFeedService.php,.php,15074,social
code/app/Services/SocialInteractionService.php,SocialInteractionService.php,.php,13906,social
code/app/Services/SocialModerationService.php,SocialModerationService.php,.php,4322,social
code/app/Services/SocialPostModerationPipeline.php,SocialPostModerationPipeline.php,.php,0,social
code/app/Services/WomenRealEstate/WomenHousingListingSocialShareService.php,WomenHousingListingSocialShareService.php,.php,1516,social
code/app/Services/WomenRealEstate/WomenListingSocialShareService.php,WomenListingSocialShareService.php,.php,875,social
code/app/Support/SocialMediaStorage.php,SocialMediaStorage.php,.php,1698,social
code/app/Support/SocialMetrics.php,SocialMetrics.php,.php,3819,social
code/app/Support/SocialPostFormatter.php,SocialPostFormatter.php,.php,17035,social
code/app/Support/SocialPostPresenter.php,SocialPostPresenter.php,.php,0,social
code/app/Support/SocialReels.php,SocialReels.php,.php,2970,social
code/config/social.php,social.php,.php,14159,social
code/config/social_invites.php,social_invites.php,.php,2842,social
code/config/social_messaging.php,social_messaging.php,.php,4317,social
code/database/factories/OrgFollowerFactory.php,OrgFollowerFactory.php,.php,618,social
code/database/factories/OrgPostFactory.php,OrgPostFactory.php,.php,1063,social
code/database/factories/PostFactory.php,PostFactory.php,.php,1488,social
code/database/factories/SocialCommentFactory.php,SocialCommentFactory.php,.php,1391,social
code/database/factories/SocialFollowFactory.php,SocialFollowFactory.php,.php,880,social
code/database/factories/SocialGraphContactFactory.php,SocialGraphContactFactory.php,.php,1451,social
code/database/factories/SocialIntegrationFactory.php,SocialIntegrationFactory.php,.php,1238,social
code/database/factories/SocialLikeFactory.php,SocialLikeFactory.php,.php,1028,social
code/database/factories/SocialMediaFactory.php,SocialMediaFactory.php,.php,1920,social
code/database/factories/SocialMessageFactory.php,SocialMessageFactory.php,.php,1450,social
code/database/factories/SocialMessageRequestFactory.php,SocialMessageRequestFactory.php,.php,1323,social
code/database/factories/SocialPostCommentFactory.php,SocialPostCommentFactory.php,.php,2126,social
code/database/factories/SocialPostFactory.php,SocialPostFactory.php,.php,4187,social
code/database/factories/SocialPostImpressionFactory.php,SocialPostImpressionFactory.php,.php,1023,social
code/database/factories/SocialPostMediaFactory.php,SocialPostMediaFactory.php,.php,1504,social
code/database/factories/SocialPostReactionFactory.php,SocialPostReactionFactory.php,.php,1541,social
code/database/factories/SocialThreadFactory.php,SocialThreadFactory.php,.php,1613,social
code/database/factories/SocialThreadParticipantFactory.php,SocialThreadParticipantFactory.php,.php,1364,social
code/database/factories/WomenRealEstate/WomenListingSocialShareFactory.php,WomenListingSocialShareFactory.php,.php,1370,social
code/database/factories/WomenRealEstate/WomenSocialNetworkConnectionFactory.php,WomenSocialNetworkConnectionFactory.php,.php,1516,social
code/database/migrations/2024_01_20_000001_create_social_integration_tables.php,2024_01_20_000001_create_social_integration_tables.php,.php,2197,social
code/database/migrations/2024_02_01_041322_create_social_icons_table.php,2024_02_01_041322_create_social_icons_table.php,.php,699,social
code/database/migrations/2025_04_create_rental_social_networks_table.php,2025_04_create_rental_social_networks_table.php,.php,1645,social
code/database/migrations/2025_10_05_122321_create_social_impact_tables.php,2025_10_05_122321_create_social_impact_tables.php,.php,640,social
code/database/migrations/2025_10_24_000002_create_posts_table.php,2025_10_24_000002_create_posts_table.php,.php,748,social
code/database/migrations/2025_10_24_000003_create_post_comments_table.php,2025_10_24_000003_create_post_comments_table.php,.php,989,social
code/database/migrations/2025_10_24_000030_create_post_comments_table.php,2025_10_24_000030_create_post_comments_table.php,.php,989,social
code/database/migrations/2025_10_27_120100_add_social_links_to_candidates_table.php,2025_10_27_120100_add_social_links_to_candidates_table.php,.php,1557,social
code/database/migrations/2025_10_29_001000_create_social_posts_table.php,2025_10_29_001000_create_social_posts_table.php,.php,1427,social
code/database/migrations/2025_10_29_001010_create_social_post_media_table.php,2025_10_29_001010_create_social_post_media_table.php,.php,921,social
code/database/migrations/2025_10_29_001020_create_social_post_reactions_table.php,2025_10_29_001020_create_social_post_reactions_table.php,.php,891,social
code/database/migrations/2025_10_29_001030_create_social_post_comments_table.php,2025_10_29_001030_create_social_post_comments_table.php,.php,1081,social
code/database/migrations/2025_10_29_001040_create_social_follows_table.php,2025_10_29_001040_create_social_follows_table.php,.php,930,social
code/database/migrations/2025_10_29_001050_create_social_post_impressions_table.php,2025_10_29_001050_create_social_post_impressions_table.php,.php,1068,social
code/database/migrations/2025_10_29_001060_create_social_moderation_events_table.php,2025_10_29_001060_create_social_moderation_events_table.php,.php,1035,social
code/database/migrations/2025_10_29_001070_create_social_post_reports_table.php,2025_10_29_001070_create_social_post_reports_table.php,.php,1249,social
code/database/migrations/2025_10_30_000004_create_org_posts_table.php,2025_10_30_000004_create_org_posts_table.php,.php,1152,social
code/database/migrations/2025_10_30_000005_create_org_followers_table.php,2025_10_30_000005_create_org_followers_table.php,.php,610,social
code/database/migrations/2025_11_03_201500_add_social_posting_columns_to_plans_table.php,2025_11_03_201500_add_social_posting_columns_to_plans_table.php,.php,1544,social
code/database/migrations/2025_11_03_201600_add_social_targeting_columns_to_posts_table.php,2025_11_03_201600_add_social_targeting_columns_to_posts_table.php,.php,1803,social
code/database/migrations/2025_11_04_150000_create_post_likes_table.php,2025_11_04_150000_create_post_likes_table.php,.php,700,social
code/database/migrations/2025_11_07_120000_align_social_schema.php,2025_11_07_120000_align_social_schema.php,.php,19644,social
code/database/migrations/2025_11_07_121000_backfill_social_schema.php,2025_11_07_121000_backfill_social_schema.php,.php,6795,social
code/database/migrations/2025_11_11_100000_create_social_accounts_table.php,2025_11_11_100000_create_social_accounts_table.php,.php,1123,social
code/database/migrations/2025_11_15_000001_create_social_posts_table.php,2025_11_15_000001_create_social_posts_table.php,.php,1997,social
code/database/migrations/2025_11_15_000002_create_social_media_table.php,2025_11_15_000002_create_social_media_table.php,.php,1212,social
code/database/migrations/2025_11_15_000003_create_social_follows_table.php,2025_11_15_000003_create_social_follows_table.php,.php,1057,social
code/database/migrations/2025_11_15_000004_create_social_likes_table.php,2025_11_15_000004_create_social_likes_table.php,.php,881,social
code/database/migrations/2025_11_15_000005_create_social_comments_table.php,2025_11_15_000005_create_social_comments_table.php,.php,1281,social
code/database/migrations/2025_11_15_005_create_women_social_network_connections_table.php,2025_11_15_005_create_women_social_network_connections_table.php,.php,1306,social
code/database/migrations/2025_11_15_104500_rename_comment_column_on_social_comments.php,2025_11_15_104500_rename_comment_column_on_social_comments.php,.php,900,social
code/database/migrations/2025_11_15_200000_create_social_post_saves_table.php,2025_11_15_200000_create_social_post_saves_table.php,.php,868,social
code/database/migrations/2025_11_16_000100_optimize_social_feed_indexes.php,2025_11_16_000100_optimize_social_feed_indexes.php,.php,4069,social
code/database/migrations/2025_11_18_090000_update_social_likes_with_reactions.php,2025_11_18_090000_update_social_likes_with_reactions.php,.php,2371,social
code/database/migrations/2025_11_18_091000_create_social_post_shares_table.php,2025_11_18_091000_create_social_post_shares_table.php,.php,1181,social
code/database/migrations/2025_11_18_092000_create_social_notification_preferences_table.php,2025_11_18_092000_create_social_notification_preferences_table.php,.php,729,social
code/database/migrations/2025_11_18_155900_create_social_message_templates_table.php,2025_11_18_155900_create_social_message_templates_table.php,.php,1321,social
code/database/migrations/2025_11_18_160000_create_social_threads_table.php,2025_11_18_160000_create_social_threads_table.php,.php,1383,social
code/database/migrations/2025_11_18_160100_create_social_thread_participants_table.php,2025_11_18_160100_create_social_thread_participants_table.php,.php,1523,social
code/database/migrations/2025_11_18_160200_create_social_messages_table.php,2025_11_18_160200_create_social_messages_table.php,.php,2013,social
code/database/migrations/2025_11_18_160300_create_social_message_attachments_table.php,2025_11_18_160300_create_social_message_attachments_table.php,.php,1441,social
code/database/migrations/2025_11_18_160400_create_social_message_reads_table.php,2025_11_18_160400_create_social_message_reads_table.php,.php,1030,social
code/database/migrations/2025_11_18_160600_create_social_message_requests_table.php,2025_11_18_160600_create_social_message_requests_table.php,.php,1503,social
code/database/migrations/2025_11_18_160700_create_social_message_reports_table.php,2025_11_18_160700_create_social_message_reports_table.php,.php,1397,social
code/database/migrations/2025_11_18_160800_create_social_message_reactions_table.php,2025_11_18_160800_create_social_message_reactions_table.php,.php,904,social
code/database/migrations/2025_11_18_160900_create_social_message_shares_table.php,2025_11_18_160900_create_social_message_shares_table.php,.php,1019,social
code/database/migrations/2025_11_19_130000_expand_social_moderation_schema.php,2025_11_19_130000_expand_social_moderation_schema.php,.php,4615,social
code/database/migrations/2025_11_24_123000_create_social_metrics_daily_table.php,2025_11_24_123000_create_social_metrics_daily_table.php,.php,1278,social
code/database/migrations/2025_11_24_190100_add_cohort_tags_to_social_metrics_daily_table.php,2025_11_24_190100_add_cohort_tags_to_social_metrics_daily_table.php,.php,937,social
code/database/migrations/2025_11_24_191000_add_extended_heatmap_columns_to_social_metrics_daily_table.php,2025_11_24_191000_add_extended_heatmap_columns_to_social_metrics_daily_table.php,.php,1522,social
code/database/migrations/2025_11_26_120500_create_social_graph_contacts_table.php,2025_11_26_120500_create_social_graph_contacts_table.php,.php,2925,social
code/database/migrations/2025_11_27_120100_create_social_integrations_table.php,2025_11_27_120100_create_social_integrations_table.php,.php,1224,social
code/database/migrations/2025_11_27_120200_create_social_import_jobs_table.php,2025_11_27_120200_create_social_import_jobs_table.php,.php,1277,social
code/database/migrations/2025_11_29_000002_update_social_posts_enum.php,2025_11_29_000002_update_social_posts_enum.php,.php,822,social
code/database/migrations/2025_11_29_131601_add_entertainment_indexes_to_social_posts_table.php,2025_11_29_131601_add_entertainment_indexes_to_social_posts_table.php,.php,752,social
code/database/migrations/2025_11_29_131605_create_social_post_progress_table.php,2025_11_29_131605_create_social_post_progress_table.php,.php,1029,social
code/database/migrations/2025_11_29_163000_update_social_posts_enum.php,2025_11_29_163000_update_social_posts_enum.php,.php,1028,social
code/database/migrations/2025_11_29_170000_fix_social_posts_enum_merge.php,2025_11_29_170000_fix_social_posts_enum_merge.php,.php,1110,social
code/database/migrations/2025_12_01_000000_add_moderation_fields_to_posts.php,2025_12_01_000000_add_moderation_fields_to_posts.php,.php,733,social
code/database/seeders/SocialMetricsDailySeeder.php,SocialMetricsDailySeeder.php,.php,306,social
code/database/seeders/SocialOperationsDemoSeeder.php,SocialOperationsDemoSeeder.php,.php,2794,social
code/database/seeders/SocialSampleSeeder.php,SocialSampleSeeder.php,.php,2407,social
code/database/seeders/data/social_starter_assets.php,social_starter_assets.php,.php,3333,social
code/laravel-social-starter/laravel-social-starter/app/Http/Controllers/Social/CommentController.php,CommentController.php,.php,704,social
code/laravel-social-starter/laravel-social-starter/app/Http/Controllers/Social/FeedController.php,FeedController.php,.php,467,social
code/laravel-social-starter/laravel-social-starter/app/Http/Controllers/Social/FollowController.php,FollowController.php,.php,1019,social
code/laravel-social-starter/laravel-social-starter/app/Http/Controllers/Social/PostController.php,PostController.php,.php,2000,social
code/laravel-social-starter/laravel-social-starter/app/Http/Controllers/Social/ReactionController.php,ReactionController.php,.php,671,social
code/laravel-social-starter/laravel-social-starter/app/Models/Comment.php,Comment.php,.php,608,social
code/laravel-social-starter/laravel-social-starter/app/Models/Organization.php,Organization.php,.php,793,social
code/laravel-social-starter/laravel-social-starter/app/Models/Post.php,Post.php,.php,927,social
code/laravel-social-starter/laravel-social-starter/app/Models/Reaction.php,Reaction.php,.php,450,social
code/laravel-social-starter/laravel-social-starter/app/Policies/PostPolicy.php,PostPolicy.php,.php,368,social
code/laravel-social-starter/laravel-social-starter/app/Providers/SocialServiceProvider.php,SocialServiceProvider.php,.php,418,social
code/laravel-social-starter/laravel-social-starter/app/Services/Ai/Ai.php,Ai.php,.php,310,social
code/laravel-social-starter/laravel-social-starter/app/Services/Ai/DummyAiService.php,DummyAiService.php,.php,659,social
code/laravel-social-starter/laravel-social-starter/app/helpers.php,helpers.php,.php,190,social
code/laravel-social-starter/laravel-social-starter/config/ai.php,ai.php,.php,145,social
code/laravel-social-starter/laravel-social-starter/database/factories/PostFactory.php,PostFactory.php,.php,331,social
code/laravel-social-starter/laravel-social-starter/database/migrations/2025_11_03_000001_create_organizations_table.php,2025_11_03_000001_create_organizations_table.php,.php,876,social
code/laravel-social-starter/laravel-social-starter/database/migrations/2025_11_03_000003_create_posts_table.php,2025_11_03_000003_create_posts_table.php,.php,1008,social
code/laravel-social-starter/laravel-social-starter/database/migrations/2025_11_03_000004_create_reactions_table.php,2025_11_03_000004_create_reactions_table.php,.php,759,social
code/laravel-social-starter/laravel-social-starter/database/migrations/2025_11_03_000005_create_comments_table.php,2025_11_03_000005_create_comments_table.php,.php,734,social
code/laravel-social-starter/laravel-social-starter/database/migrations/2025_11_03_000006_create_follows_table.php,2025_11_03_000006_create_follows_table.php,.php,601,social
code/laravel-social-starter/laravel-social-starter/database/seeders/SocialDemoSeeder.php,SocialDemoSeeder.php,.php,835,social
code/laravel-social-starter/laravel-social-starter/resources/views/layouts/social.blade.php,social.blade.php,.php,749,social
code/laravel-social-starter/laravel-social-starter/resources/views/social/feed/index.blade.php,index.blade.php,.php,221,social
code/laravel-social-starter/laravel-social-starter/resources/views/social/partials/post-card.blade.php,post-card.blade.php,.php,2138,social
code/laravel-social-starter/laravel-social-starter/resources/views/social/post/create.blade.php,create.blade.php,.php,913,social
code/laravel-social-starter/laravel-social-starter/routes/social.php,social.php,.php,1819,social
code/moneyman-laravel/app/Http/Controllers/Org/OrgPostController.php,OrgPostController.php,.php,1042,social
code/moneyman-laravel/app/Models/OrgFollower.php,OrgFollower.php,.php,171,social
code/moneyman-laravel/app/Models/OrgPost.php,OrgPost.php,.php,318,social
code/moneyman-laravel/database/migrations/2025_10_30_000004_create_org_posts_table.php,2025_10_30_000004_create_org_posts_table.php,.php,1101,social
code/moneyman-laravel/database/migrations/2025_10_30_000005_create_org_followers_table.php,2025_10_30_000005_create_org_followers_table.php,.php,691,social
template/app/Console/Commands/RunSocialSchemaBackfill.php,RunSocialSchemaBackfill.php,.php,0,social
template/app/Console/Commands/Social/BackfillExtendedSocialMetrics.php,BackfillExtendedSocialMetrics.php,.php,2494,social
template/app/Console/Commands/Social/BackfillInviteGraphContactsCommand.php,BackfillInviteGraphContactsCommand.php,.php,3461,social
template/app/Console/Commands/Social/ComputeDailySocialMetrics.php,ComputeDailySocialMetrics.php,.php,564,social
template/app/Contracts/Social/FeedRanker.php,FeedRanker.php,.php,627,social
template/app/Enums/SocialMessageReportStatus.php,SocialMessageReportStatus.php,.php,204,social
template/app/Enums/SocialMessageRequestStatus.php,SocialMessageRequestStatus.php,.php,236,social
template/app/Enums/SocialMessageStatus.php,SocialMessageStatus.php,.php,236,social
template/app/Enums/SocialMessageTemplateVisibility.php,SocialMessageTemplateVisibility.php,.php,172,social
template/app/Enums/SocialMessageType.php,SocialMessageType.php,.php,273,social
template/app/Enums/SocialThreadParticipantRole.php,SocialThreadParticipantRole.php,.php,162,social
template/app/Enums/SocialThreadParticipantStatus.php,SocialThreadParticipantStatus.php,.php,218,social
template/app/Enums/SocialThreadRequestMode.php,SocialThreadRequestMode.php,.php,184,social
template/app/Enums/SocialThreadStatus.php,SocialThreadStatus.php,.php,189,social
template/app/Enums/SocialThreadType.php,SocialThreadType.php,.php,240,social
template/app/Enums/SocialVerificationStatus.php,SocialVerificationStatus.php,.php,366,social
template/app/Events/PostCreated.php,PostCreated.php,.php,1042,social
template/app/Events/Social/EngagementMetricUpdated.php,EngagementMetricUpdated.php,.php,424,social
template/app/Http/Controllers/Admin/SocialIconController.php,SocialIconController.php,.php,2588,social
template/app/Http/Controllers/Admin/SocialMetricsDashboardController.php,SocialMetricsDashboardController.php,.php,4261,social
template/app/Http/Controllers/Admin/SocialModerationController.php,SocialModerationController.php,.php,12783,social
template/app/Http/Controllers/Admin/SocialOperationsConsoleController.php,SocialOperationsConsoleController.php,.php,618,social
template/app/Http/Controllers/Api/V1/Messaging/ConversationReactionController.php,ConversationReactionController.php,.php,2330,social
template/app/Http/Controllers/Api/V1/PropertySocialController.php,PropertySocialController.php,.php,10622,social
template/app/Http/Controllers/Api/V1/RentalSocialNetworkController.php,RentalSocialNetworkController.php,.php,12789,social
template/app/Http/Controllers/Api/V1/SocialApiController.php,SocialApiController.php,.php,6987,social
template/app/Http/Controllers/Api/V1/SocialDataBackboneController.php,SocialDataBackboneController.php,.php,1032,social
template/app/Http/Controllers/Api/V1/SocialFeedController.php,SocialFeedController.php,.php,6299,social
template/app/Http/Controllers/Api/V1/SocialImportController.php,SocialImportController.php,.php,851,social
template/app/Http/Controllers/Api/V1/SocialIntegrationController.php,SocialIntegrationController.php,.php,1863,social
template/app/Http/Controllers/Api/V1/SocialInviteController.php,SocialInviteController.php,.php,3716,social
template/app/Http/Controllers/Api/V1/SocialPostController.php,SocialPostController.php,.php,5132,social
template/app/Http/Controllers/Api/V1/SocialShareController.php,SocialShareController.php,.php,1179,social
template/app/Http/Controllers/Api/WomenRealEstate/WomenListingSocialShareController.php,WomenListingSocialShareController.php,.php,1230,social
template/app/Http/Controllers/Api/WomenRealEstate/WomenSocialNetworkController.php,WomenSocialNetworkController.php,.php,5751,social
template/app/Http/Controllers/Business/PostController.php,PostController.php,.php,2266,social
template/app/Http/Controllers/Frontend/CandidatePostsController.php,CandidatePostsController.php,.php,0,social
template/app/Http/Controllers/Frontend/SmartJobPostingController.php,SmartJobPostingController.php,.php,8199,social
template/app/Http/Controllers/Frontend/Social/AiAssistController.php,AiAssistController.php,.php,1347,social
template/app/Http/Controllers/Frontend/Social/AiAssistExtendedController.php,AiAssistExtendedController.php,.php,7033,social
template/app/Http/Controllers/Frontend/Social/FollowController.php,FollowController.php,.php,3956,social
template/app/Http/Controllers/Frontend/Social/NotificationPreferenceController.php,NotificationPreferenceController.php,.php,2361,social
template/app/Http/Controllers/Frontend/Social/PostController.php,PostController.php,.php,35458,social
template/app/Http/Controllers/Frontend/SocialFeedController.php,SocialFeedController.php,.php,15903,social
template/app/Http/Controllers/Frontend/SocialShareController.php,SocialShareController.php,.php,0,social
template/app/Http/Controllers/Org/OrgPostController.php,OrgPostController.php,.php,1109,social
template/app/Http/Controllers/PostController.php,PostController.php,.php,5054,social
template/app/Http/Controllers/PublicSector/AgencyFollowController.php,AgencyFollowController.php,.php,1561,social
template/app/Http/Controllers/Social/AiAssistController.php,AiAssistController.php,.php,2775,social
template/app/Http/Controllers/Social/AiAssistExtendedController.php,AiAssistExtendedController.php,.php,5587,social
template/app/Http/Controllers/Social/ConnectionsController.php,ConnectionsController.php,.php,13945,social
template/app/Http/Controllers/Social/IncidentReportController.php,IncidentReportController.php,.php,8973,social
template/app/Http/Controllers/Social/MentorModerationController.php,MentorModerationController.php,.php,1069,social
template/app/Http/Controllers/SocialGraphController.php,SocialGraphController.php,.php,4933,social
template/app/Http/Requests/Messaging/StoreMessageReactionRequest.php,StoreMessageReactionRequest.php,.php,321,social
template/app/Http/Requests/WomenRealEstate/WomenListingSocialShareStoreRequest.php,WomenListingSocialShareStoreRequest.php,.php,715,social
template/app/Http/Resources/SocialGraphContactResource.php,SocialGraphContactResource.php,.php,0,social
template/app/Jobs/ProcessPostMedia.php,ProcessPostMedia.php,.php,9478,social
template/app/Jobs/Social/ContactSyncIngestJob.php,ContactSyncIngestJob.php,.php,5295,social
template/app/Jobs/Social/DisburseCreatorPayoutsJob.php,DisburseCreatorPayoutsJob.php,.php,728,social
template/app/Jobs/Social/FinalizeSocialImportJob.php,FinalizeSocialImportJob.php,.php,815,social
template/app/Jobs/Social/SendInvitationNudgeJob.php,SendInvitationNudgeJob.php,.php,645,social
template/app/Jobs/Social/SendInviteNudgeJob.php,SendInviteNudgeJob.php,.php,679,social
template/app/Jobs/Social/StreamEngagementIngestJob.php,StreamEngagementIngestJob.php,.php,626,social
template/app/Jobs/Social/WarehouseAnalyticsExportJob.php,WarehouseAnalyticsExportJob.php,.php,842,social
template/app/Jobs/WomenRealEstate/GenerateHousingListingSocialShareJob.php,GenerateHousingListingSocialShareJob.php,.php,857,social
template/app/Jobs/WomenRealEstate/GenerateListingSocialShareJob.php,GenerateListingSocialShareJob.php,.php,1583,social
template/app/Listeners/Social/DispatchEngagementAiHooks.php,DispatchEngagementAiHooks.php,.php,288,social
template/app/Listeners/WomenRealEstate/ScheduleListingSocialAmplification.php,ScheduleListingSocialAmplification.php,.php,536,social
template/app/Livewire/WomenRealEstate/Onboarding/SocialStream.php,SocialStream.php,.php,6071,social
template/app/Livewire/WomenRealEstate/Social/NetworkConnections.php,NetworkConnections.php,.php,0,social
template/app/Mail/SocialInviteMail.php,SocialInviteMail.php,.php,1162,social
template/app/Models/OrgFollower.php,OrgFollower.php,.php,1608,social
template/app/Models/OrgPost.php,OrgPost.php,.php,3438,social
template/app/Models/Post.php,Post.php,.php,7334,social
template/app/Models/PostComment.php,PostComment.php,.php,2003,social
template/app/Models/PostLike.php,PostLike.php,.php,1681,social
template/app/Models/PropertySocialPost.php,PropertySocialPost.php,.php,4617,social
template/app/Models/SocialAccount.php,SocialAccount.php,.php,3034,social
template/app/Models/SocialBlock.php,SocialBlock.php,.php,3269,social
template/app/Models/SocialBlockList.php,SocialBlockList.php,.php,2989,social
template/app/Models/SocialBlockListEntry.php,SocialBlockListEntry.php,.php,3002,social
template/app/Models/SocialComment.php,SocialComment.php,.php,4965,social
template/app/Models/SocialEnforcementAction.php,SocialEnforcementAction.php,.php,4230,social
template/app/Models/SocialFollow.php,SocialFollow.php,.php,2558,social
template/app/Models/SocialGraphContact.php,SocialGraphContact.php,.php,5808,social
template/app/Models/SocialIcon.php,SocialIcon.php,.php,1230,social
template/app/Models/SocialImportJob.php,SocialImportJob.php,.php,3266,social
template/app/Models/SocialIntegration.php,SocialIntegration.php,.php,3620,social
template/app/Models/SocialLike.php,SocialLike.php,.php,2764,social
template/app/Models/SocialLiveStream.php,SocialLiveStream.php,.php,5358,social
template/app/Models/SocialLiveStreamGift.php,SocialLiveStreamGift.php,.php,2676,social
template/app/Models/SocialLiveStreamMetric.php,SocialLiveStreamMetric.php,.php,2600,social
template/app/Models/SocialMedia.php,SocialMedia.php,.php,5155,social
template/app/Models/SocialMessage.php,SocialMessage.php,.php,6692,social
template/app/Models/SocialMessageAttachment.php,SocialMessageAttachment.php,.php,4343,social
template/app/Models/SocialMessageReaction.php,SocialMessageReaction.php,.php,1993,social
template/app/Models/SocialMessageRead.php,SocialMessageRead.php,.php,2715,social
template/app/Models/SocialMessageReport.php,SocialMessageReport.php,.php,4296,social
template/app/Models/SocialMessageRequest.php,SocialMessageRequest.php,.php,4276,social
template/app/Models/SocialMessageShare.php,SocialMessageShare.php,.php,2865,social
template/app/Models/SocialMessageTemplate.php,SocialMessageTemplate.php,.php,4118,social
template/app/Models/SocialMetricsDaily.php,SocialMetricsDaily.php,.php,3780,social
template/app/Models/SocialModerationEvent.php,SocialModerationEvent.php,.php,2409,social
template/app/Models/SocialNotificationPreference.php,SocialNotificationPreference.php,.php,3455,social
template/app/Models/SocialPost.php,SocialPost.php,.php,12411,social
template/app/Models/SocialPostCollection.php,SocialPostCollection.php,.php,2835,social
template/app/Models/SocialPostCollectionItem.php,SocialPostCollectionItem.php,.php,2545,social
template/app/Models/SocialPostComment.php,SocialPostComment.php,.php,3470,social
template/app/Models/SocialPostImpression.php,SocialPostImpression.php,.php,2449,social
template/app/Models/SocialPostMedia.php,SocialPostMedia.php,.php,3049,social
template/app/Models/SocialPostPoll.php,SocialPostPoll.php,.php,3624,social
template/app/Models/SocialPostPollOption.php,SocialPostPollOption.php,.php,2574,social
template/app/Models/SocialPostPollVote.php,SocialPostPollVote.php,.php,3022,social
template/app/Models/SocialPostProgress.php,SocialPostProgress.php,.php,2710,social
template/app/Models/SocialPostReaction.php,SocialPostReaction.php,.php,2403,social
template/app/Models/SocialPostReport.php,SocialPostReport.php,.php,2984,social
template/app/Models/SocialPostSave.php,SocialPostSave.php,.php,1707,social
template/app/Models/SocialPostShare.php,SocialPostShare.php,.php,2665,social
template/app/Models/SocialReport.php,SocialReport.php,.php,3935,social
template/app/Models/SocialSensitiveTerm.php,SocialSensitiveTerm.php,.php,2480,social
template/app/Models/SocialThread.php,SocialThread.php,.php,6031,social
template/app/Models/SocialThreadBinding.php,SocialThreadBinding.php,.php,2377,social
template/app/Models/SocialThreadParticipant.php,SocialThreadParticipant.php,.php,4684,social
template/app/Models/SocialTransparencyLog.php,SocialTransparencyLog.php,.php,3099,social
template/app/Models/WomenRealEstate/WomenListingSocialShare.php,WomenListingSocialShare.php,.php,2808,social
template/app/Models/WomenRealEstate/WomenSocialNetworkConnection.php,WomenSocialNetworkConnection.php,.php,3424,social
template/app/Notifications/Social/MediaScanFailedNotification.php,MediaScanFailedNotification.php,.php,681,social
template/app/Notifications/Social/SocialVerificationDecisionNotification.php,SocialVerificationDecisionNotification.php,.php,1378,social
template/app/Notifications/Social/SocialVerificationSubmissionNotification.php,SocialVerificationSubmissionNotification.php,.php,609,social
template/app/Observers/SocialFollowObserver.php,SocialFollowObserver.php,.php,847,social
template/app/Observers/SocialLiveStreamObserver.php,SocialLiveStreamObserver.php,.php,772,social
template/app/Observers/SocialPostCommentObserver.php,SocialPostCommentObserver.php,.php,866,social
template/app/Observers/SocialPostMediaObserver.php,SocialPostMediaObserver.php,.php,141,social
template/app/Observers/SocialPostObserver.php,SocialPostObserver.php,.php,669,social
template/app/Observers/SocialPostPollObserver.php,SocialPostPollObserver.php,.php,583,social
template/app/Observers/SocialPostReactionObserver.php,SocialPostReactionObserver.php,.php,919,social
template/app/Policies/SocialPostPolicy.php,SocialPostPolicy.php,.php,4714,social
template/app/Services/SmartJobPostingService.php,SmartJobPostingService.php,.php,18521,social
template/app/Services/Social/CircleDiscoveryService.php,CircleDiscoveryService.php,.php,2753,social
template/app/Services/Social/ConnectionAnalyticsService.php,ConnectionAnalyticsService.php,.php,4299,social
template/app/Services/Social/ContactSyncService.php,ContactSyncService.php,.php,6879,social
template/app/Services/Social/DeviceCaptureConsentService.php,DeviceCaptureConsentService.php,.php,1662,social
template/app/Services/Social/EntertainmentService.php,EntertainmentService.php,.php,8341,social
template/app/Services/Social/FeedGeneratorService.php,FeedGeneratorService.php,.php,20710,social
template/app/Services/Social/FeedMatcher.php,FeedMatcher.php,.php,11737,social
template/app/Services/Social/GuardianSignalService.php,GuardianSignalService.php,.php,2692,social
template/app/Services/Social/InviteDispatchService.php,InviteDispatchService.php,.php,18815,social
template/app/Services/Social/LinkImportService.php,LinkImportService.php,.php,10255,social
template/app/Services/Social/MediaScanService.php,MediaScanService.php,.php,3545,social
template/app/Services/Social/MediaUploadService.php,MediaUploadService.php,.php,12978,social
template/app/Services/Social/MentorModerationService.php,MentorModerationService.php,.php,6512,social
template/app/Services/Social/Ranking/DefaultFeedRanker.php,DefaultFeedRanker.php,.php,5162,social
template/app/Services/Social/SchemaBackfillService.php,SchemaBackfillService.php,.php,0,social
template/app/Services/Social/SocialCircleService.php,SocialCircleService.php,.php,5665,social
template/app/Services/Social/SocialEngagementAiBridge.php,SocialEngagementAiBridge.php,.php,251,social
template/app/Services/Social/SocialGraphService.php,SocialGraphService.php,.php,10231,social
template/app/Services/Social/SocialInsightsService.php,SocialInsightsService.php,.php,68335,social
template/app/Services/Social/SocialIntegrationService.php,SocialIntegrationService.php,.php,6655,social
template/app/Services/Social/SocialMessagingService.php,SocialMessagingService.php,.php,6664,social
template/app/Services/Social/SocialMetricsAggregationService.php,SocialMetricsAggregationService.php,.php,14210,social
template/app/Services/Social/SocialMetricsEtlPipeline.php,SocialMetricsEtlPipeline.php,.php,1576,social
template/app/Services/Social/SocialMetricsHeatmapService.php,SocialMetricsHeatmapService.php,.php,5059,social
template/app/Services/Social/SocialNotificationService.php,SocialNotificationService.php,.php,7426,social
template/app/Services/Social/SocialPrivacyService.php,SocialPrivacyService.php,.php,6354,social
template/app/Services/Social/SocialShareService.php,SocialShareService.php,.php,2477,social
template/app/Services/SocialDataBackboneService.php,SocialDataBackboneService.php,.php,20313,social
template/app/Services/SocialFeedService.php,SocialFeedService.php,.php,15074,social
template/app/Services/SocialInteractionService.php,SocialInteractionService.php,.php,13906,social
template/app/Services/SocialModerationService.php,SocialModerationService.php,.php,4322,social
template/app/Services/SocialPostModerationPipeline.php,SocialPostModerationPipeline.php,.php,0,social
template/app/Services/WomenRealEstate/WomenHousingListingSocialShareService.php,WomenHousingListingSocialShareService.php,.php,1516,social
template/app/Services/WomenRealEstate/WomenListingSocialShareService.php,WomenListingSocialShareService.php,.php,875,social
template/app/Support/SocialMediaStorage.php,SocialMediaStorage.php,.php,1698,social
template/app/Support/SocialMetrics.php,SocialMetrics.php,.php,3819,social
template/app/Support/SocialPostFormatter.php,SocialPostFormatter.php,.php,17035,social
template/app/Support/SocialPostPresenter.php,SocialPostPresenter.php,.php,0,social
template/app/Support/SocialReels.php,SocialReels.php,.php,2970,social
template/config/social.php,social.php,.php,14159,social
template/config/social_invites.php,social_invites.php,.php,2842,social
template/config/social_messaging.php,social_messaging.php,.php,4317,social
template/database/factories/OrgFollowerFactory.php,OrgFollowerFactory.php,.php,618,social
template/database/factories/OrgPostFactory.php,OrgPostFactory.php,.php,1063,social
template/database/factories/PostFactory.php,PostFactory.php,.php,1488,social
template/database/factories/SocialCommentFactory.php,SocialCommentFactory.php,.php,1391,social
template/database/factories/SocialFollowFactory.php,SocialFollowFactory.php,.php,880,social
template/database/factories/SocialGraphContactFactory.php,SocialGraphContactFactory.php,.php,1451,social
template/database/factories/SocialIntegrationFactory.php,SocialIntegrationFactory.php,.php,1238,social
template/database/factories/SocialLikeFactory.php,SocialLikeFactory.php,.php,1028,social
template/database/factories/SocialMediaFactory.php,SocialMediaFactory.php,.php,1920,social
template/database/factories/SocialMessageFactory.php,SocialMessageFactory.php,.php,1450,social
template/database/factories/SocialMessageRequestFactory.php,SocialMessageRequestFactory.php,.php,1323,social
template/database/factories/SocialPostCommentFactory.php,SocialPostCommentFactory.php,.php,2126,social
template/database/factories/SocialPostFactory.php,SocialPostFactory.php,.php,4187,social
template/database/factories/SocialPostImpressionFactory.php,SocialPostImpressionFactory.php,.php,1023,social
template/database/factories/SocialPostMediaFactory.php,SocialPostMediaFactory.php,.php,1504,social
template/database/factories/SocialPostReactionFactory.php,SocialPostReactionFactory.php,.php,1541,social
template/database/factories/SocialThreadFactory.php,SocialThreadFactory.php,.php,1613,social
template/database/factories/SocialThreadParticipantFactory.php,SocialThreadParticipantFactory.php,.php,1364,social
template/database/factories/WomenRealEstate/WomenListingSocialShareFactory.php,WomenListingSocialShareFactory.php,.php,1370,social
template/database/factories/WomenRealEstate/WomenSocialNetworkConnectionFactory.php,WomenSocialNetworkConnectionFactory.php,.php,1516,social
template/database/migrations/2024_01_20_000001_create_social_integration_tables.php,2024_01_20_000001_create_social_integration_tables.php,.php,2197,social
template/database/migrations/2024_02_01_041322_create_social_icons_table.php,2024_02_01_041322_create_social_icons_table.php,.php,699,social
template/database/migrations/2025_04_create_rental_social_networks_table.php,2025_04_create_rental_social_networks_table.php,.php,1645,social
template/database/migrations/2025_10_05_122321_create_social_impact_tables.php,2025_10_05_122321_create_social_impact_tables.php,.php,640,social
template/database/migrations/2025_10_24_000002_create_posts_table.php,2025_10_24_000002_create_posts_table.php,.php,748,social
template/database/migrations/2025_10_24_000003_create_post_comments_table.php,2025_10_24_000003_create_post_comments_table.php,.php,989,social
template/database/migrations/2025_10_24_000030_create_post_comments_table.php,2025_10_24_000030_create_post_comments_table.php,.php,989,social
template/database/migrations/2025_10_27_120100_add_social_links_to_candidates_table.php,2025_10_27_120100_add_social_links_to_candidates_table.php,.php,1557,social
template/database/migrations/2025_10_29_001000_create_social_posts_table.php,2025_10_29_001000_create_social_posts_table.php,.php,1427,social
template/database/migrations/2025_10_29_001010_create_social_post_media_table.php,2025_10_29_001010_create_social_post_media_table.php,.php,921,social
template/database/migrations/2025_10_29_001020_create_social_post_reactions_table.php,2025_10_29_001020_create_social_post_reactions_table.php,.php,891,social
template/database/migrations/2025_10_29_001030_create_social_post_comments_table.php,2025_10_29_001030_create_social_post_comments_table.php,.php,1081,social
template/database/migrations/2025_10_29_001040_create_social_follows_table.php,2025_10_29_001040_create_social_follows_table.php,.php,930,social
template/database/migrations/2025_10_29_001050_create_social_post_impressions_table.php,2025_10_29_001050_create_social_post_impressions_table.php,.php,1068,social
template/database/migrations/2025_10_29_001060_create_social_moderation_events_table.php,2025_10_29_001060_create_social_moderation_events_table.php,.php,1035,social
template/database/migrations/2025_10_29_001070_create_social_post_reports_table.php,2025_10_29_001070_create_social_post_reports_table.php,.php,1249,social
template/database/migrations/2025_10_30_000004_create_org_posts_table.php,2025_10_30_000004_create_org_posts_table.php,.php,1152,social
template/database/migrations/2025_10_30_000005_create_org_followers_table.php,2025_10_30_000005_create_org_followers_table.php,.php,610,social
template/database/migrations/2025_11_03_201500_add_social_posting_columns_to_plans_table.php,2025_11_03_201500_add_social_posting_columns_to_plans_table.php,.php,1544,social
template/database/migrations/2025_11_03_201600_add_social_targeting_columns_to_posts_table.php,2025_11_03_201600_add_social_targeting_columns_to_posts_table.php,.php,1803,social
template/database/migrations/2025_11_04_150000_create_post_likes_table.php,2025_11_04_150000_create_post_likes_table.php,.php,700,social
template/database/migrations/2025_11_07_120000_align_social_schema.php,2025_11_07_120000_align_social_schema.php,.php,19644,social
template/database/migrations/2025_11_07_121000_backfill_social_schema.php,2025_11_07_121000_backfill_social_schema.php,.php,6795,social
template/database/migrations/2025_11_11_100000_create_social_accounts_table.php,2025_11_11_100000_create_social_accounts_table.php,.php,1123,social
template/database/migrations/2025_11_15_000001_create_social_posts_table.php,2025_11_15_000001_create_social_posts_table.php,.php,1997,social
template/database/migrations/2025_11_15_000002_create_social_media_table.php,2025_11_15_000002_create_social_media_table.php,.php,1212,social
template/database/migrations/2025_11_15_000003_create_social_follows_table.php,2025_11_15_000003_create_social_follows_table.php,.php,1057,social
template/database/migrations/2025_11_15_000004_create_social_likes_table.php,2025_11_15_000004_create_social_likes_table.php,.php,881,social
template/database/migrations/2025_11_15_000005_create_social_comments_table.php,2025_11_15_000005_create_social_comments_table.php,.php,1281,social
template/database/migrations/2025_11_15_005_create_women_social_network_connections_table.php,2025_11_15_005_create_women_social_network_connections_table.php,.php,1306,social
template/database/migrations/2025_11_15_104500_rename_comment_column_on_social_comments.php,2025_11_15_104500_rename_comment_column_on_social_comments.php,.php,900,social
template/database/migrations/2025_11_15_200000_create_social_post_saves_table.php,2025_11_15_200000_create_social_post_saves_table.php,.php,868,social
template/database/migrations/2025_11_16_000100_optimize_social_feed_indexes.php,2025_11_16_000100_optimize_social_feed_indexes.php,.php,4069,social
template/database/migrations/2025_11_18_090000_update_social_likes_with_reactions.php,2025_11_18_090000_update_social_likes_with_reactions.php,.php,2371,social
template/database/migrations/2025_11_18_091000_create_social_post_shares_table.php,2025_11_18_091000_create_social_post_shares_table.php,.php,1181,social
template/database/migrations/2025_11_18_092000_create_social_notification_preferences_table.php,2025_11_18_092000_create_social_notification_preferences_table.php,.php,729,social
template/database/migrations/2025_11_18_155900_create_social_message_templates_table.php,2025_11_18_155900_create_social_message_templates_table.php,.php,1321,social
template/database/migrations/2025_11_18_160000_create_social_threads_table.php,2025_11_18_160000_create_social_threads_table.php,.php,1383,social
template/database/migrations/2025_11_18_160100_create_social_thread_participants_table.php,2025_11_18_160100_create_social_thread_participants_table.php,.php,1523,social
template/database/migrations/2025_11_18_160200_create_social_messages_table.php,2025_11_18_160200_create_social_messages_table.php,.php,2013,social
template/database/migrations/2025_11_18_160300_create_social_message_attachments_table.php,2025_11_18_160300_create_social_message_attachments_table.php,.php,1441,social
template/database/migrations/2025_11_18_160400_create_social_message_reads_table.php,2025_11_18_160400_create_social_message_reads_table.php,.php,1030,social
template/database/migrations/2025_11_18_160600_create_social_message_requests_table.php,2025_11_18_160600_create_social_message_requests_table.php,.php,1503,social
template/database/migrations/2025_11_18_160700_create_social_message_reports_table.php,2025_11_18_160700_create_social_message_reports_table.php,.php,1397,social
template/database/migrations/2025_11_18_160800_create_social_message_reactions_table.php,2025_11_18_160800_create_social_message_reactions_table.php,.php,904,social
template/database/migrations/2025_11_18_160900_create_social_message_shares_table.php,2025_11_18_160900_create_social_message_shares_table.php,.php,1019,social
template/database/migrations/2025_11_19_130000_expand_social_moderation_schema.php,2025_11_19_130000_expand_social_moderation_schema.php,.php,4615,social
template/database/migrations/2025_11_24_123000_create_social_metrics_daily_table.php,2025_11_24_123000_create_social_metrics_daily_table.php,.php,1278,social
template/database/migrations/2025_11_24_190100_add_cohort_tags_to_social_metrics_daily_table.php,2025_11_24_190100_add_cohort_tags_to_social_metrics_daily_table.php,.php,937,social
template/database/migrations/2025_11_24_191000_add_extended_heatmap_columns_to_social_metrics_daily_table.php,2025_11_24_191000_add_extended_heatmap_columns_to_social_metrics_daily_table.php,.php,1522,social
template/database/migrations/2025_11_26_120500_create_social_graph_contacts_table.php,2025_11_26_120500_create_social_graph_contacts_table.php,.php,2925,social
template/database/migrations/2025_11_27_120100_create_social_integrations_table.php,2025_11_27_120100_create_social_integrations_table.php,.php,1224,social
template/database/migrations/2025_11_27_120200_create_social_import_jobs_table.php,2025_11_27_120200_create_social_import_jobs_table.php,.php,1277,social
template/database/migrations/2025_11_29_000002_update_social_posts_enum.php,2025_11_29_000002_update_social_posts_enum.php,.php,822,social
template/database/migrations/2025_11_29_131601_add_entertainment_indexes_to_social_posts_table.php,2025_11_29_131601_add_entertainment_indexes_to_social_posts_table.php,.php,752,social
template/database/migrations/2025_11_29_131605_create_social_post_progress_table.php,2025_11_29_131605_create_social_post_progress_table.php,.php,1029,social
template/database/migrations/2025_11_29_163000_update_social_posts_enum.php,2025_11_29_163000_update_social_posts_enum.php,.php,1028,social
template/database/migrations/2025_11_29_170000_fix_social_posts_enum_merge.php,2025_11_29_170000_fix_social_posts_enum_merge.php,.php,1110,social
template/database/migrations/2025_12_01_000000_add_moderation_fields_to_posts.php,2025_12_01_000000_add_moderation_fields_to_posts.php,.php,733,social
template/database/seeders/SocialMetricsDailySeeder.php,SocialMetricsDailySeeder.php,.php,306,social
template/database/seeders/SocialOperationsDemoSeeder.php,SocialOperationsDemoSeeder.php,.php,2794,social
template/database/seeders/SocialSampleSeeder.php,SocialSampleSeeder.php,.php,2407,social
template/database/seeders/data/social_starter_assets.php,social_starter_assets.php,.php,3333,social
template/laravel-social-starter/laravel-social-starter/app/Http/Controllers/Social/CommentController.php,CommentController.php,.php,704,social
template/laravel-social-starter/laravel-social-starter/app/Http/Controllers/Social/FeedController.php,FeedController.php,.php,467,social
template/laravel-social-starter/laravel-social-starter/app/Http/Controllers/Social/FollowController.php,FollowController.php,.php,1019,social
template/laravel-social-starter/laravel-social-starter/app/Http/Controllers/Social/PostController.php,PostController.php,.php,2000,social
template/laravel-social-starter/laravel-social-starter/app/Http/Controllers/Social/ReactionController.php,ReactionController.php,.php,671,social
template/laravel-social-starter/laravel-social-starter/app/Models/Comment.php,Comment.php,.php,608,social
template/laravel-social-starter/laravel-social-starter/app/Models/Organization.php,Organization.php,.php,793,social
template/laravel-social-starter/laravel-social-starter/app/Models/Post.php,Post.php,.php,927,social
template/laravel-social-starter/laravel-social-starter/app/Models/Reaction.php,Reaction.php,.php,450,social
template/laravel-social-starter/laravel-social-starter/app/Policies/PostPolicy.php,PostPolicy.php,.php,368,social
template/laravel-social-starter/laravel-social-starter/app/Providers/SocialServiceProvider.php,SocialServiceProvider.php,.php,418,social
template/laravel-social-starter/laravel-social-starter/app/Services/Ai/Ai.php,Ai.php,.php,310,social
template/laravel-social-starter/laravel-social-starter/app/Services/Ai/DummyAiService.php,DummyAiService.php,.php,659,social
template/laravel-social-starter/laravel-social-starter/app/helpers.php,helpers.php,.php,190,social
template/laravel-social-starter/laravel-social-starter/config/ai.php,ai.php,.php,145,social
template/laravel-social-starter/laravel-social-starter/database/factories/PostFactory.php,PostFactory.php,.php,331,social
template/laravel-social-starter/laravel-social-starter/database/migrations/2025_11_03_000001_create_organizations_table.php,2025_11_03_000001_create_organizations_table.php,.php,876,social
template/laravel-social-starter/laravel-social-starter/database/migrations/2025_11_03_000003_create_posts_table.php,2025_11_03_000003_create_posts_table.php,.php,1008,social
template/laravel-social-starter/laravel-social-starter/database/migrations/2025_11_03_000004_create_reactions_table.php,2025_11_03_000004_create_reactions_table.php,.php,759,social
template/laravel-social-starter/laravel-social-starter/database/migrations/2025_11_03_000005_create_comments_table.php,2025_11_03_000005_create_comments_table.php,.php,734,social
template/laravel-social-starter/laravel-social-starter/database/migrations/2025_11_03_000006_create_follows_table.php,2025_11_03_000006_create_follows_table.php,.php,601,social
template/laravel-social-starter/laravel-social-starter/database/seeders/SocialDemoSeeder.php,SocialDemoSeeder.php,.php,835,social
template/laravel-social-starter/laravel-social-starter/resources/views/layouts/social.blade.php,social.blade.php,.php,749,social
template/laravel-social-starter/laravel-social-starter/resources/views/social/feed/index.blade.php,index.blade.php,.php,221,social
template/laravel-social-starter/laravel-social-starter/resources/views/social/partials/post-card.blade.php,post-card.blade.php,.php,2138,social
template/laravel-social-starter/laravel-social-starter/resources/views/social/post/create.blade.php,create.blade.php,.php,913,social
template/laravel-social-starter/laravel-social-starter/routes/social.php,social.php,.php,1819,social
template/moneyman-laravel/app/Http/Controllers/Org/OrgPostController.php,OrgPostController.php,.php,1042,social
template/moneyman-laravel/app/Models/OrgFollower.php,OrgFollower.php,.php,171,social
template/moneyman-laravel/app/Models/OrgPost.php,OrgPost.php,.php,318,social
template/moneyman-laravel/database/migrations/2025_10_30_000004_create_org_posts_table.php,2025_10_30_000004_create_org_posts_table.php,.php,1101,social
template/moneyman-laravel/database/migrations/2025_10_30_000005_create_org_followers_table.php,2025_10_30_000005_create_org_followers_table.php,.php,691,social
template/resources/views/admin/analytics/social-metrics.blade.php,social-metrics.blade.php,.php,8823,social
template/resources/views/admin/moderation/posts/index.blade.php,index.blade.php,.php,1205,social
template/resources/views/admin/moderation/posts/show.blade.php,show.blade.php,.php,1205,social
template/resources/views/admin/social-icon/create.blade.php,create.blade.php,.php,1656,social
template/resources/views/admin/social-icon/edit.blade.php,edit.blade.php,.php,1753,social
template/resources/views/admin/social-icon/index.blade.php,index.blade.php,.php,3077,social
template/resources/views/admin/social-verifications/index.blade.php,index.blade.php,.php,4884,social
template/resources/views/admin/social-verifications/show.blade.php,show.blade.php,.php,7981,social
template/resources/views/components/ai-social-launcher.blade.php,ai-social-launcher.blade.php,.php,6782,social
template/resources/views/emails/social/invite.blade.php,invite.blade.php,.php,567,social
template/resources/views/frontend/candidate-dashboard/sections/social-backbone.blade.php,social-backbone.blade.php,.php,9071,social
template/resources/views/frontend/candidate-dashboard/social/connections.blade.php,connections.blade.php,.php,15194,social
template/resources/views/frontend/candidate-dashboard/social/groups.blade.php,groups.blade.php,.php,6258,social
template/resources/views/frontend/candidate-dashboard/social/invites.blade.php,invites.blade.php,.php,19593,social
template/resources/views/frontend/candidate-dashboard/social/messages.blade.php,messages.blade.php,.php,16106,social
template/resources/views/frontend/candidate-dashboard/social/notifications.blade.php,notifications.blade.php,.php,15959,social
template/resources/views/frontend/candidate-dashboard/social/posts-edit.blade.php,posts-edit.blade.php,.php,0,social
template/resources/views/frontend/candidate-dashboard/social/posts.blade.php,posts.blade.php,.php,17391,social
template/resources/views/frontend/company-dashboard/smart-posting/index.blade.php,index.blade.php,.php,0,social
template/resources/views/frontend/pages/social-feed-info.blade.php,social-feed-info.blade.php,.php,17871,social
template/resources/views/frontend/pages/social-groups-info.blade.php,social-groups-info.blade.php,.php,6033,social
template/resources/views/frontend/pages/social-lounge.blade.php,social-lounge.blade.php,.php,6447,social
template/resources/views/frontend/pages/social-mentorship-info.blade.php,social-mentorship-info.blade.php,.php,5578,social
template/resources/views/frontend/social/components/graph-preview.blade.php,graph-preview.blade.php,.php,9038,social
template/resources/views/frontend/social/components/navigation.blade.php,navigation.blade.php,.php,24520,social
template/resources/views/frontend/social/components/sidebar.blade.php,sidebar.blade.php,.php,14046,social
template/resources/views/frontend/social/connections/create.blade.php,create.blade.php,.php,90943,social
template/resources/views/frontend/social/connections/discover.blade.php,discover.blade.php,.php,32381,social
template/resources/views/frontend/social/connections/explore.blade.php,explore.blade.php,.php,163005,social
template/resources/views/frontend/social/connections/index.blade.php,index.blade.php,.php,82121,social
template/resources/views/frontend/social/connections/spotlight.blade.php,spotlight.blade.php,.php,22263,social
template/resources/views/frontend/social/feed/index.blade.php,index.blade.php,.php,0,social
template/resources/views/frontend/social/groups/create.blade.php,create.blade.php,.php,3716,social
template/resources/views/frontend/social/groups/edit.blade.php,edit.blade.php,.php,3658,social
template/resources/views/frontend/social/groups/index.blade.php,index.blade.php,.php,20622,social
template/resources/views/frontend/social/groups/show.blade.php,show.blade.php,.php,9744,social
template/resources/views/frontend/social/layout.blade.php,layout.blade.php,.php,2227,social
template/resources/views/frontend/social/mentors/moderation.blade.php,moderation.blade.php,.php,11732,social
template/resources/views/frontend/social/messages/conversations.blade.php,conversations.blade.php,.php,6054,social
template/resources/views/frontend/social/messages/index.blade.php,index.blade.php,.php,19090,social
template/resources/views/frontend/social/messages/partials/report-modal.blade.php,report-modal.blade.php,.php,6777,social
template/resources/views/frontend/social/notifications/alerts.blade.php,alerts.blade.php,.php,6876,social
template/resources/views/frontend/social/notifications/index.blade.php,index.blade.php,.php,50006,social
template/resources/views/frontend/social/posts/index.blade.php,index.blade.php,.php,13247,social
template/resources/views/livewire/women-real-estate/onboarding/social-stream.blade.php,social-stream.blade.php,.php,7143,social
template/resources/views/livewire/women-real-estate/social/network-connections.blade.php,network-connections.blade.php,.php,9085,social
template/resources/views/pages/athena-social.blade.php,athena-social.blade.php,.php,21909,social
template/resources/views/posts/index.blade.php,index.blade.php,.php,1360,social
template/resources/views/social/feed/explore.blade.php,explore.blade.php,.php,10155,social
template/resources/views/social/feed/index.blade.php,index.blade.php,.php,73395,social
template/resources/views/social/feed/partials/ad-unit.blade.php,ad-unit.blade.php,.php,2311,social
template/resources/views/social/feed/partials/posts.blade.php,posts.blade.php,.php,21986,social
template/resources/views/social/feed/partials/short-videos.blade.php,short-videos.blade.php,.php,3225,social
template/resources/views/social/feed/recommendations.blade.php,recommendations.blade.php,.php,9214,social
template/resources/views/social/feed/search.blade.php,search.blade.php,.php,3981,social
template/resources/views/social/posts/create-modal.blade.php,create-modal.blade.php,.php,7548,social
template/resources/views/social/posts/show.blade.php,show.blade.php,.php,10451,social
template/resources/views/women/real-estate/social/connections.blade.php,connections.blade.php,.php,149,social
viewstemplate/admin/analytics/social-metrics.blade.php,social-metrics.blade.php,.php,8823,social
viewstemplate/admin/moderation/posts/index.blade.php,index.blade.php,.php,0,social
viewstemplate/admin/moderation/posts/show.blade.php,show.blade.php,.php,0,social
viewstemplate/admin/social-icon/create.blade.php,create.blade.php,.php,1656,social
viewstemplate/admin/social-icon/edit.blade.php,edit.blade.php,.php,1753,social
viewstemplate/admin/social-icon/index.blade.php,index.blade.php,.php,2644,social
viewstemplate/admin/social-verifications/index.blade.php,index.blade.php,.php,4659,social
viewstemplate/admin/social-verifications/show.blade.php,show.blade.php,.php,7815,social
viewstemplate/components/ai-social-launcher.blade.php,ai-social-launcher.blade.php,.php,6782,social
viewstemplate/emails/social/invite.blade.php,invite.blade.php,.php,567,social
viewstemplate/frontend/candidate-dashboard/sections/social-backbone.blade.php,social-backbone.blade.php,.php,9071,social
viewstemplate/frontend/candidate-dashboard/social/connections.blade.php,connections.blade.php,.php,15194,social
viewstemplate/frontend/candidate-dashboard/social/groups.blade.php,groups.blade.php,.php,6258,social
viewstemplate/frontend/candidate-dashboard/social/invites.blade.php,invites.blade.php,.php,19593,social
viewstemplate/frontend/candidate-dashboard/social/messages.blade.php,messages.blade.php,.php,16106,social
viewstemplate/frontend/candidate-dashboard/social/notifications.blade.php,notifications.blade.php,.php,15959,social
viewstemplate/frontend/candidate-dashboard/social/posts-edit.blade.php,posts-edit.blade.php,.php,0,social
viewstemplate/frontend/candidate-dashboard/social/posts.blade.php,posts.blade.php,.php,17391,social
viewstemplate/frontend/company-dashboard/smart-posting/index.blade.php,index.blade.php,.php,0,social
viewstemplate/frontend/pages/social-feed-info.blade.php,social-feed-info.blade.php,.php,17871,social
viewstemplate/frontend/pages/social-groups-info.blade.php,social-groups-info.blade.php,.php,6033,social
viewstemplate/frontend/pages/social-lounge.blade.php,social-lounge.blade.php,.php,6447,social
viewstemplate/frontend/pages/social-mentorship-info.blade.php,social-mentorship-info.blade.php,.php,5578,social
viewstemplate/frontend/social/components/graph-preview.blade.php,graph-preview.blade.php,.php,9038,social
viewstemplate/frontend/social/components/navigation.blade.php,navigation.blade.php,.php,24520,social
viewstemplate/frontend/social/components/sidebar.blade.php,sidebar.blade.php,.php,14046,social
viewstemplate/frontend/social/connections/create.blade.php,create.blade.php,.php,90943,social
viewstemplate/frontend/social/connections/discover.blade.php,discover.blade.php,.php,32381,social
viewstemplate/frontend/social/connections/explore.blade.php,explore.blade.php,.php,163005,social
viewstemplate/frontend/social/connections/index.blade.php,index.blade.php,.php,82121,social
viewstemplate/frontend/social/connections/spotlight.blade.php,spotlight.blade.php,.php,22263,social
viewstemplate/frontend/social/feed/index.blade.php,index.blade.php,.php,0,social
viewstemplate/frontend/social/groups/create.blade.php,create.blade.php,.php,3716,social
viewstemplate/frontend/social/groups/edit.blade.php,edit.blade.php,.php,3658,social
viewstemplate/frontend/social/groups/index.blade.php,index.blade.php,.php,20622,social
viewstemplate/frontend/social/groups/show.blade.php,show.blade.php,.php,9744,social
viewstemplate/frontend/social/layout.blade.php,layout.blade.php,.php,2227,social
viewstemplate/frontend/social/mentors/moderation.blade.php,moderation.blade.php,.php,11732,social
viewstemplate/frontend/social/messages/conversations.blade.php,conversations.blade.php,.php,6054,social
viewstemplate/frontend/social/messages/index.blade.php,index.blade.php,.php,19090,social
viewstemplate/frontend/social/messages/partials/report-modal.blade.php,report-modal.blade.php,.php,6777,social
viewstemplate/frontend/social/notifications/alerts.blade.php,alerts.blade.php,.php,6876,social
viewstemplate/frontend/social/notifications/index.blade.php,index.blade.php,.php,50006,social
viewstemplate/frontend/social/posts/index.blade.php,index.blade.php,.php,13247,social
viewstemplate/livewire/women-real-estate/onboarding/social-stream.blade.php,social-stream.blade.php,.php,7143,social
viewstemplate/livewire/women-real-estate/social/network-connections.blade.php,network-connections.blade.php,.php,9085,social
viewstemplate/pages/athena-social.blade.php,athena-social.blade.php,.php,21909,social
viewstemplate/posts/index.blade.php,index.blade.php,.php,1360,social
viewstemplate/social/feed/explore.blade.php,explore.blade.php,.php,10155,social
viewstemplate/social/feed/index.blade.php,index.blade.php,.php,73395,social
viewstemplate/social/feed/partials/ad-unit.blade.php,ad-unit.blade.php,.php,2311,social
viewstemplate/social/feed/partials/posts.blade.php,posts.blade.php,.php,21986,social
viewstemplate/social/feed/partials/short-videos.blade.php,short-videos.blade.php,.php,3225,social
viewstemplate/social/feed/recommendations.blade.php,recommendations.blade.php,.php,9214,social
viewstemplate/social/feed/search.blade.php,search.blade.php,.php,3981,social
viewstemplate/social/posts/create-modal.blade.php,create-modal.blade.php,.php,7548,social
viewstemplate/social/posts/show.blade.php,show.blade.php,.php,10451,social
viewstemplate/women/real-estate/social/connections.blade.php,connections.blade.php,.php,149,social
code/app/Console/Commands/Messaging/PruneCdnLatencySamplesCommand.php,PruneCdnLatencySamplesCommand.php,.php,1092,messages
code/app/Console/Commands/Messaging/RecordCdnLatencySampleCommand.php,RecordCdnLatencySampleCommand.php,.php,492,messages
code/app/DataTransferObjects/Messaging/MessagingPreviewDecision.php,MessagingPreviewDecision.php,.php,588,messages
code/app/Events/ConversationMessageCreated.php,ConversationMessageCreated.php,.php,1087,messages
code/app/Http/Controllers/Api/V1/Messaging/ConversationController.php,ConversationController.php,.php,3836,messages
code/app/Http/Controllers/Api/V1/Messaging/ConversationMessageController.php,ConversationMessageController.php,.php,3108,messages
code/app/Http/Controllers/Api/V1/Messaging/ConversationShareController.php,ConversationShareController.php,.php,3792,messages
code/app/Http/Controllers/Api/V1/Messaging/MessageReportController.php,MessageReportController.php,.php,1591,messages
code/app/Http/Controllers/Api/V1/Messaging/MessageRequestController.php,MessageRequestController.php,.php,3189,messages
code/app/Http/Controllers/Api/V1/Messaging/MessagingMetaController.php,MessagingMetaController.php,.php,1061,messages
code/app/Http/Controllers/Api/V1/Messaging/WellnessBuddyInviteController.php,WellnessBuddyInviteController.php,.php,4526,messages
code/app/Http/Controllers/Frontend/CandidateMessagesController.php,CandidateMessagesController.php,.php,3849,messages
code/app/Http/Requests/Messaging/Concerns/ValidatesAttachmentConstraints.php,ValidatesAttachmentConstraints.php,.php,2763,messages
code/app/Http/Requests/Messaging/ReportMessageRequest.php,ReportMessageRequest.php,.php,974,messages
code/app/Http/Requests/Messaging/RespondWellnessBuddyInviteRequest.php,RespondWellnessBuddyInviteRequest.php,.php,277,messages
code/app/Http/Requests/Messaging/SendConversationMessageRequest.php,SendConversationMessageRequest.php,.php,5962,messages
code/app/Http/Requests/Messaging/StoreConversationRequest.php,StoreConversationRequest.php,.php,5362,messages
code/app/Http/Requests/Messaging/StoreConversationShareRequest.php,StoreConversationShareRequest.php,.php,2732,messages
code/app/Http/Requests/Messaging/StoreWellnessBuddyInviteRequest.php,StoreWellnessBuddyInviteRequest.php,.php,1113,messages
code/app/Http/Resources/Messaging/ConversationMessageResource.php,ConversationMessageResource.php,.php,4332,messages
code/app/Http/Resources/Messaging/ConversationParticipantResource.php,ConversationParticipantResource.php,.php,1622,messages
code/app/Http/Resources/Messaging/ConversationResource.php,ConversationResource.php,.php,1460,messages
code/app/Http/Resources/Messaging/MessageReportResource.php,MessageReportResource.php,.php,2163,messages
code/app/Http/Resources/Messaging/MessageRequestResource.php,MessageRequestResource.php,.php,1986,messages
code/app/Http/Resources/Messaging/WellnessBuddyInviteResource.php,WellnessBuddyInviteResource.php,.php,2227,messages
code/app/Jobs/Messaging/RecordCdnLatencySampleJob.php,RecordCdnLatencySampleJob.php,.php,4018,messages
code/app/Models/Conversation.php,Conversation.php,.php,4003,messages
code/app/Models/ConversationMessage.php,ConversationMessage.php,.php,3058,messages
code/app/Models/ConversationParticipant.php,ConversationParticipant.php,.php,3250,messages
code/app/Models/Message.php,Message.php,.php,4428,messages
code/app/Notifications/Messaging/MessageReceivedNotification.php,MessageReceivedNotification.php,.php,3183,messages
code/app/Notifications/Messaging/MessageReportFiledNotification.php,MessageReportFiledNotification.php,.php,2062,messages
code/app/Notifications/Messaging/MessageRequestNotification.php,MessageRequestNotification.php,.php,1673,messages
code/app/Policies/ConversationPolicy.php,ConversationPolicy.php,.php,1325,messages
code/app/Services/Messaging/BuddyInviteService.php,BuddyInviteService.php,.php,5463,messages
code/app/Services/Messaging/CdnHealthService.php,CdnHealthService.php,.php,11546,messages
code/app/Services/Messaging/ConversationService.php,ConversationService.php,.php,29175,messages
code/app/Services/Messaging/MessageReportService.php,MessageReportService.php,.php,5609,messages
code/app/Services/Messaging/MessagingPreviewPrivacyGuard.php,MessagingPreviewPrivacyGuard.php,.php,4575,messages
code/app/Services/Messaging/MessagingSafetyService.php,MessagingSafetyService.php,.php,1518,messages
code/app/Services/WelcomeMessageService.php,WelcomeMessageService.php,.php,2001,messages
code/app/Support/Messaging/AttachmentTypes.php,AttachmentTypes.php,.php,3092,messages
code/app/Support/Messaging/MessagePolicy.php,MessagePolicy.php,.php,4393,messages
code/app/Support/Messaging/ShareMetadataFormatter.php,ShareMetadataFormatter.php,.php,2077,messages
code/app/Support/Messaging/ShareableTypes.php,ShareableTypes.php,.php,430,messages
code/config/messaging.php,messaging.php,.php,4014,messages
code/database/migrations/2025_10_24_000006_create_messages_table.php,2025_10_24_000006_create_messages_table.php,.php,1111,messages
code/database/migrations/2025_11_17_010000_create_conversations_table.php,2025_11_17_010000_create_conversations_table.php,.php,1040,messages
code/database/migrations/2025_11_17_010100_create_conversation_participants_table.php,2025_11_17_010100_create_conversation_participants_table.php,.php,1226,messages
code/database/migrations/2025_11_17_010200_create_conversation_messages_table.php,2025_11_17_010200_create_conversation_messages_table.php,.php,1177,messages
template/app/Console/Commands/Messaging/PruneCdnLatencySamplesCommand.php,PruneCdnLatencySamplesCommand.php,.php,1092,messages
template/app/Console/Commands/Messaging/RecordCdnLatencySampleCommand.php,RecordCdnLatencySampleCommand.php,.php,492,messages
template/app/DataTransferObjects/Messaging/MessagingPreviewDecision.php,MessagingPreviewDecision.php,.php,588,messages
template/app/Events/ConversationMessageCreated.php,ConversationMessageCreated.php,.php,1087,messages
template/app/Http/Controllers/Api/V1/Messaging/ConversationController.php,ConversationController.php,.php,3836,messages
template/app/Http/Controllers/Api/V1/Messaging/ConversationMessageController.php,ConversationMessageController.php,.php,3108,messages
template/app/Http/Controllers/Api/V1/Messaging/ConversationShareController.php,ConversationShareController.php,.php,3792,messages
template/app/Http/Controllers/Api/V1/Messaging/MessageReportController.php,MessageReportController.php,.php,1591,messages
template/app/Http/Controllers/Api/V1/Messaging/MessageRequestController.php,MessageRequestController.php,.php,3189,messages
template/app/Http/Controllers/Api/V1/Messaging/MessagingMetaController.php,MessagingMetaController.php,.php,1061,messages
template/app/Http/Controllers/Api/V1/Messaging/WellnessBuddyInviteController.php,WellnessBuddyInviteController.php,.php,4526,messages
template/app/Http/Controllers/Frontend/CandidateMessagesController.php,CandidateMessagesController.php,.php,3849,messages
template/app/Http/Requests/Messaging/Concerns/ValidatesAttachmentConstraints.php,ValidatesAttachmentConstraints.php,.php,2763,messages
template/app/Http/Requests/Messaging/ReportMessageRequest.php,ReportMessageRequest.php,.php,974,messages
template/app/Http/Requests/Messaging/RespondWellnessBuddyInviteRequest.php,RespondWellnessBuddyInviteRequest.php,.php,277,messages
template/app/Http/Requests/Messaging/SendConversationMessageRequest.php,SendConversationMessageRequest.php,.php,5962,messages
template/app/Http/Requests/Messaging/StoreConversationRequest.php,StoreConversationRequest.php,.php,5362,messages
template/app/Http/Requests/Messaging/StoreConversationShareRequest.php,StoreConversationShareRequest.php,.php,2732,messages
template/app/Http/Requests/Messaging/StoreWellnessBuddyInviteRequest.php,StoreWellnessBuddyInviteRequest.php,.php,1113,messages
template/app/Http/Resources/Messaging/ConversationMessageResource.php,ConversationMessageResource.php,.php,4332,messages
template/app/Http/Resources/Messaging/ConversationParticipantResource.php,ConversationParticipantResource.php,.php,1622,messages
template/app/Http/Resources/Messaging/ConversationResource.php,ConversationResource.php,.php,1460,messages
template/app/Http/Resources/Messaging/MessageReportResource.php,MessageReportResource.php,.php,2163,messages
template/app/Http/Resources/Messaging/MessageRequestResource.php,MessageRequestResource.php,.php,1986,messages
template/app/Http/Resources/Messaging/WellnessBuddyInviteResource.php,WellnessBuddyInviteResource.php,.php,2227,messages
template/app/Jobs/Messaging/RecordCdnLatencySampleJob.php,RecordCdnLatencySampleJob.php,.php,4018,messages
template/app/Models/Conversation.php,Conversation.php,.php,4003,messages
template/app/Models/ConversationMessage.php,ConversationMessage.php,.php,3058,messages
template/app/Models/ConversationParticipant.php,ConversationParticipant.php,.php,3250,messages
template/app/Models/Message.php,Message.php,.php,4428,messages
template/app/Notifications/Messaging/MessageReceivedNotification.php,MessageReceivedNotification.php,.php,3183,messages
template/app/Notifications/Messaging/MessageReportFiledNotification.php,MessageReportFiledNotification.php,.php,2062,messages
template/app/Notifications/Messaging/MessageRequestNotification.php,MessageRequestNotification.php,.php,1673,messages
template/app/Policies/ConversationPolicy.php,ConversationPolicy.php,.php,1325,messages
template/app/Services/Messaging/BuddyInviteService.php,BuddyInviteService.php,.php,5463,messages
template/app/Services/Messaging/CdnHealthService.php,CdnHealthService.php,.php,11546,messages
template/app/Services/Messaging/ConversationService.php,ConversationService.php,.php,29175,messages
template/app/Services/Messaging/MessageReportService.php,MessageReportService.php,.php,5609,messages
template/app/Services/Messaging/MessagingPreviewPrivacyGuard.php,MessagingPreviewPrivacyGuard.php,.php,4575,messages
template/app/Services/Messaging/MessagingSafetyService.php,MessagingSafetyService.php,.php,1518,messages
template/app/Services/WelcomeMessageService.php,WelcomeMessageService.php,.php,2001,messages
template/app/Support/Messaging/AttachmentTypes.php,AttachmentTypes.php,.php,3092,messages
template/app/Support/Messaging/MessagePolicy.php,MessagePolicy.php,.php,4393,messages
template/app/Support/Messaging/ShareMetadataFormatter.php,ShareMetadataFormatter.php,.php,2077,messages
template/app/Support/Messaging/ShareableTypes.php,ShareableTypes.php,.php,430,messages
template/config/messaging.php,messaging.php,.php,4014,messages
template/database/migrations/2025_10_24_000006_create_messages_table.php,2025_10_24_000006_create_messages_table.php,.php,1111,messages
template/database/migrations/2025_11_17_010000_create_conversations_table.php,2025_11_17_010000_create_conversations_table.php,.php,1040,messages
template/database/migrations/2025_11_17_010100_create_conversation_participants_table.php,2025_11_17_010100_create_conversation_participants_table.php,.php,1226,messages
template/database/migrations/2025_11_17_010200_create_conversation_messages_table.php,2025_11_17_010200_create_conversation_messages_table.php,.php,1177,messages
code/app/Console/Commands/Moderation/BackfillTransparencyLogsCommand.php,BackfillTransparencyLogsCommand.php,.php,920,admin
code/app/Console/Commands/WomenRealEstate/AssignVerificationReviewerRole.php,AssignVerificationReviewerRole.php,.php,910,admin
code/app/Console/Commands/WomenRealEstate/WomenVerificationEncryptionAuditCommand.php,WomenVerificationEncryptionAuditCommand.php,.php,4270,admin
code/app/Console/Commands/WomenVerificationDryRunCommand.php,WomenVerificationDryRunCommand.php,.php,2529,admin
code/app/Enums/CompanyVerificationStatus.php,CompanyVerificationStatus.php,.php,239,admin
code/app/Enums/WomenRealEstate/VerificationStage.php,VerificationStage.php,.php,631,admin
code/app/Exports/WomenRealEstate/WomenVerificationAuditExport.php,WomenVerificationAuditExport.php,.php,3637,admin
code/app/Exports/WomenRealEstate/WomenVerificationRegulatorAgentsSheet.php,WomenVerificationRegulatorAgentsSheet.php,.php,4119,admin
code/app/Exports/WomenRealEstate/WomenVerificationRegulatorReportExport.php,WomenVerificationRegulatorReportExport.php,.php,995,admin
code/app/Exports/WomenRealEstate/WomenVerificationRegulatorSummarySheet.php,WomenVerificationRegulatorSummarySheet.php,.php,3959,admin
code/app/Http/Controllers/Admin/AIAnalyticsController.php,AIAnalyticsController.php,.php,33326,admin
code/app/Http/Controllers/Admin/AIStage2Controller.php,AIStage2Controller.php,.php,7322,admin
code/app/Http/Controllers/Admin/AIStage3Controller.php,AIStage3Controller.php,.php,3946,admin
code/app/Http/Controllers/Admin/AIStage4Controller.php,AIStage4Controller.php,.php,4629,admin
code/app/Http/Controllers/Admin/AboutController.php,AboutController.php,.php,1323,admin
code/app/Http/Controllers/Admin/AdminAutomotiveController.php,AdminAutomotiveController.php,.php,1557,admin
code/app/Http/Controllers/Admin/AdminNotificationController.php,AdminNotificationController.php,.php,1281,admin
code/app/Http/Controllers/Admin/AdminWidgetController.php,AdminWidgetController.php,.php,1926,admin
code/app/Http/Controllers/Admin/AnalyticsController.php,AnalyticsController.php,.php,4232,admin
code/app/Http/Controllers/Admin/CandidateController.php,CandidateController.php,.php,6612,admin
code/app/Http/Controllers/Admin/CityController.php,CityController.php,.php,3218,admin
code/app/Http/Controllers/Admin/ClearDatabaseController.php,ClearDatabaseController.php,.php,1471,admin
code/app/Http/Controllers/Admin/CompanyVerificationController.php,CompanyVerificationController.php,.php,3868,admin
code/app/Http/Controllers/Admin/CounterController.php,CounterController.php,.php,1863,admin
code/app/Http/Controllers/Admin/CountryController.php,CountryController.php,.php,2861,admin
code/app/Http/Controllers/Admin/CustomPageBuilderController.php,CustomPageBuilderController.php,.php,2803,admin
code/app/Http/Controllers/Admin/DashboardController.php,DashboardController.php,.php,1793,admin
code/app/Http/Controllers/Admin/EducationController.php,EducationController.php,.php,2871,admin
code/app/Http/Controllers/Admin/EntertainmentController.php,EntertainmentController.php,.php,9639,admin
code/app/Http/Controllers/Admin/EtlDashboardController.php,EtlDashboardController.php,.php,1923,admin
code/app/Http/Controllers/Admin/FooterController.php,FooterController.php,.php,1222,admin
code/app/Http/Controllers/Admin/GrowthAnalyticsController.php,GrowthAnalyticsController.php,.php,1548,admin
code/app/Http/Controllers/Admin/HeroController.php,HeroController.php,.php,1639,admin
code/app/Http/Controllers/Admin/IdentityFlagController.php,IdentityFlagController.php,.php,1649,admin
code/app/Http/Controllers/Admin/IndustryTypeController.php,IndustryTypeController.php,.php,2894,admin
code/app/Http/Controllers/Admin/JobCategoryController.php,JobCategoryController.php,.php,3664,admin
code/app/Http/Controllers/Admin/JobController.php,JobController.php,.php,9312,admin
code/app/Http/Controllers/Admin/JobExperienceController.php,JobExperienceController.php,.php,3017,admin
code/app/Http/Controllers/Admin/JobLocationController.php,JobLocationController.php,.php,2959,admin
code/app/Http/Controllers/Admin/JobRoleController.php,JobRoleController.php,.php,2778,admin
code/app/Http/Controllers/Admin/JobTypeController.php,JobTypeController.php,.php,2817,admin
code/app/Http/Controllers/Admin/LanguageController.php,LanguageController.php,.php,2854,admin
code/app/Http/Controllers/Admin/LearnMoreController.php,LearnMoreController.php,.php,1643,admin
code/app/Http/Controllers/Admin/LocationController.php,LocationController.php,.php,539,admin
code/app/Http/Controllers/Admin/MenuBuilderController.php,MenuBuilderController.php,.php,516,admin
code/app/Http/Controllers/Admin/MortgageAnalyticsController.php,MortgageAnalyticsController.php,.php,2667,admin
code/app/Http/Controllers/Admin/NewsletterController.php,NewsletterController.php,.php,1691,admin
code/app/Http/Controllers/Admin/OmegaAIController.php,OmegaAIController.php,.php,4314,admin
code/app/Http/Controllers/Admin/OrderController.php,OrderController.php,.php,2249,admin
code/app/Http/Controllers/Admin/OrgPageController.php,OrgPageController.php,.php,9939,admin
code/app/Http/Controllers/Admin/OrganizationTypeController.php,OrganizationTypeController.php,.php,3005,admin
code/app/Http/Controllers/Admin/OskoPayIDSettingController.php,OskoPayIDSettingController.php,.php,0,admin
code/app/Http/Controllers/Admin/PaymentController.php,PaymentController.php,.php,10309,admin
code/app/Http/Controllers/Admin/PaymentSettingController.php,PaymentSettingController.php,.php,2395,admin
code/app/Http/Controllers/Admin/PlanController.php,PlanController.php,.php,3135,admin
code/app/Http/Controllers/Admin/ProfessionController.php,ProfessionController.php,.php,2913,admin
code/app/Http/Controllers/Admin/QuantumAIController.php,QuantumAIController.php,.php,2975,admin
code/app/Http/Controllers/Admin/ReviewController.php,ReviewController.php,.php,3010,admin
code/app/Http/Controllers/Admin/RolePermissionController.php,RolePermissionController.php,.php,3362,admin
code/app/Http/Controllers/Admin/RoleUserController.php,RoleUserController.php,.php,3523,admin
code/app/Http/Controllers/Admin/SalaryTypeController.php,SalaryTypeController.php,.php,2836,admin
code/app/Http/Controllers/Admin/SessionSecurityController.php,SessionSecurityController.php,.php,3143,admin
code/app/Http/Controllers/Admin/SiteSettingController.php,SiteSettingController.php,.php,2238,admin
code/app/Http/Controllers/Admin/SkillController.php,SkillController.php,.php,2942,admin
code/app/Http/Controllers/Admin/StateController.php,StateController.php,.php,3112,admin
code/app/Http/Controllers/Admin/TagController.php,TagController.php,.php,2728,admin
code/app/Http/Controllers/Admin/TurboTaxController.php,TurboTaxController.php,.php,2071,admin
code/app/Http/Controllers/Admin/WhyChooseUsController.php,WhyChooseUsController.php,.php,2101,admin
code/app/Http/Controllers/Admin/WomenVerificationAnalyticsController.php,WomenVerificationAnalyticsController.php,.php,1265,admin
code/app/Http/Controllers/Admin/WomenVerificationAuditExportController.php,WomenVerificationAuditExportController.php,.php,833,admin
code/app/Http/Controllers/Admin/WomenVerificationDryRunController.php,WomenVerificationDryRunController.php,.php,3697,admin
code/app/Http/Controllers/Admin/WomenVerificationQueueController.php,WomenVerificationQueueController.php,.php,408,admin
code/app/Http/Controllers/Admin/WomenVerificationRegulatorReportExportController.php,WomenVerificationRegulatorReportExportController.php,.php,1101,admin
code/app/Http/Controllers/Api/ModerationController.php,ModerationController.php,.php,2202,admin
code/app/Http/Controllers/Api/V1/AdminScholarshipApplicationDocumentController.php,AdminScholarshipApplicationDocumentController.php,.php,0,admin
code/app/Http/Controllers/Frontend/CompanyJobModerationController.php,CompanyJobModerationController.php,.php,0,admin
code/app/Http/Controllers/Frontend/CompanyVerificationController.php,CompanyVerificationController.php,.php,2160,admin
code/app/Http/Requests/Admin/AboutUsUpdateRequest.php,AboutUsUpdateRequest.php,.php,373,admin
code/app/Http/Requests/Admin/CompanyVerificationAssignRequest.php,CompanyVerificationAssignRequest.php,.php,0,admin
code/app/Http/Requests/Admin/CompanyVerificationDecisionRequest.php,CompanyVerificationDecisionRequest.php,.php,0,admin
code/app/Http/Requests/Admin/CompanyVerificationRejectRequest.php,CompanyVerificationRejectRequest.php,.php,0,admin
code/app/Http/Requests/Admin/ContactMailRequest.php,ContactMailRequest.php,.php,370,admin
code/app/Http/Requests/Admin/GeneralSettingUpdateRequest.php,GeneralSettingUpdateRequest.php,.php,1217,admin
code/app/Http/Requests/Admin/JobApprovalDecisionRequest.php,JobApprovalDecisionRequest.php,.php,0,admin
code/app/Http/Requests/Admin/JobApprovalRejectRequest.php,JobApprovalRejectRequest.php,.php,0,admin
code/app/Http/Requests/Admin/JobCreateRequest.php,JobCreateRequest.php,.php,926,admin
code/app/Http/Requests/Admin/JobLocationCreateRequest.php,JobLocationCreateRequest.php,.php,0,admin
code/app/Http/Requests/Admin/JobLocationUpdateRequest.php,JobLocationUpdateRequest.php,.php,0,admin
code/app/Http/Requests/Admin/PaypalSettingUpdateReqeust.php,PaypalSettingUpdateReqeust.php,.php,594,admin
code/app/Http/Requests/Admin/PlanCreateRequest.php,PlanCreateRequest.php,.php,507,admin
code/app/Http/Requests/Admin/ReviewCreateRequest.php,ReviewCreateRequest.php,.php,381,admin
code/app/Http/Requests/Admin/ReviewUpdateRequest.php,ReviewUpdateRequest.php,.php,381,admin
code/app/Http/Requests/Admin/StripeSettingUpdateRequest.php,StripeSettingUpdateRequest.php,.php,507,admin
code/app/Http/Requests/Frontend/CompanyVerificationRequest.php,CompanyVerificationRequest.php,.php,1971,admin
code/app/Http/Requests/Scholarships/AdminScholarshipApplicationDocumentUpdateRequest.php,AdminScholarshipApplicationDocumentUpdateRequest.php,.php,0,admin
code/app/Http/Resources/VerificationAuditResource.php,VerificationAuditResource.php,.php,1136,admin
code/app/Http/Resources/VerificationDocumentResource.php,VerificationDocumentResource.php,.php,1086,admin
code/app/Jobs/WomenRealEstate/ProcessAgentVerificationJob.php,ProcessAgentVerificationJob.php,.php,712,admin
code/app/Jobs/WomenRealEstate/SendVerificationReminderJob.php,SendVerificationReminderJob.php,.php,2315,admin
code/app/Listeners/NotifyOrgAdminsOfLead.php,NotifyOrgAdminsOfLead.php,.php,215,admin
code/app/Livewire/Account/Personas/VerificationWizard.php,VerificationWizard.php,.php,17964,admin
code/app/Livewire/Admin/AdReviewConsole.php,AdReviewConsole.php,.php,10709,admin
code/app/Livewire/Admin/RevenueOpsCenter.php,RevenueOpsCenter.php,.php,7918,admin
code/app/Livewire/Admin/TrustSafetyDashboard.php,TrustSafetyDashboard.php,.php,8412,admin
code/app/Livewire/Admin/VerificationHub.php,VerificationHub.php,.php,7569,admin
code/app/Livewire/Admin/WomenVerification/QueueTable.php,QueueTable.php,.php,10521,admin
code/app/Livewire/Agents/VerificationAssistant.php,VerificationAssistant.php,.php,3700,admin
code/app/Livewire/Agents/VerificationWizard.php,VerificationWizard.php,.php,23284,admin
code/app/Mail/AdminCompanyVerificationSubmittedMail.php,AdminCompanyVerificationSubmittedMail.php,.php,0,admin
code/app/Mail/AdminNewUserMail.php,AdminNewUserMail.php,.php,336,admin
code/app/Mail/CompanyVerificationStatusMail.php,CompanyVerificationStatusMail.php,.php,433,admin
code/app/Models/Admin.php,Admin.php,.php,6527,admin
code/app/Models/Admin/Widget.php,Widget.php,.php,405,admin
code/app/Models/AdminNotification.php,AdminNotification.php,.php,2266,admin
code/app/Models/CompanyVerification.php,CompanyVerification.php,.php,3350,admin
code/app/Models/OrgPageAdmin.php,OrgPageAdmin.php,.php,1754,admin
code/app/Models/VerificationAudit.php,VerificationAudit.php,.php,2379,admin
code/app/Models/VerificationDocument.php,VerificationDocument.php,.php,2719,admin
code/app/Models/VerificationQueueAssignment.php,VerificationQueueAssignment.php,.php,2798,admin
code/app/Models/WomenRealEstate/WomenAgentVerificationAudit.php,WomenAgentVerificationAudit.php,.php,2947,admin
code/app/Notifications/WomenRealEstate/WomenAgentReverificationScheduledNotification.php,WomenAgentReverificationScheduledNotification.php,.php,1315,admin
code/app/Notifications/WomenRealEstate/WomenAgentVerificationStatusNotification.php,WomenAgentVerificationStatusNotification.php,.php,2014,admin
code/app/Services/AutomatedModerationService.php,AutomatedModerationService.php,.php,0,admin
code/app/Services/CompanyVerificationService.php,CompanyVerificationService.php,.php,2328,admin
code/app/Services/ContentModerationService.php,ContentModerationService.php,.php,5037,admin
code/app/Services/Moderation/OpenAIModerationProvider.php,OpenAIModerationProvider.php,.php,4165,admin
code/app/Services/Moderation/ProviderInterface.php,ProviderInterface.php,.php,518,admin
code/app/Services/WomenRealEstate/WomenVerificationAiSummaryService.php,WomenVerificationAiSummaryService.php,.php,2908,admin
code/app/Services/WomenRealEstate/WomenVerificationAnalyticsService.php,WomenVerificationAnalyticsService.php,.php,8257,admin
code/app/Services/WomenRealEstate/WomenVerificationAssistantService.php,WomenVerificationAssistantService.php,.php,5550,admin
code/app/Services/WomenRealEstate/WomenVerificationDryRunService.php,WomenVerificationDryRunService.php,.php,3979,admin
code/app/Services/WomenRealEstate/WomenVerificationReminderService.php,WomenVerificationReminderService.php,.php,2187,admin
code/app/Services/WomenRealEstate/WomenVerificationService.php,WomenVerificationService.php,.php,16949,admin
code/config/moderation.php,moderation.php,.php,1542,admin
code/database/factories/AdminFactory.php,AdminFactory.php,.php,468,admin
code/database/factories/AdminWidgetFactory.php,AdminWidgetFactory.php,.php,568,admin
code/database/factories/OrgPageAdminFactory.php,OrgPageAdminFactory.php,.php,715,admin
code/database/factories/WomenRealEstate/WomenAgentVerificationAuditFactory.php,WomenAgentVerificationAuditFactory.php,.php,808,admin
code/database/migrations/2023_12_11_093917_create_admins_table.php,2023_12_11_093917_create_admins_table.php,.php,906,admin
code/database/migrations/2025_10_25_090000_add_verification_fields_to_companies_table.php,2025_10_25_090000_add_verification_fields_to_companies_table.php,.php,4135,admin
code/database/migrations/2025_10_25_090100_create_company_verifications_table.php,2025_10_25_090100_create_company_verifications_table.php,.php,1345,admin
code/database/migrations/2025_10_28_120000_normalize_company_verification_notes.php,2025_10_28_120000_normalize_company_verification_notes.php,.php,1366,admin
code/database/migrations/2025_10_30_000002_create_org_page_admins_table.php,2025_10_30_000002_create_org_page_admins_table.php,.php,753,admin
code/database/migrations/2025_11_03_000500_add_streaming_and_moderation_to_org_media_assets_table.php,2025_11_03_000500_add_streaming_and_moderation_to_org_media_assets_table.php,.php,2468,admin
code/database/migrations/2025_11_11_101100_create_agent_verifications_table.php,2025_11_11_101100_create_agent_verifications_table.php,.php,1393,admin
code/database/migrations/2025_11_17_150000_create_admin_notifications_table.php,2025_11_17_150000_create_admin_notifications_table.php,.php,866,admin
code/database/migrations/2025_12_01_000001_add_moderation_fields_to_member_media.php,2025_12_01_000001_add_moderation_fields_to_member_media.php,.php,746,admin
code/database/migrations/2025_12_01_000002_create_moderation_metrics_view.php,2025_12_01_000002_create_moderation_metrics_view.php,.php,817,admin
code/database/migrations/2025_12_05_000000_create_admin_widgets_table.php,2025_12_05_000000_create_admin_widgets_table.php,.php,700,admin
code/database/seeders/AdminSeeder.php,AdminSeeder.php,.php,2756,admin
code/database/seeders/ModerationPermissionSeeder.php,ModerationPermissionSeeder.php,.php,1148,admin
code/database/seeders/MutiroAdminDashboardSeeder.php,MutiroAdminDashboardSeeder.php,.php,7569,admin
code/database/seeders/VerificationPermissionSeeder.php,VerificationPermissionSeeder.php,.php,1153,admin
code/moneyman-laravel/database/migrations/2025_10_30_000002_create_org_page_admins_table.php,2025_10_30_000002_create_org_page_admins_table.php,.php,749,admin
template/app/Console/Commands/Moderation/BackfillTransparencyLogsCommand.php,BackfillTransparencyLogsCommand.php,.php,920,admin
template/app/Console/Commands/WomenRealEstate/AssignVerificationReviewerRole.php,AssignVerificationReviewerRole.php,.php,910,admin
template/app/Console/Commands/WomenRealEstate/WomenVerificationEncryptionAuditCommand.php,WomenVerificationEncryptionAuditCommand.php,.php,4270,admin
template/app/Console/Commands/WomenVerificationDryRunCommand.php,WomenVerificationDryRunCommand.php,.php,2529,admin
template/app/Enums/CompanyVerificationStatus.php,CompanyVerificationStatus.php,.php,239,admin
template/app/Enums/WomenRealEstate/VerificationStage.php,VerificationStage.php,.php,631,admin
template/app/Exports/WomenRealEstate/WomenVerificationAuditExport.php,WomenVerificationAuditExport.php,.php,3637,admin
template/app/Exports/WomenRealEstate/WomenVerificationRegulatorAgentsSheet.php,WomenVerificationRegulatorAgentsSheet.php,.php,4119,admin
template/app/Exports/WomenRealEstate/WomenVerificationRegulatorReportExport.php,WomenVerificationRegulatorReportExport.php,.php,995,admin
template/app/Exports/WomenRealEstate/WomenVerificationRegulatorSummarySheet.php,WomenVerificationRegulatorSummarySheet.php,.php,3959,admin
template/app/Http/Controllers/Admin/AIAnalyticsController.php,AIAnalyticsController.php,.php,33326,admin
template/app/Http/Controllers/Admin/AIStage2Controller.php,AIStage2Controller.php,.php,7322,admin
template/app/Http/Controllers/Admin/AIStage3Controller.php,AIStage3Controller.php,.php,3946,admin
template/app/Http/Controllers/Admin/AIStage4Controller.php,AIStage4Controller.php,.php,4629,admin
template/app/Http/Controllers/Admin/AboutController.php,AboutController.php,.php,1323,admin
template/app/Http/Controllers/Admin/AdminAutomotiveController.php,AdminAutomotiveController.php,.php,1557,admin
template/app/Http/Controllers/Admin/AdminNotificationController.php,AdminNotificationController.php,.php,1281,admin
template/app/Http/Controllers/Admin/AdminWidgetController.php,AdminWidgetController.php,.php,1926,admin
template/app/Http/Controllers/Admin/AnalyticsController.php,AnalyticsController.php,.php,4232,admin
template/app/Http/Controllers/Admin/CandidateController.php,CandidateController.php,.php,6612,admin
template/app/Http/Controllers/Admin/CityController.php,CityController.php,.php,3218,admin
template/app/Http/Controllers/Admin/ClearDatabaseController.php,ClearDatabaseController.php,.php,1471,admin
template/app/Http/Controllers/Admin/CompanyVerificationController.php,CompanyVerificationController.php,.php,3868,admin
template/app/Http/Controllers/Admin/CounterController.php,CounterController.php,.php,1863,admin
template/app/Http/Controllers/Admin/CountryController.php,CountryController.php,.php,2861,admin
template/app/Http/Controllers/Admin/CustomPageBuilderController.php,CustomPageBuilderController.php,.php,2803,admin
template/app/Http/Controllers/Admin/DashboardController.php,DashboardController.php,.php,1793,admin
template/app/Http/Controllers/Admin/EducationController.php,EducationController.php,.php,2871,admin
template/app/Http/Controllers/Admin/EntertainmentController.php,EntertainmentController.php,.php,9639,admin
template/app/Http/Controllers/Admin/EtlDashboardController.php,EtlDashboardController.php,.php,1923,admin
template/app/Http/Controllers/Admin/FooterController.php,FooterController.php,.php,1222,admin
template/app/Http/Controllers/Admin/GrowthAnalyticsController.php,GrowthAnalyticsController.php,.php,1548,admin
template/app/Http/Controllers/Admin/HeroController.php,HeroController.php,.php,1639,admin
template/app/Http/Controllers/Admin/IdentityFlagController.php,IdentityFlagController.php,.php,1649,admin
template/app/Http/Controllers/Admin/IndustryTypeController.php,IndustryTypeController.php,.php,2894,admin
template/app/Http/Controllers/Admin/JobCategoryController.php,JobCategoryController.php,.php,3664,admin
template/app/Http/Controllers/Admin/JobController.php,JobController.php,.php,9312,admin
template/app/Http/Controllers/Admin/JobExperienceController.php,JobExperienceController.php,.php,3017,admin
template/app/Http/Controllers/Admin/JobLocationController.php,JobLocationController.php,.php,2959,admin
template/app/Http/Controllers/Admin/JobRoleController.php,JobRoleController.php,.php,2778,admin
template/app/Http/Controllers/Admin/JobTypeController.php,JobTypeController.php,.php,2817,admin
template/app/Http/Controllers/Admin/LanguageController.php,LanguageController.php,.php,2854,admin
template/app/Http/Controllers/Admin/LearnMoreController.php,LearnMoreController.php,.php,1643,admin
template/app/Http/Controllers/Admin/LocationController.php,LocationController.php,.php,539,admin
template/app/Http/Controllers/Admin/MenuBuilderController.php,MenuBuilderController.php,.php,516,admin
template/app/Http/Controllers/Admin/MortgageAnalyticsController.php,MortgageAnalyticsController.php,.php,2667,admin
template/app/Http/Controllers/Admin/NewsletterController.php,NewsletterController.php,.php,1691,admin
template/app/Http/Controllers/Admin/OmegaAIController.php,OmegaAIController.php,.php,4314,admin
template/app/Http/Controllers/Admin/OrderController.php,OrderController.php,.php,2249,admin
template/app/Http/Controllers/Admin/OrgPageController.php,OrgPageController.php,.php,9939,admin
template/app/Http/Controllers/Admin/OrganizationTypeController.php,OrganizationTypeController.php,.php,3005,admin
template/app/Http/Controllers/Admin/OskoPayIDSettingController.php,OskoPayIDSettingController.php,.php,0,admin
template/app/Http/Controllers/Admin/PaymentController.php,PaymentController.php,.php,10309,admin
template/app/Http/Controllers/Admin/PaymentSettingController.php,PaymentSettingController.php,.php,2395,admin
template/app/Http/Controllers/Admin/PlanController.php,PlanController.php,.php,3135,admin
template/app/Http/Controllers/Admin/ProfessionController.php,ProfessionController.php,.php,2913,admin
template/app/Http/Controllers/Admin/QuantumAIController.php,QuantumAIController.php,.php,2975,admin
template/app/Http/Controllers/Admin/ReviewController.php,ReviewController.php,.php,3010,admin
template/app/Http/Controllers/Admin/RolePermissionController.php,RolePermissionController.php,.php,3362,admin
template/app/Http/Controllers/Admin/RoleUserController.php,RoleUserController.php,.php,3523,admin
template/app/Http/Controllers/Admin/SalaryTypeController.php,SalaryTypeController.php,.php,2836,admin
template/app/Http/Controllers/Admin/SessionSecurityController.php,SessionSecurityController.php,.php,3143,admin
template/app/Http/Controllers/Admin/SiteSettingController.php,SiteSettingController.php,.php,2238,admin
template/app/Http/Controllers/Admin/SkillController.php,SkillController.php,.php,2942,admin
template/app/Http/Controllers/Admin/StateController.php,StateController.php,.php,3112,admin
template/app/Http/Controllers/Admin/TagController.php,TagController.php,.php,2728,admin
template/app/Http/Controllers/Admin/TurboTaxController.php,TurboTaxController.php,.php,2071,admin
template/app/Http/Controllers/Admin/WhyChooseUsController.php,WhyChooseUsController.php,.php,2101,admin
template/app/Http/Controllers/Admin/WomenVerificationAnalyticsController.php,WomenVerificationAnalyticsController.php,.php,1265,admin
template/app/Http/Controllers/Admin/WomenVerificationAuditExportController.php,WomenVerificationAuditExportController.php,.php,833,admin
template/app/Http/Controllers/Admin/WomenVerificationDryRunController.php,WomenVerificationDryRunController.php,.php,3697,admin
template/app/Http/Controllers/Admin/WomenVerificationQueueController.php,WomenVerificationQueueController.php,.php,408,admin
template/app/Http/Controllers/Admin/WomenVerificationRegulatorReportExportController.php,WomenVerificationRegulatorReportExportController.php,.php,1101,admin
template/app/Http/Controllers/Api/ModerationController.php,ModerationController.php,.php,2202,admin
template/app/Http/Controllers/Api/V1/AdminScholarshipApplicationDocumentController.php,AdminScholarshipApplicationDocumentController.php,.php,0,admin
template/app/Http/Controllers/Frontend/CompanyJobModerationController.php,CompanyJobModerationController.php,.php,0,admin
template/app/Http/Controllers/Frontend/CompanyVerificationController.php,CompanyVerificationController.php,.php,2160,admin
template/app/Http/Requests/Admin/AboutUsUpdateRequest.php,AboutUsUpdateRequest.php,.php,373,admin
template/app/Http/Requests/Admin/CompanyVerificationAssignRequest.php,CompanyVerificationAssignRequest.php,.php,0,admin
template/app/Http/Requests/Admin/CompanyVerificationDecisionRequest.php,CompanyVerificationDecisionRequest.php,.php,0,admin
template/app/Http/Requests/Admin/CompanyVerificationRejectRequest.php,CompanyVerificationRejectRequest.php,.php,0,admin
template/app/Http/Requests/Admin/ContactMailRequest.php,ContactMailRequest.php,.php,370,admin
template/app/Http/Requests/Admin/GeneralSettingUpdateRequest.php,GeneralSettingUpdateRequest.php,.php,1217,admin
template/app/Http/Requests/Admin/JobApprovalDecisionRequest.php,JobApprovalDecisionRequest.php,.php,0,admin
template/app/Http/Requests/Admin/JobApprovalRejectRequest.php,JobApprovalRejectRequest.php,.php,0,admin
template/app/Http/Requests/Admin/JobCreateRequest.php,JobCreateRequest.php,.php,926,admin
template/app/Http/Requests/Admin/JobLocationCreateRequest.php,JobLocationCreateRequest.php,.php,0,admin
template/app/Http/Requests/Admin/JobLocationUpdateRequest.php,JobLocationUpdateRequest.php,.php,0,admin
template/app/Http/Requests/Admin/PaypalSettingUpdateReqeust.php,PaypalSettingUpdateReqeust.php,.php,594,admin
template/app/Http/Requests/Admin/PlanCreateRequest.php,PlanCreateRequest.php,.php,507,admin
template/app/Http/Requests/Admin/ReviewCreateRequest.php,ReviewCreateRequest.php,.php,381,admin
template/app/Http/Requests/Admin/ReviewUpdateRequest.php,ReviewUpdateRequest.php,.php,381,admin
template/app/Http/Requests/Admin/StripeSettingUpdateRequest.php,StripeSettingUpdateRequest.php,.php,507,admin
template/app/Http/Requests/Frontend/CompanyVerificationRequest.php,CompanyVerificationRequest.php,.php,1971,admin
template/app/Http/Requests/Scholarships/AdminScholarshipApplicationDocumentUpdateRequest.php,AdminScholarshipApplicationDocumentUpdateRequest.php,.php,0,admin
template/app/Http/Resources/VerificationAuditResource.php,VerificationAuditResource.php,.php,1136,admin
template/app/Http/Resources/VerificationDocumentResource.php,VerificationDocumentResource.php,.php,1086,admin
template/app/Jobs/WomenRealEstate/ProcessAgentVerificationJob.php,ProcessAgentVerificationJob.php,.php,712,admin
template/app/Jobs/WomenRealEstate/SendVerificationReminderJob.php,SendVerificationReminderJob.php,.php,2315,admin
template/app/Listeners/NotifyOrgAdminsOfLead.php,NotifyOrgAdminsOfLead.php,.php,215,admin
template/app/Livewire/Account/Personas/VerificationWizard.php,VerificationWizard.php,.php,17964,admin
template/app/Livewire/Admin/AdReviewConsole.php,AdReviewConsole.php,.php,10709,admin
template/app/Livewire/Admin/RevenueOpsCenter.php,RevenueOpsCenter.php,.php,7918,admin
template/app/Livewire/Admin/TrustSafetyDashboard.php,TrustSafetyDashboard.php,.php,8412,admin
template/app/Livewire/Admin/VerificationHub.php,VerificationHub.php,.php,7569,admin
template/app/Livewire/Admin/WomenVerification/QueueTable.php,QueueTable.php,.php,10521,admin
template/app/Livewire/Agents/VerificationAssistant.php,VerificationAssistant.php,.php,3700,admin
template/app/Livewire/Agents/VerificationWizard.php,VerificationWizard.php,.php,23284,admin
template/app/Mail/AdminCompanyVerificationSubmittedMail.php,AdminCompanyVerificationSubmittedMail.php,.php,0,admin
template/app/Mail/AdminNewUserMail.php,AdminNewUserMail.php,.php,336,admin
template/app/Mail/CompanyVerificationStatusMail.php,CompanyVerificationStatusMail.php,.php,433,admin
template/app/Models/Admin.php,Admin.php,.php,6527,admin
template/app/Models/Admin/Widget.php,Widget.php,.php,405,admin
template/app/Models/AdminNotification.php,AdminNotification.php,.php,2266,admin
template/app/Models/CompanyVerification.php,CompanyVerification.php,.php,3350,admin
template/app/Models/OrgPageAdmin.php,OrgPageAdmin.php,.php,1754,admin
template/app/Models/VerificationAudit.php,VerificationAudit.php,.php,2379,admin
template/app/Models/VerificationDocument.php,VerificationDocument.php,.php,2719,admin
template/app/Models/VerificationQueueAssignment.php,VerificationQueueAssignment.php,.php,2798,admin
template/app/Models/WomenRealEstate/WomenAgentVerificationAudit.php,WomenAgentVerificationAudit.php,.php,2947,admin
template/app/Notifications/WomenRealEstate/WomenAgentReverificationScheduledNotification.php,WomenAgentReverificationScheduledNotification.php,.php,1315,admin
template/app/Notifications/WomenRealEstate/WomenAgentVerificationStatusNotification.php,WomenAgentVerificationStatusNotification.php,.php,2014,admin
template/app/Services/AutomatedModerationService.php,AutomatedModerationService.php,.php,0,admin
template/app/Services/CompanyVerificationService.php,CompanyVerificationService.php,.php,2328,admin
template/app/Services/ContentModerationService.php,ContentModerationService.php,.php,5037,admin
template/app/Services/Moderation/OpenAIModerationProvider.php,OpenAIModerationProvider.php,.php,4165,admin
template/app/Services/Moderation/ProviderInterface.php,ProviderInterface.php,.php,518,admin
template/app/Services/WomenRealEstate/WomenVerificationAiSummaryService.php,WomenVerificationAiSummaryService.php,.php,2908,admin
template/app/Services/WomenRealEstate/WomenVerificationAnalyticsService.php,WomenVerificationAnalyticsService.php,.php,8257,admin
template/app/Services/WomenRealEstate/WomenVerificationAssistantService.php,WomenVerificationAssistantService.php,.php,5550,admin
template/app/Services/WomenRealEstate/WomenVerificationDryRunService.php,WomenVerificationDryRunService.php,.php,3979,admin
template/app/Services/WomenRealEstate/WomenVerificationReminderService.php,WomenVerificationReminderService.php,.php,2187,admin
template/app/Services/WomenRealEstate/WomenVerificationService.php,WomenVerificationService.php,.php,16949,admin
template/config/moderation.php,moderation.php,.php,1542,admin
template/database/factories/AdminFactory.php,AdminFactory.php,.php,468,admin
template/database/factories/AdminWidgetFactory.php,AdminWidgetFactory.php,.php,568,admin
template/database/factories/OrgPageAdminFactory.php,OrgPageAdminFactory.php,.php,715,admin
template/database/factories/WomenRealEstate/WomenAgentVerificationAuditFactory.php,WomenAgentVerificationAuditFactory.php,.php,808,admin
template/database/migrations/2023_12_11_093917_create_admins_table.php,2023_12_11_093917_create_admins_table.php,.php,906,admin
template/database/migrations/2025_10_25_090000_add_verification_fields_to_companies_table.php,2025_10_25_090000_add_verification_fields_to_companies_table.php,.php,4135,admin
template/database/migrations/2025_10_25_090100_create_company_verifications_table.php,2025_10_25_090100_create_company_verifications_table.php,.php,1345,admin
template/database/migrations/2025_10_28_120000_normalize_company_verification_notes.php,2025_10_28_120000_normalize_company_verification_notes.php,.php,1366,admin
template/database/migrations/2025_10_30_000002_create_org_page_admins_table.php,2025_10_30_000002_create_org_page_admins_table.php,.php,753,admin
template/database/migrations/2025_11_03_000500_add_streaming_and_moderation_to_org_media_assets_table.php,2025_11_03_000500_add_streaming_and_moderation_to_org_media_assets_table.php,.php,2468,admin
template/database/migrations/2025_11_11_101100_create_agent_verifications_table.php,2025_11_11_101100_create_agent_verifications_table.php,.php,1393,admin
template/database/migrations/2025_11_17_150000_create_admin_notifications_table.php,2025_11_17_150000_create_admin_notifications_table.php,.php,866,admin
template/database/migrations/2025_12_01_000001_add_moderation_fields_to_member_media.php,2025_12_01_000001_add_moderation_fields_to_member_media.php,.php,746,admin
template/database/migrations/2025_12_01_000002_create_moderation_metrics_view.php,2025_12_01_000002_create_moderation_metrics_view.php,.php,817,admin
template/database/migrations/2025_12_05_000000_create_admin_widgets_table.php,2025_12_05_000000_create_admin_widgets_table.php,.php,700,admin
template/database/seeders/AdminSeeder.php,AdminSeeder.php,.php,2756,admin
template/database/seeders/ModerationPermissionSeeder.php,ModerationPermissionSeeder.php,.php,1148,admin
template/database/seeders/MutiroAdminDashboardSeeder.php,MutiroAdminDashboardSeeder.php,.php,7569,admin
template/database/seeders/VerificationPermissionSeeder.php,VerificationPermissionSeeder.php,.php,1153,admin
template/moneyman-laravel/database/migrations/2025_10_30_000002_create_org_page_admins_table.php,2025_10_30_000002_create_org_page_admins_table.php,.php,749,admin
template/resources/views/account/personas/verification.blade.php,verification.blade.php,.php,1004,admin
template/resources/views/admin/about-us/index.blade.php,index.blade.php,.php,2881,admin
template/resources/views/admin/access-management/role-user/create.blade.php,create.blade.php,.php,3330,admin
template/resources/views/admin/access-management/role-user/edit.blade.php,edit.blade.php,.php,3481,admin
template/resources/views/admin/access-management/role-user/index.blade.php,index.blade.php,.php,4096,admin
template/resources/views/admin/access-management/role/create.blade.php,create.blade.php,.php,2447,admin
template/resources/views/admin/access-management/role/edit.blade.php,edit.blade.php,.php,2666,admin
template/resources/views/admin/access-management/role/index.blade.php,index.blade.php,.php,4055,admin
template/resources/views/admin/ai-analytics/index.blade.php,index.blade.php,.php,106132,admin
template/resources/views/admin/ai-analytics/pdf-report.blade.php,pdf-report.blade.php,.php,5604,admin
template/resources/views/admin/ai-analytics/realtime.blade.php,realtime.blade.php,.php,48660,admin
template/resources/views/admin/ai-shared/styles.blade.php,styles.blade.php,.php,22,admin
template/resources/views/admin/ai-stage2/index.blade.php,index.blade.php,.php,6125,admin
template/resources/views/admin/ai-stage3/index.blade.php,index.blade.php,.php,3198,admin
template/resources/views/admin/ai-stage4/index.blade.php,index.blade.php,.php,3478,admin
template/resources/views/admin/analytics/index.blade.php,index.blade.php,.php,101870,admin
template/resources/views/admin/candidate/index.blade.php,index.blade.php,.php,17619,admin
template/resources/views/admin/candidate/show.blade.php,show.blade.php,.php,8843,admin
template/resources/views/admin/clear-database/index.blade.php,index.blade.php,.php,3029,admin
template/resources/views/admin/counter/index.blade.php,index.blade.php,.php,5926,admin
template/resources/views/admin/dashboard/index.blade.php,index.blade.php,.php,13390,admin
template/resources/views/admin/entertainment/create.blade.php,create.blade.php,.php,10934,admin
template/resources/views/admin/entertainment/edit.blade.php,edit.blade.php,.php,12456,admin
template/resources/views/admin/entertainment/index.blade.php,index.blade.php,.php,14531,admin
template/resources/views/admin/etl/dashboard.blade.php,dashboard.blade.php,.php,4379,admin
template/resources/views/admin/footer/index.blade.php,index.blade.php,.php,2502,admin
template/resources/views/admin/growth/analytics.blade.php,analytics.blade.php,.php,9277,admin
template/resources/views/admin/hero/index.blade.php,index.blade.php,.php,3161,admin
template/resources/views/admin/identity-flags/index.blade.php,index.blade.php,.php,2658,admin
template/resources/views/admin/identity-flags/show.blade.php,show.blade.php,.php,3680,admin
template/resources/views/admin/industry-type/create.blade.php,create.blade.php,.php,1290,admin
template/resources/views/admin/industry-type/edit.blade.php,edit.blade.php,.php,1374,admin
template/resources/views/admin/industry-type/index.blade.php,index.blade.php,.php,3437,admin
template/resources/views/admin/job-location/create.blade.php,create.blade.php,.php,2918,admin
template/resources/views/admin/job-location/edit.blade.php,edit.blade.php,.php,3274,admin
template/resources/views/admin/job-location/index.blade.php,index.blade.php,.php,3438,admin
template/resources/views/admin/job/create.blade.php,create.blade.php,.php,26444,admin
template/resources/views/admin/job/edit.blade.php,edit.blade.php,.php,28892,admin
template/resources/views/admin/job/education/create.blade.php,create.blade.php,.php,1278,admin
template/resources/views/admin/job/education/edit.blade.php,edit.blade.php,.php,1356,admin
template/resources/views/admin/job/education/index.blade.php,index.blade.php,.php,3723,admin
template/resources/views/admin/job/index.blade.php,index.blade.php,.php,7946,admin
template/resources/views/admin/job/job-category/create.blade.php,create.blade.php,.php,2810,admin
template/resources/views/admin/job/job-category/edit.blade.php,edit.blade.php,.php,3097,admin
template/resources/views/admin/job/job-category/index.blade.php,index.blade.php,.php,4490,admin
template/resources/views/admin/job/job-experience/create.blade.php,create.blade.php,.php,1290,admin
template/resources/views/admin/job/job-experience/edit.blade.php,edit.blade.php,.php,1369,admin
template/resources/views/admin/job/job-experience/index.blade.php,index.blade.php,.php,3747,admin
template/resources/views/admin/job/job-role/create.blade.php,create.blade.php,.php,1273,admin
template/resources/views/admin/job/job-role/edit.blade.php,edit.blade.php,.php,1341,admin
template/resources/views/admin/job/job-role/index.blade.php,index.blade.php,.php,3651,admin
template/resources/views/admin/job/job-type/create.blade.php,create.blade.php,.php,1271,admin
template/resources/views/admin/job/job-type/edit.blade.php,edit.blade.php,.php,1339,admin
template/resources/views/admin/job/job-type/index.blade.php,index.blade.php,.php,3649,admin
template/resources/views/admin/job/salary-type/create.blade.php,create.blade.php,.php,1277,admin
template/resources/views/admin/job/salary-type/edit.blade.php,edit.blade.php,.php,1345,admin
template/resources/views/admin/job/salary-type/index.blade.php,index.blade.php,.php,3690,admin
template/resources/views/admin/job/tag/create.blade.php,create.blade.php,.php,1261,admin
template/resources/views/admin/job/tag/edit.blade.php,edit.blade.php,.php,1327,admin
template/resources/views/admin/job/tag/index.blade.php,index.blade.php,.php,4958,admin
template/resources/views/admin/language/create.blade.php,create.blade.php,.php,1276,admin
template/resources/views/admin/language/edit.blade.php,edit.blade.php,.php,1352,admin
template/resources/views/admin/language/index.blade.php,index.blade.php,.php,3707,admin
template/resources/views/admin/layouts/master.blade.php,master.blade.php,.php,16444,admin
template/resources/views/admin/layouts/navbar.blade.php,navbar.blade.php,.php,2044,admin
template/resources/views/admin/layouts/right-sidebar.blade.php,right-sidebar.blade.php,.php,833,admin
template/resources/views/admin/layouts/sidebar.blade.php,sidebar.blade.php,.php,21730,admin
template/resources/views/admin/learn-more/index.blade.php,index.blade.php,.php,3361,admin
template/resources/views/admin/location/city/create.blade.php,create.blade.php,.php,3781,admin
template/resources/views/admin/location/city/edit.blade.php,edit.blade.php,.php,4168,admin
template/resources/views/admin/location/city/index.blade.php,index.blade.php,.php,3743,admin
template/resources/views/admin/location/country/create.blade.php,create.blade.php,.php,1277,admin
template/resources/views/admin/location/country/edit.blade.php,edit.blade.php,.php,1349,admin
template/resources/views/admin/location/country/index.blade.php,index.blade.php,.php,3536,admin
template/resources/views/admin/location/state/create.blade.php,create.blade.php,.php,2372,admin
template/resources/views/admin/location/state/edit.blade.php,edit.blade.php,.php,2488,admin
template/resources/views/admin/location/state/index.blade.php,index.blade.php,.php,3625,admin
template/resources/views/admin/menu-builder/index.blade.php,index.blade.php,.php,1165,admin
template/resources/views/admin/moderation/blocks.blade.php,blocks.blade.php,.php,2624,admin
template/resources/views/admin/moderation/dashboard.blade.php,dashboard.blade.php,.php,4789,admin
template/resources/views/admin/moderation/report.blade.php,report.blade.php,.php,5435,admin
template/resources/views/admin/moderation/reports.blade.php,reports.blade.php,.php,3814,admin
template/resources/views/admin/moderation/terms.blade.php,terms.blade.php,.php,4807,admin
template/resources/views/admin/mortgage-analytics-pro.blade.php,mortgage-analytics-pro.blade.php,.php,33028,admin
template/resources/views/admin/mortgage-analytics.blade.php,mortgage-analytics.blade.php,.php,5575,admin
template/resources/views/admin/newsletter/index.blade.php,index.blade.php,.php,4689,admin
template/resources/views/admin/notifications/index.blade.php,index.blade.php,.php,5623,admin
template/resources/views/admin/omega-ai/index.blade.php,index.blade.php,.php,2763,admin
template/resources/views/admin/operations/ad-review.blade.php,ad-review.blade.php,.php,227,admin
template/resources/views/admin/operations/revenue-ops.blade.php,revenue-ops.blade.php,.php,229,admin
template/resources/views/admin/operations/trust-safety.blade.php,trust-safety.blade.php,.php,242,admin
template/resources/views/admin/operations/verification-hub.blade.php,verification-hub.blade.php,.php,225,admin
template/resources/views/admin/order/index.blade.php,index.blade.php,.php,5356,admin
template/resources/views/admin/order/show.blade.php,show.blade.php,.php,4954,admin
template/resources/views/admin/org-pages/_form.blade.php,_form.blade.php,.php,8159,admin
template/resources/views/admin/org-pages/create.blade.php,create.blade.php,.php,703,admin
template/resources/views/admin/org-pages/edit.blade.php,edit.blade.php,.php,1016,admin
template/resources/views/admin/org-pages/index.blade.php,index.blade.php,.php,5520,admin
template/resources/views/admin/org-pages/invites.blade.php,invites.blade.php,.php,9426,admin
template/resources/views/admin/organization-pages/index.blade.php,index.blade.php,.php,9278,admin
template/resources/views/admin/organization-pages/show.blade.php,show.blade.php,.php,9428,admin
template/resources/views/admin/organization-type/create.blade.php,create.blade.php,.php,1302,admin
template/resources/views/admin/organization-type/edit.blade.php,edit.blade.php,.php,1394,admin
template/resources/views/admin/organization-type/index.blade.php,index.blade.php,.php,3705,admin
template/resources/views/admin/page-builder/create.blade.php,create.blade.php,.php,1677,admin
template/resources/views/admin/page-builder/edit.blade.php,edit.blade.php,.php,1772,admin
template/resources/views/admin/page-builder/index.blade.php,index.blade.php,.php,3314,admin
template/resources/views/admin/payment-setting/index.blade.php,index.blade.php,.php,1944,admin
template/resources/views/admin/payment-setting/sections/osko-section.blade.php,osko-section.blade.php,.php,3316,admin
template/resources/views/admin/payment-setting/sections/paypal-section.blade.php,paypal-section.blade.php,.php,5499,admin
template/resources/views/admin/payment-setting/sections/razorpay-section.blade.php,razorpay-section.blade.php,.php,4310,admin
template/resources/views/admin/payment-setting/sections/stripe-section.blade.php,stripe-section.blade.php,.php,4306,admin
template/resources/views/admin/payment-settings/osko-payid.blade.php,osko-payid.blade.php,.php,1993,admin
template/resources/views/admin/plan/create.blade.php,create.blade.php,.php,6674,admin
template/resources/views/admin/plan/edit.blade.php,edit.blade.php,.php,7135,admin
template/resources/views/admin/plan/index.blade.php,index.blade.php,.php,4723,admin
template/resources/views/admin/profession/create.blade.php,create.blade.php,.php,1282,admin
template/resources/views/admin/profession/edit.blade.php,edit.blade.php,.php,1362,admin
template/resources/views/admin/profession/index.blade.php,index.blade.php,.php,3712,admin
template/resources/views/admin/quantum-ai/index.blade.php,index.blade.php,.php,2687,admin
template/resources/views/admin/review/create.blade.php,create.blade.php,.php,3358,admin
template/resources/views/admin/review/edit.blade.php,edit.blade.php,.php,3492,admin
template/resources/views/admin/review/index.blade.php,index.blade.php,.php,3904,admin
template/resources/views/admin/security/sessions.blade.php,sessions.blade.php,.php,9001,admin
template/resources/views/admin/site-setting/index.blade.php,index.blade.php,.php,1604,admin
template/resources/views/admin/site-setting/sections/general-section.blade.php,general-section.blade.php,.php,7235,admin
template/resources/views/admin/site-setting/sections/logo-section.blade.php,logo-section.blade.php,.php,1458,admin
template/resources/views/admin/skill/create.blade.php,create.blade.php,.php,1267,admin
template/resources/views/admin/skill/edit.blade.php,edit.blade.php,.php,1337,admin
template/resources/views/admin/skill/index.blade.php,index.blade.php,.php,3632,admin
template/resources/views/admin/turbotax/index.blade.php,index.blade.php,.php,2479,admin
template/resources/views/admin/verification/index.blade.php,index.blade.php,.php,3801,admin
template/resources/views/admin/verification/show.blade.php,show.blade.php,.php,4676,admin
template/resources/views/admin/verification/women/analytics.blade.php,analytics.blade.php,.php,27791,admin
template/resources/views/admin/verification/women/dry-run.blade.php,dry-run.blade.php,.php,9066,admin
template/resources/views/admin/verification/women/queue.blade.php,queue.blade.php,.php,1083,admin
template/resources/views/admin/why-choose-us/index.blade.php,index.blade.php,.php,6956,admin
template/resources/views/admin/widgets/create.blade.php,create.blade.php,.php,812,admin
template/resources/views/admin/widgets/edit.blade.php,edit.blade.php,.php,876,admin
template/resources/views/admin/widgets/index.blade.php,index.blade.php,.php,2266,admin
template/resources/views/admin/widgets/show.blade.php,show.blade.php,.php,580,admin
template/resources/views/emails/admin/company_verification_submitted.blade.php,company_verification_submitted.blade.php,.php,0,admin
template/resources/views/emails/admin/new-user.blade.php,new-user.blade.php,.php,1205,admin
template/resources/views/emails/company_verification_status.blade.php,company_verification_status.blade.php,.php,345,admin
template/resources/views/errors/admin-404.blade.php,admin-404.blade.php,.php,0,admin
template/resources/views/frontend/company-dashboard/verification/index.blade.php,index.blade.php,.php,0,admin
template/resources/views/livewire/account/personas/verification-wizard.blade.php,verification-wizard.blade.php,.php,17474,admin
template/resources/views/livewire/admin/ad-review-console.blade.php,ad-review-console.blade.php,.php,7191,admin
template/resources/views/livewire/admin/revenue-ops-center.blade.php,revenue-ops-center.blade.php,.php,6489,admin
template/resources/views/livewire/admin/trust-safety-dashboard.blade.php,trust-safety-dashboard.blade.php,.php,5655,admin
template/resources/views/livewire/admin/verification-hub.blade.php,verification-hub.blade.php,.php,4512,admin
template/resources/views/livewire/admin/women-verification/queue-table.blade.php,queue-table.blade.php,.php,16665,admin
template/resources/views/livewire/agents/verification-assistant.blade.php,verification-assistant.blade.php,.php,2837,admin
template/resources/views/livewire/agents/verification-wizard.blade.php,verification-wizard.blade.php,.php,27012,admin
template/resources/views/women/real-estate/listings/verification-required.blade.php,verification-required.blade.php,.php,2374,admin
template/routes/admin.php,admin.php,.php,25436,admin
viewstemplate/account/personas/verification.blade.php,verification.blade.php,.php,1004,admin
viewstemplate/admin/about-us/index.blade.php,index.blade.php,.php,2881,admin
viewstemplate/admin/access-management/role-user/create.blade.php,create.blade.php,.php,3330,admin
viewstemplate/admin/access-management/role-user/edit.blade.php,edit.blade.php,.php,3481,admin
viewstemplate/admin/access-management/role-user/index.blade.php,index.blade.php,.php,3706,admin
viewstemplate/admin/access-management/role/create.blade.php,create.blade.php,.php,2447,admin
viewstemplate/admin/access-management/role/edit.blade.php,edit.blade.php,.php,2666,admin
viewstemplate/admin/access-management/role/index.blade.php,index.blade.php,.php,3667,admin
viewstemplate/admin/ai-analytics/index.blade.php,index.blade.php,.php,103696,admin
viewstemplate/admin/ai-analytics/pdf-report.blade.php,pdf-report.blade.php,.php,5604,admin
viewstemplate/admin/ai-analytics/realtime.blade.php,realtime.blade.php,.php,47385,admin
viewstemplate/admin/ai-shared/styles.blade.php,styles.blade.php,.php,22,admin
viewstemplate/admin/ai-stage2/index.blade.php,index.blade.php,.php,6125,admin
viewstemplate/admin/ai-stage3/index.blade.php,index.blade.php,.php,3198,admin
viewstemplate/admin/ai-stage4/index.blade.php,index.blade.php,.php,3478,admin
viewstemplate/admin/analytics/index.blade.php,index.blade.php,.php,99377,admin
viewstemplate/admin/candidate/index.blade.php,index.blade.php,.php,17241,admin
viewstemplate/admin/candidate/show.blade.php,show.blade.php,.php,8780,admin
viewstemplate/admin/clear-database/index.blade.php,index.blade.php,.php,3029,admin
viewstemplate/admin/counter/index.blade.php,index.blade.php,.php,5926,admin
viewstemplate/admin/dashboard/index.blade.php,index.blade.php,.php,10102,admin
viewstemplate/admin/entertainment/create.blade.php,create.blade.php,.php,10725,admin
viewstemplate/admin/entertainment/edit.blade.php,edit.blade.php,.php,12234,admin
viewstemplate/admin/entertainment/index.blade.php,index.blade.php,.php,14097,admin
viewstemplate/admin/etl/dashboard.blade.php,dashboard.blade.php,.php,4379,admin
viewstemplate/admin/footer/index.blade.php,index.blade.php,.php,2502,admin
viewstemplate/admin/growth/analytics.blade.php,analytics.blade.php,.php,9277,admin
viewstemplate/admin/hero/index.blade.php,index.blade.php,.php,3161,admin
viewstemplate/admin/identity-flags/index.blade.php,index.blade.php,.php,2572,admin
viewstemplate/admin/identity-flags/show.blade.php,show.blade.php,.php,3580,admin
viewstemplate/admin/industry-type/create.blade.php,create.blade.php,.php,1290,admin
viewstemplate/admin/industry-type/edit.blade.php,edit.blade.php,.php,1374,admin
viewstemplate/admin/industry-type/index.blade.php,index.blade.php,.php,3028,admin
viewstemplate/admin/job-location/create.blade.php,create.blade.php,.php,2918,admin
viewstemplate/admin/job-location/edit.blade.php,edit.blade.php,.php,3274,admin
viewstemplate/admin/job-location/index.blade.php,index.blade.php,.php,2992,admin
viewstemplate/admin/job/create.blade.php,create.blade.php,.php,26444,admin
viewstemplate/admin/job/edit.blade.php,edit.blade.php,.php,28892,admin
viewstemplate/admin/job/education/create.blade.php,create.blade.php,.php,1278,admin
viewstemplate/admin/job/education/edit.blade.php,edit.blade.php,.php,1356,admin
viewstemplate/admin/job/education/index.blade.php,index.blade.php,.php,3273,admin
viewstemplate/admin/job/index.blade.php,index.blade.php,.php,7459,admin
viewstemplate/admin/job/job-category/create.blade.php,create.blade.php,.php,2810,admin
viewstemplate/admin/job/job-category/edit.blade.php,edit.blade.php,.php,3097,admin
viewstemplate/admin/job/job-category/index.blade.php,index.blade.php,.php,4066,admin
viewstemplate/admin/job/job-experience/create.blade.php,create.blade.php,.php,1290,admin
viewstemplate/admin/job/job-experience/edit.blade.php,edit.blade.php,.php,1369,admin
viewstemplate/admin/job/job-experience/index.blade.php,index.blade.php,.php,3316,admin
viewstemplate/admin/job/job-role/create.blade.php,create.blade.php,.php,1273,admin
viewstemplate/admin/job/job-role/edit.blade.php,edit.blade.php,.php,1341,admin
viewstemplate/admin/job/job-role/index.blade.php,index.blade.php,.php,3232,admin
viewstemplate/admin/job/job-type/create.blade.php,create.blade.php,.php,1271,admin
viewstemplate/admin/job/job-type/edit.blade.php,edit.blade.php,.php,1339,admin
viewstemplate/admin/job/job-type/index.blade.php,index.blade.php,.php,3230,admin
viewstemplate/admin/job/salary-type/create.blade.php,create.blade.php,.php,1277,admin
viewstemplate/admin/job/salary-type/edit.blade.php,edit.blade.php,.php,1345,admin
viewstemplate/admin/job/salary-type/index.blade.php,index.blade.php,.php,3265,admin
viewstemplate/admin/job/tag/create.blade.php,create.blade.php,.php,1261,admin
viewstemplate/admin/job/tag/edit.blade.php,edit.blade.php,.php,1327,admin
viewstemplate/admin/job/tag/index.blade.php,index.blade.php,.php,3189,admin
viewstemplate/admin/language/create.blade.php,create.blade.php,.php,1276,admin
viewstemplate/admin/language/edit.blade.php,edit.blade.php,.php,1352,admin
viewstemplate/admin/language/index.blade.php,index.blade.php,.php,3259,admin
viewstemplate/admin/layouts/master.blade.php,master.blade.php,.php,8747,admin
viewstemplate/admin/layouts/navbar.blade.php,navbar.blade.php,.php,1979,admin
viewstemplate/admin/layouts/right-sidebar.blade.php,right-sidebar.blade.php,.php,653,admin
viewstemplate/admin/layouts/sidebar.blade.php,sidebar.blade.php,.php,19047,admin
viewstemplate/admin/learn-more/index.blade.php,index.blade.php,.php,3361,admin
viewstemplate/admin/location/city/create.blade.php,create.blade.php,.php,3781,admin
viewstemplate/admin/location/city/edit.blade.php,edit.blade.php,.php,4168,admin
viewstemplate/admin/location/city/index.blade.php,index.blade.php,.php,3315,admin
viewstemplate/admin/location/country/create.blade.php,create.blade.php,.php,1277,admin
viewstemplate/admin/location/country/edit.blade.php,edit.blade.php,.php,1349,admin
viewstemplate/admin/location/country/index.blade.php,index.blade.php,.php,3106,admin
viewstemplate/admin/location/state/create.blade.php,create.blade.php,.php,2372,admin
viewstemplate/admin/location/state/edit.blade.php,edit.blade.php,.php,2488,admin
viewstemplate/admin/location/state/index.blade.php,index.blade.php,.php,3199,admin
viewstemplate/admin/menu-builder/index.blade.php,index.blade.php,.php,539,admin
viewstemplate/admin/moderation/blocks.blade.php,blocks.blade.php,.php,2539,admin
viewstemplate/admin/moderation/dashboard.blade.php,dashboard.blade.php,.php,4663,admin
viewstemplate/admin/moderation/report.blade.php,report.blade.php,.php,5301,admin
viewstemplate/admin/moderation/reports.blade.php,reports.blade.php,.php,3685,admin
viewstemplate/admin/moderation/terms.blade.php,terms.blade.php,.php,4687,admin
viewstemplate/admin/mortgage-analytics-pro.blade.php,mortgage-analytics-pro.blade.php,.php,33028,admin
viewstemplate/admin/mortgage-analytics.blade.php,mortgage-analytics.blade.php,.php,5575,admin
viewstemplate/admin/newsletter/index.blade.php,index.blade.php,.php,4236,admin
viewstemplate/admin/notifications/index.blade.php,index.blade.php,.php,5378,admin
viewstemplate/admin/omega-ai/index.blade.php,index.blade.php,.php,2763,admin
viewstemplate/admin/operations/ad-review.blade.php,ad-review.blade.php,.php,227,admin
viewstemplate/admin/operations/revenue-ops.blade.php,revenue-ops.blade.php,.php,229,admin
viewstemplate/admin/operations/trust-safety.blade.php,trust-safety.blade.php,.php,242,admin
viewstemplate/admin/operations/verification-hub.blade.php,verification-hub.blade.php,.php,225,admin
viewstemplate/admin/order/index.blade.php,index.blade.php,.php,5191,admin
viewstemplate/admin/order/show.blade.php,show.blade.php,.php,4954,admin
viewstemplate/admin/org-pages/_form.blade.php,_form.blade.php,.php,8159,admin
viewstemplate/admin/org-pages/create.blade.php,create.blade.php,.php,703,admin
viewstemplate/admin/org-pages/edit.blade.php,edit.blade.php,.php,1016,admin
viewstemplate/admin/org-pages/index.blade.php,index.blade.php,.php,4968,admin
viewstemplate/admin/org-pages/invites.blade.php,invites.blade.php,.php,9112,admin
viewstemplate/admin/organization-pages/index.blade.php,index.blade.php,.php,0,admin
viewstemplate/admin/organization-pages/show.blade.php,show.blade.php,.php,0,admin
viewstemplate/admin/organization-type/create.blade.php,create.blade.php,.php,1302,admin
viewstemplate/admin/organization-type/edit.blade.php,edit.blade.php,.php,1394,admin
viewstemplate/admin/organization-type/index.blade.php,index.blade.php,.php,3284,admin
viewstemplate/admin/page-builder/create.blade.php,create.blade.php,.php,1677,admin
viewstemplate/admin/page-builder/edit.blade.php,edit.blade.php,.php,1772,admin
viewstemplate/admin/page-builder/index.blade.php,index.blade.php,.php,2938,admin
viewstemplate/admin/payment-setting/index.blade.php,index.blade.php,.php,1944,admin
viewstemplate/admin/payment-setting/sections/osko-section.blade.php,osko-section.blade.php,.php,0,admin
viewstemplate/admin/payment-setting/sections/paypal-section.blade.php,paypal-section.blade.php,.php,5499,admin
viewstemplate/admin/payment-setting/sections/razorpay-section.blade.php,razorpay-section.blade.php,.php,4310,admin
viewstemplate/admin/payment-setting/sections/stripe-section.blade.php,stripe-section.blade.php,.php,4306,admin
viewstemplate/admin/payment-settings/osko-payid.blade.php,osko-payid.blade.php,.php,0,admin
viewstemplate/admin/plan/create.blade.php,create.blade.php,.php,6674,admin
viewstemplate/admin/plan/edit.blade.php,edit.blade.php,.php,7135,admin
viewstemplate/admin/plan/index.blade.php,index.blade.php,.php,4396,admin
viewstemplate/admin/profession/create.blade.php,create.blade.php,.php,1282,admin
viewstemplate/admin/profession/edit.blade.php,edit.blade.php,.php,1362,admin
viewstemplate/admin/profession/index.blade.php,index.blade.php,.php,3287,admin
viewstemplate/admin/quantum-ai/index.blade.php,index.blade.php,.php,2687,admin
viewstemplate/admin/review/create.blade.php,create.blade.php,.php,3358,admin
viewstemplate/admin/review/edit.blade.php,edit.blade.php,.php,3492,admin
viewstemplate/admin/review/index.blade.php,index.blade.php,.php,3481,admin
viewstemplate/admin/security/sessions.blade.php,sessions.blade.php,.php,8812,admin
viewstemplate/admin/site-setting/index.blade.php,index.blade.php,.php,1604,admin
viewstemplate/admin/site-setting/sections/general-section.blade.php,general-section.blade.php,.php,3605,admin
viewstemplate/admin/site-setting/sections/logo-section.blade.php,logo-section.blade.php,.php,1458,admin
viewstemplate/admin/skill/create.blade.php,create.blade.php,.php,1267,admin
viewstemplate/admin/skill/edit.blade.php,edit.blade.php,.php,1337,admin
viewstemplate/admin/skill/index.blade.php,index.blade.php,.php,3217,admin
viewstemplate/admin/verification/index.blade.php,index.blade.php,.php,3572,admin
viewstemplate/admin/verification/show.blade.php,show.blade.php,.php,4517,admin
viewstemplate/admin/verification/women/analytics.blade.php,analytics.blade.php,.php,27791,admin
viewstemplate/admin/verification/women/dry-run.blade.php,dry-run.blade.php,.php,9066,admin
viewstemplate/admin/verification/women/queue.blade.php,queue.blade.php,.php,1029,admin
viewstemplate/admin/why-choose-us/index.blade.php,index.blade.php,.php,6956,admin
viewstemplate/emails/admin/company_verification_submitted.blade.php,company_verification_submitted.blade.php,.php,0,admin
viewstemplate/emails/admin/new-user.blade.php,new-user.blade.php,.php,1205,admin
viewstemplate/emails/company_verification_status.blade.php,company_verification_status.blade.php,.php,345,admin
viewstemplate/errors/admin-404.blade.php,admin-404.blade.php,.php,0,admin
viewstemplate/frontend/company-dashboard/verification/index.blade.php,index.blade.php,.php,0,admin
viewstemplate/livewire/account/personas/verification-wizard.blade.php,verification-wizard.blade.php,.php,17474,admin
viewstemplate/livewire/admin/ad-review-console.blade.php,ad-review-console.blade.php,.php,7191,admin
viewstemplate/livewire/admin/revenue-ops-center.blade.php,revenue-ops-center.blade.php,.php,6489,admin
viewstemplate/livewire/admin/trust-safety-dashboard.blade.php,trust-safety-dashboard.blade.php,.php,5655,admin
viewstemplate/livewire/admin/verification-hub.blade.php,verification-hub.blade.php,.php,4512,admin
viewstemplate/livewire/admin/women-verification/queue-table.blade.php,queue-table.blade.php,.php,16665,admin
viewstemplate/livewire/agents/verification-assistant.blade.php,verification-assistant.blade.php,.php,2837,admin
viewstemplate/livewire/agents/verification-wizard.blade.php,verification-wizard.blade.php,.php,27012,admin
viewstemplate/women/real-estate/listings/verification-required.blade.php,verification-required.blade.php,.php,2374,admin
code/app/Console/Commands/WomenRealEstate/ClearListingMetricsCache.php,ClearListingMetricsCache.php,.php,915,marketplace
code/app/Enums/WomenRealEstate/ListingAudience.php,ListingAudience.php,.php,322,marketplace
code/app/Enums/WomenRealEstate/ListingIntent.php,ListingIntent.php,.php,274,marketplace
code/app/Events/WomenRealEstate/WomenListingPublished.php,WomenListingPublished.php,.php,456,marketplace
code/app/Http/Controllers/Api/V1/RentalListingController.php,RentalListingController.php,.php,12164,marketplace
code/app/Http/Controllers/Api/WomenRealEstate/WomenListingController.php,WomenListingController.php,.php,8238,marketplace
code/app/Http/Controllers/Api/WomenRealEstate/WomenListingMediaController.php,WomenListingMediaController.php,.php,3400,marketplace
code/app/Http/Controllers/Api/WomenRealEstate/WomenListingPartnerIntentionController.php,WomenListingPartnerIntentionController.php,.php,4441,marketplace
code/app/Http/Controllers/Api/WomenRealEstate/WomenRentalListingController.php,WomenRentalListingController.php,.php,4247,marketplace
code/app/Http/Controllers/Automotive/VehicleMarketplaceController.php,VehicleMarketplaceController.php,.php,2072,marketplace
code/app/Http/Controllers/Frontend/AutomotiveMarketplaceController.php,AutomotiveMarketplaceController.php,.php,1643,marketplace
code/app/Http/Controllers/Women/MarketplaceController.php,MarketplaceController.php,.php,15386,marketplace
code/app/Http/Controllers/WomenRealEstate/HousingListingController.php,HousingListingController.php,.php,38151,marketplace
code/app/Http/Controllers/WomenRealEstate/ListingPartnershipIntentionController.php,ListingPartnershipIntentionController.php,.php,3201,marketplace
code/app/Http/Requests/WomenRealEstate/WomenListingIndexRequest.php,WomenListingIndexRequest.php,.php,1735,marketplace
code/app/Http/Requests/WomenRealEstate/WomenListingMediaReorderRequest.php,WomenListingMediaReorderRequest.php,.php,275,marketplace
code/app/Http/Requests/WomenRealEstate/WomenListingMediaStoreRequest.php,WomenListingMediaStoreRequest.php,.php,770,marketplace
code/app/Http/Requests/WomenRealEstate/WomenListingMediaUpdateRequest.php,WomenListingMediaUpdateRequest.php,.php,307,marketplace
code/app/Http/Requests/WomenRealEstate/WomenListingPartnerIntentionStoreRequest.php,WomenListingPartnerIntentionStoreRequest.php,.php,1218,marketplace
code/app/Http/Requests/WomenRealEstate/WomenListingPartnerIntentionUpdateRequest.php,WomenListingPartnerIntentionUpdateRequest.php,.php,607,marketplace
code/app/Http/Requests/WomenRealEstate/WomenListingPublishRequest.php,WomenListingPublishRequest.php,.php,421,marketplace
code/app/Http/Requests/WomenRealEstate/WomenListingStoreRequest.php,WomenListingStoreRequest.php,.php,2958,marketplace
code/app/Http/Requests/WomenRealEstate/WomenListingUpdateRequest.php,WomenListingUpdateRequest.php,.php,2874,marketplace
code/app/Http/Resources/ListingMortgageQuoteResource.php,ListingMortgageQuoteResource.php,.php,2245,marketplace
code/app/Http/Resources/WomenRealEstate/WomenListingResource.php,WomenListingResource.php,.php,5278,marketplace
code/app/Jobs/WomenRealEstate/ProcessWomenListingMedia.php,ProcessWomenListingMedia.php,.php,647,marketplace
code/app/Jobs/WomenRealEstate/ProcessWomenListingPhoto.php,ProcessWomenListingPhoto.php,.php,631,marketplace
code/app/Livewire/WomenRealEstate/Listings/Wizard.php,Wizard.php,.php,28075,marketplace
code/app/Livewire/WomenRealEstate/Rentals/RentalListings.php,RentalListings.php,.php,0,marketplace
code/app/Models/HousingListing.php,HousingListing.php,.php,8701,marketplace
code/app/Models/ListingMortgageQuote.php,ListingMortgageQuote.php,.php,4054,marketplace
code/app/Models/ListingPartnershipIntention.php,ListingPartnershipIntention.php,.php,4001,marketplace
code/app/Models/ServiceListing.php,ServiceListing.php,.php,8276,marketplace
code/app/Models/ServiceListingLead.php,ServiceListingLead.php,.php,3212,marketplace
code/app/Models/VehicleListing.php,VehicleListing.php,.php,6468,marketplace
code/app/Models/WomenHousingListing.php,WomenHousingListing.php,.php,8030,marketplace
code/app/Models/WomenListingPhoto.php,WomenListingPhoto.php,.php,3051,marketplace
code/app/Models/WomenRealEstate/WomenListing.php,WomenListing.php,.php,12051,marketplace
code/app/Models/WomenRealEstate/WomenListingAudiencePivot.php,WomenListingAudiencePivot.php,.php,2016,marketplace
code/app/Models/WomenRealEstate/WomenListingCategory.php,WomenListingCategory.php,.php,2204,marketplace
code/app/Models/WomenRealEstate/WomenListingLocation.php,WomenListingLocation.php,.php,3107,marketplace
code/app/Models/WomenRealEstate/WomenListingMedia.php,WomenListingMedia.php,.php,2468,marketplace
code/app/Models/WomenRealEstate/WomenListingMortgageSnapshot.php,WomenListingMortgageSnapshot.php,.php,4019,marketplace
code/app/Models/WomenRealEstate/WomenListingPartnerIntention.php,WomenListingPartnerIntention.php,.php,3669,marketplace
code/app/Observers/WomenRealEstate/WomenListingObserver.php,WomenListingObserver.php,.php,1451,marketplace
code/app/Policies/ListingPartnershipIntentionPolicy.php,ListingPartnershipIntentionPolicy.php,.php,526,marketplace
code/app/Policies/ServiceListingPolicy.php,ServiceListingPolicy.php,.php,1813,marketplace
code/app/Policies/WomenHousingListingPolicy.php,WomenHousingListingPolicy.php,.php,1176,marketplace
code/app/Policies/WomenRealEstate/WomenListingPartnerIntentionPolicy.php,WomenListingPartnerIntentionPolicy.php,.php,1680,marketplace
code/app/Policies/WomenRealEstate/WomenListingPolicy.php,WomenListingPolicy.php,.php,2426,marketplace
code/app/Services/WomenRealEstate/Ai/WomenListingAiService.php,WomenListingAiService.php,.php,30493,marketplace
code/app/Services/WomenRealEstate/Contracts/WomenListingAnalyticsServiceContract.php,WomenListingAnalyticsServiceContract.php,.php,654,marketplace
code/app/Services/WomenRealEstate/WomenListingAnalyticsService.php,WomenListingAnalyticsService.php,.php,18724,marketplace
code/app/Services/WomenRealEstate/WomenListingMediaPipeline.php,WomenListingMediaPipeline.php,.php,11811,marketplace
code/app/Services/WomenRealEstate/WomenListingPartnerIntentService.php,WomenListingPartnerIntentService.php,.php,4568,marketplace
code/config/women_marketplace.php,women_marketplace.php,.php,2360,marketplace
code/database/factories/HousingListingFactory.php,HousingListingFactory.php,.php,2923,marketplace
code/database/factories/ListingMortgageQuoteFactory.php,ListingMortgageQuoteFactory.php,.php,1864,marketplace
code/database/factories/ListingPartnershipIntentionFactory.php,ListingPartnershipIntentionFactory.php,.php,1784,marketplace
code/database/factories/ServiceListingFactory.php,ServiceListingFactory.php,.php,2473,marketplace
code/database/factories/WomenHousingListingFactory.php,WomenHousingListingFactory.php,.php,2993,marketplace
code/database/factories/WomenListingPhotoFactory.php,WomenListingPhotoFactory.php,.php,1322,marketplace
code/database/factories/WomenRealEstate/WomenListingAudiencePivotFactory.php,WomenListingAudiencePivotFactory.php,.php,874,marketplace
code/database/factories/WomenRealEstate/WomenListingCategoryFactory.php,WomenListingCategoryFactory.php,.php,1175,marketplace
code/database/factories/WomenRealEstate/WomenListingFactory.php,WomenListingFactory.php,.php,2169,marketplace
code/database/factories/WomenRealEstate/WomenListingLocationFactory.php,WomenListingLocationFactory.php,.php,1162,marketplace
code/database/factories/WomenRealEstate/WomenListingMediaFactory.php,WomenListingMediaFactory.php,.php,0,marketplace
code/database/factories/WomenRealEstate/WomenListingMortgageSnapshotFactory.php,WomenListingMortgageSnapshotFactory.php,.php,1935,marketplace
code/database/factories/WomenRealEstate/WomenListingPartnerIntentionFactory.php,WomenListingPartnerIntentionFactory.php,.php,1824,marketplace
code/database/migrations/2025_05_27_000001_create_service_listings_table.php,2025_05_27_000001_create_service_listings_table.php,.php,2168,marketplace
code/database/migrations/2025_05_27_000002_create_service_listing_leads_table.php,2025_05_27_000002_create_service_listing_leads_table.php,.php,1342,marketplace
code/database/migrations/2025_11_11_101000_create_listing_photos_table.php,2025_11_11_101000_create_listing_photos_table.php,.php,1006,marketplace
code/database/migrations/2025_11_11_130000_create_women_housing_listings_table.php,2025_11_11_130000_create_women_housing_listings_table.php,.php,2123,marketplace
code/database/migrations/2025_11_11_140000_create_women_listing_photos_table.php,2025_11_11_140000_create_women_listing_photos_table.php,.php,1068,marketplace
code/database/migrations/2025_11_11_150600_create_listing_partnership_intentions_table.php,2025_11_11_150600_create_listing_partnership_intentions_table.php,.php,1570,marketplace
code/database/migrations/2025_11_11_150900_create_listing_mortgage_quotes_table.php,2025_11_11_150900_create_listing_mortgage_quotes_table.php,.php,1315,marketplace
code/database/migrations/2025_11_14_000001_update_audience_enum_on_women_housing_listings_table.php,2025_11_14_000001_update_audience_enum_on_women_housing_listings_table.php,.php,854,marketplace
code/database/seeders/ServiceListingSeeder.php,ServiceListingSeeder.php,.php,244,marketplace
template/app/Console/Commands/WomenRealEstate/ClearListingMetricsCache.php,ClearListingMetricsCache.php,.php,915,marketplace
template/app/Enums/WomenRealEstate/ListingAudience.php,ListingAudience.php,.php,322,marketplace
template/app/Enums/WomenRealEstate/ListingIntent.php,ListingIntent.php,.php,274,marketplace
template/app/Events/WomenRealEstate/WomenListingPublished.php,WomenListingPublished.php,.php,456,marketplace
template/app/Http/Controllers/Api/V1/RentalListingController.php,RentalListingController.php,.php,12164,marketplace
template/app/Http/Controllers/Api/WomenRealEstate/WomenListingController.php,WomenListingController.php,.php,8238,marketplace
template/app/Http/Controllers/Api/WomenRealEstate/WomenListingMediaController.php,WomenListingMediaController.php,.php,3400,marketplace
template/app/Http/Controllers/Api/WomenRealEstate/WomenListingPartnerIntentionController.php,WomenListingPartnerIntentionController.php,.php,4441,marketplace
template/app/Http/Controllers/Api/WomenRealEstate/WomenRentalListingController.php,WomenRentalListingController.php,.php,4247,marketplace
template/app/Http/Controllers/Automotive/VehicleMarketplaceController.php,VehicleMarketplaceController.php,.php,2072,marketplace
template/app/Http/Controllers/Frontend/AutomotiveMarketplaceController.php,AutomotiveMarketplaceController.php,.php,1643,marketplace
template/app/Http/Controllers/Women/MarketplaceController.php,MarketplaceController.php,.php,15386,marketplace
template/app/Http/Controllers/WomenRealEstate/HousingListingController.php,HousingListingController.php,.php,38151,marketplace
template/app/Http/Controllers/WomenRealEstate/ListingPartnershipIntentionController.php,ListingPartnershipIntentionController.php,.php,3201,marketplace
template/app/Http/Requests/WomenRealEstate/WomenListingIndexRequest.php,WomenListingIndexRequest.php,.php,1735,marketplace
template/app/Http/Requests/WomenRealEstate/WomenListingMediaReorderRequest.php,WomenListingMediaReorderRequest.php,.php,275,marketplace
template/app/Http/Requests/WomenRealEstate/WomenListingMediaStoreRequest.php,WomenListingMediaStoreRequest.php,.php,770,marketplace
template/app/Http/Requests/WomenRealEstate/WomenListingMediaUpdateRequest.php,WomenListingMediaUpdateRequest.php,.php,307,marketplace
template/app/Http/Requests/WomenRealEstate/WomenListingPartnerIntentionStoreRequest.php,WomenListingPartnerIntentionStoreRequest.php,.php,1218,marketplace
template/app/Http/Requests/WomenRealEstate/WomenListingPartnerIntentionUpdateRequest.php,WomenListingPartnerIntentionUpdateRequest.php,.php,607,marketplace
template/app/Http/Requests/WomenRealEstate/WomenListingPublishRequest.php,WomenListingPublishRequest.php,.php,421,marketplace
template/app/Http/Requests/WomenRealEstate/WomenListingStoreRequest.php,WomenListingStoreRequest.php,.php,2958,marketplace
template/app/Http/Requests/WomenRealEstate/WomenListingUpdateRequest.php,WomenListingUpdateRequest.php,.php,2874,marketplace
template/app/Http/Resources/ListingMortgageQuoteResource.php,ListingMortgageQuoteResource.php,.php,2245,marketplace
template/app/Http/Resources/WomenRealEstate/WomenListingResource.php,WomenListingResource.php,.php,5278,marketplace
template/app/Jobs/WomenRealEstate/ProcessWomenListingMedia.php,ProcessWomenListingMedia.php,.php,647,marketplace
template/app/Jobs/WomenRealEstate/ProcessWomenListingPhoto.php,ProcessWomenListingPhoto.php,.php,631,marketplace
template/app/Livewire/WomenRealEstate/Listings/Wizard.php,Wizard.php,.php,28075,marketplace
template/app/Livewire/WomenRealEstate/Rentals/RentalListings.php,RentalListings.php,.php,0,marketplace
template/app/Models/HousingListing.php,HousingListing.php,.php,8701,marketplace
template/app/Models/ListingMortgageQuote.php,ListingMortgageQuote.php,.php,4054,marketplace
template/app/Models/ListingPartnershipIntention.php,ListingPartnershipIntention.php,.php,4001,marketplace
template/app/Models/ServiceListing.php,ServiceListing.php,.php,8276,marketplace
template/app/Models/ServiceListingLead.php,ServiceListingLead.php,.php,3212,marketplace
template/app/Models/VehicleListing.php,VehicleListing.php,.php,6468,marketplace
template/app/Models/WomenHousingListing.php,WomenHousingListing.php,.php,8030,marketplace
template/app/Models/WomenListingPhoto.php,WomenListingPhoto.php,.php,3051,marketplace
template/app/Models/WomenRealEstate/WomenListing.php,WomenListing.php,.php,12051,marketplace
template/app/Models/WomenRealEstate/WomenListingAudiencePivot.php,WomenListingAudiencePivot.php,.php,2016,marketplace
template/app/Models/WomenRealEstate/WomenListingCategory.php,WomenListingCategory.php,.php,2204,marketplace
template/app/Models/WomenRealEstate/WomenListingLocation.php,WomenListingLocation.php,.php,3107,marketplace
template/app/Models/WomenRealEstate/WomenListingMedia.php,WomenListingMedia.php,.php,2468,marketplace
template/app/Models/WomenRealEstate/WomenListingMortgageSnapshot.php,WomenListingMortgageSnapshot.php,.php,4019,marketplace
template/app/Models/WomenRealEstate/WomenListingPartnerIntention.php,WomenListingPartnerIntention.php,.php,3669,marketplace
template/app/Observers/WomenRealEstate/WomenListingObserver.php,WomenListingObserver.php,.php,1451,marketplace
template/app/Policies/ListingPartnershipIntentionPolicy.php,ListingPartnershipIntentionPolicy.php,.php,526,marketplace
template/app/Policies/ServiceListingPolicy.php,ServiceListingPolicy.php,.php,1813,marketplace
template/app/Policies/WomenHousingListingPolicy.php,WomenHousingListingPolicy.php,.php,1176,marketplace
template/app/Policies/WomenRealEstate/WomenListingPartnerIntentionPolicy.php,WomenListingPartnerIntentionPolicy.php,.php,1680,marketplace
template/app/Policies/WomenRealEstate/WomenListingPolicy.php,WomenListingPolicy.php,.php,2426,marketplace
template/app/Services/WomenRealEstate/Ai/WomenListingAiService.php,WomenListingAiService.php,.php,30493,marketplace
template/app/Services/WomenRealEstate/Contracts/WomenListingAnalyticsServiceContract.php,WomenListingAnalyticsServiceContract.php,.php,654,marketplace
template/app/Services/WomenRealEstate/WomenListingAnalyticsService.php,WomenListingAnalyticsService.php,.php,18724,marketplace
template/app/Services/WomenRealEstate/WomenListingMediaPipeline.php,WomenListingMediaPipeline.php,.php,11811,marketplace
template/app/Services/WomenRealEstate/WomenListingPartnerIntentService.php,WomenListingPartnerIntentService.php,.php,4568,marketplace
template/config/women_marketplace.php,women_marketplace.php,.php,2360,marketplace
template/database/factories/HousingListingFactory.php,HousingListingFactory.php,.php,2923,marketplace
template/database/factories/ListingMortgageQuoteFactory.php,ListingMortgageQuoteFactory.php,.php,1864,marketplace
template/database/factories/ListingPartnershipIntentionFactory.php,ListingPartnershipIntentionFactory.php,.php,1784,marketplace
template/database/factories/ServiceListingFactory.php,ServiceListingFactory.php,.php,2473,marketplace
template/database/factories/WomenHousingListingFactory.php,WomenHousingListingFactory.php,.php,2993,marketplace
template/database/factories/WomenListingPhotoFactory.php,WomenListingPhotoFactory.php,.php,1322,marketplace
template/database/factories/WomenRealEstate/WomenListingAudiencePivotFactory.php,WomenListingAudiencePivotFactory.php,.php,874,marketplace
template/database/factories/WomenRealEstate/WomenListingCategoryFactory.php,WomenListingCategoryFactory.php,.php,1175,marketplace
template/database/factories/WomenRealEstate/WomenListingFactory.php,WomenListingFactory.php,.php,2169,marketplace
template/database/factories/WomenRealEstate/WomenListingLocationFactory.php,WomenListingLocationFactory.php,.php,1162,marketplace
template/database/factories/WomenRealEstate/WomenListingMediaFactory.php,WomenListingMediaFactory.php,.php,0,marketplace
template/database/factories/WomenRealEstate/WomenListingMortgageSnapshotFactory.php,WomenListingMortgageSnapshotFactory.php,.php,1935,marketplace
template/database/factories/WomenRealEstate/WomenListingPartnerIntentionFactory.php,WomenListingPartnerIntentionFactory.php,.php,1824,marketplace
template/database/migrations/2025_05_27_000001_create_service_listings_table.php,2025_05_27_000001_create_service_listings_table.php,.php,2168,marketplace
template/database/migrations/2025_05_27_000002_create_service_listing_leads_table.php,2025_05_27_000002_create_service_listing_leads_table.php,.php,1342,marketplace
template/database/migrations/2025_11_11_101000_create_listing_photos_table.php,2025_11_11_101000_create_listing_photos_table.php,.php,1006,marketplace
template/database/migrations/2025_11_11_130000_create_women_housing_listings_table.php,2025_11_11_130000_create_women_housing_listings_table.php,.php,2123,marketplace
template/database/migrations/2025_11_11_140000_create_women_listing_photos_table.php,2025_11_11_140000_create_women_listing_photos_table.php,.php,1068,marketplace
template/database/migrations/2025_11_11_150600_create_listing_partnership_intentions_table.php,2025_11_11_150600_create_listing_partnership_intentions_table.php,.php,1570,marketplace
template/database/migrations/2025_11_11_150900_create_listing_mortgage_quotes_table.php,2025_11_11_150900_create_listing_mortgage_quotes_table.php,.php,1315,marketplace
template/database/migrations/2025_11_14_000001_update_audience_enum_on_women_housing_listings_table.php,2025_11_14_000001_update_audience_enum_on_women_housing_listings_table.php,.php,854,marketplace
template/database/seeders/ServiceListingSeeder.php,ServiceListingSeeder.php,.php,244,marketplace
template/resources/views/livewire/women-real-estate/househunters/property-matches.blade.php,property-matches.blade.php,.php,6986,marketplace
template/resources/views/livewire/women-real-estate/listings/wizard.blade.php,wizard.blade.php,.php,44252,marketplace
template/resources/views/livewire/women-real-estate/onboarding/journey-hub.blade.php,journey-hub.blade.php,.php,13352,marketplace
template/resources/views/livewire/women-real-estate/onboarding/user-media-library.blade.php,user-media-library.blade.php,.php,4210,marketplace
template/resources/views/livewire/women-real-estate/personas/wizard.blade.php,wizard.blade.php,.php,22016,marketplace
template/resources/views/livewire/women-real-estate/rentals/rental-listings.blade.php,rental-listings.blade.php,.php,6762,marketplace
template/resources/views/women/marketplace/index.blade.php,index.blade.php,.php,33283,marketplace
template/resources/views/women/real-estate/listings/_form.blade.php,_form.blade.php,.php,19403,marketplace
template/resources/views/women/real-estate/listings/create.blade.php,create.blade.php,.php,748,marketplace
template/resources/views/women/real-estate/listings/edit.blade.php,edit.blade.php,.php,1822,marketplace
template/resources/views/women/real-estate/listings/index.blade.php,index.blade.php,.php,90889,marketplace
template/resources/views/women/real-estate/listings/show.blade.php,show.blade.php,.php,49521,marketplace
viewstemplate/livewire/women-real-estate/househunters/property-matches.blade.php,property-matches.blade.php,.php,6986,marketplace
viewstemplate/livewire/women-real-estate/listings/wizard.blade.php,wizard.blade.php,.php,44252,marketplace
viewstemplate/livewire/women-real-estate/onboarding/journey-hub.blade.php,journey-hub.blade.php,.php,13352,marketplace
viewstemplate/livewire/women-real-estate/onboarding/user-media-library.blade.php,user-media-library.blade.php,.php,4210,marketplace
viewstemplate/livewire/women-real-estate/personas/wizard.blade.php,wizard.blade.php,.php,22016,marketplace
viewstemplate/livewire/women-real-estate/rentals/rental-listings.blade.php,rental-listings.blade.php,.php,6762,marketplace
viewstemplate/women/marketplace/index.blade.php,index.blade.php,.php,33283,marketplace
viewstemplate/women/real-estate/listings/_form.blade.php,_form.blade.php,.php,19403,marketplace
viewstemplate/women/real-estate/listings/create.blade.php,create.blade.php,.php,748,marketplace
viewstemplate/women/real-estate/listings/edit.blade.php,edit.blade.php,.php,1822,marketplace
viewstemplate/women/real-estate/listings/index.blade.php,index.blade.php,.php,90889,marketplace
viewstemplate/women/real-estate/listings/show.blade.php,show.blade.php,.php,49521,marketplace
code/app/Console/Commands/SendWeeklyNewsletter.php,SendWeeklyNewsletter.php,.php,0,emails
code/app/Http/Controllers/Frontend/NewsletterController.php,NewsletterController.php,.php,684,emails
code/app/Mail/ApplicationStatusChangedMail.php,ApplicationStatusChangedMail.php,.php,407,emails
code/app/Mail/ContactMail.php,ContactMail.php,.php,800,emails
code/app/Mail/DreamPathwayMatchMail.php,DreamPathwayMatchMail.php,.php,563,emails
code/app/Mail/JobAlertMail.php,JobAlertMail.php,.php,439,emails
code/app/Mail/JobApplicationSubmittedMail.php,JobApplicationSubmittedMail.php,.php,360,emails
code/app/Mail/JobMatchNotificationMail.php,JobMatchNotificationMail.php,.php,379,emails
code/app/Mail/NewApplicationReceivedMail.php,NewApplicationReceivedMail.php,.php,359,emails
code/app/Mail/NewsletterMail.php,NewsletterMail.php,.php,662,emails
code/app/Mail/OrgInviteFailureMail.php,OrgInviteFailureMail.php,.php,0,emails
code/app/Mail/OrgInviteMail.php,OrgInviteMail.php,.php,548,emails
code/app/Mail/OrgInviteSummaryMail.php,OrgInviteSummaryMail.php,.php,563,emails
code/app/Mail/PaymentSuccessMail.php,PaymentSuccessMail.php,.php,340,emails
code/app/Mail/SubscriptionExpiringMail.php,SubscriptionExpiringMail.php,.php,379,emails
code/app/Mail/WarmupMetricsAlert.php,WarmupMetricsAlert.php,.php,0,emails
code/app/Mail/WelcomeCandidateMail.php,WelcomeCandidateMail.php,.php,350,emails
code/app/Mail/WelcomeCompanyMail.php,WelcomeCompanyMail.php,.php,344,emails
code/app/Services/EmailNotificationService.php,EmailNotificationService.php,.php,0,emails
code/config/mail.php,mail.php,.php,3921,emails
template/app/Console/Commands/SendWeeklyNewsletter.php,SendWeeklyNewsletter.php,.php,0,emails
template/app/Http/Controllers/Frontend/NewsletterController.php,NewsletterController.php,.php,684,emails
template/app/Mail/ApplicationStatusChangedMail.php,ApplicationStatusChangedMail.php,.php,407,emails
template/app/Mail/ContactMail.php,ContactMail.php,.php,800,emails
template/app/Mail/DreamPathwayMatchMail.php,DreamPathwayMatchMail.php,.php,563,emails
template/app/Mail/JobAlertMail.php,JobAlertMail.php,.php,439,emails
template/app/Mail/JobApplicationSubmittedMail.php,JobApplicationSubmittedMail.php,.php,360,emails
template/app/Mail/JobMatchNotificationMail.php,JobMatchNotificationMail.php,.php,379,emails
template/app/Mail/NewApplicationReceivedMail.php,NewApplicationReceivedMail.php,.php,359,emails
template/app/Mail/NewsletterMail.php,NewsletterMail.php,.php,662,emails
template/app/Mail/OrgInviteFailureMail.php,OrgInviteFailureMail.php,.php,0,emails
template/app/Mail/OrgInviteMail.php,OrgInviteMail.php,.php,548,emails
template/app/Mail/OrgInviteSummaryMail.php,OrgInviteSummaryMail.php,.php,563,emails
template/app/Mail/PaymentSuccessMail.php,PaymentSuccessMail.php,.php,340,emails
template/app/Mail/SubscriptionExpiringMail.php,SubscriptionExpiringMail.php,.php,379,emails
template/app/Mail/WarmupMetricsAlert.php,WarmupMetricsAlert.php,.php,0,emails
template/app/Mail/WelcomeCandidateMail.php,WelcomeCandidateMail.php,.php,350,emails
template/app/Mail/WelcomeCompanyMail.php,WelcomeCompanyMail.php,.php,344,emails
template/app/Services/EmailNotificationService.php,EmailNotificationService.php,.php,0,emails
template/config/mail.php,mail.php,.php,3921,emails
template/resources/views/emails/candidate/application-status-changed.blade.php,application-status-changed.blade.php,.php,3953,emails
template/resources/views/emails/candidate/application-submitted.blade.php,application-submitted.blade.php,.php,1545,emails
template/resources/views/emails/candidate/dream-pathway-match.blade.php,dream-pathway-match.blade.php,.php,6002,emails
template/resources/views/emails/candidate/job-matches.blade.php,job-matches.blade.php,.php,1867,emails
template/resources/views/emails/candidate/welcome.blade.php,welcome.blade.php,.php,1452,emails
template/resources/views/emails/company/new-application.blade.php,new-application.blade.php,.php,1307,emails
template/resources/views/emails/company/payment-success.blade.php,payment-success.blade.php,.php,1958,emails
template/resources/views/emails/company/subscription-expiring.blade.php,subscription-expiring.blade.php,.php,1635,emails
template/resources/views/emails/company/welcome.blade.php,welcome.blade.php,.php,1483,emails
template/resources/views/emails/job-alert.blade.php,job-alert.blade.php,.php,3796,emails
template/resources/views/emails/layout.blade.php,layout.blade.php,.php,1042,emails
template/resources/views/emails/org-invite-summary.blade.php,org-invite-summary.blade.php,.php,1123,emails
template/resources/views/emails/org-invite.blade.php,org-invite.blade.php,.php,595,emails
template/resources/views/emails/org/invites/failure.blade.php,failure.blade.php,.php,0,emails
template/resources/views/emails/warmup/alert.blade.php,alert.blade.php,.php,0,emails
template/resources/views/mail/contact-mail.blade.php,contact-mail.blade.php,.php,319,emails
template/resources/views/mail/newsletter-mail.blade.php,newsletter-mail.blade.php,.php,288,emails
viewstemplate/emails/candidate/application-status-changed.blade.php,application-status-changed.blade.php,.php,3902,emails
viewstemplate/emails/candidate/application-submitted.blade.php,application-submitted.blade.php,.php,1545,emails
viewstemplate/emails/candidate/dream-pathway-match.blade.php,dream-pathway-match.blade.php,.php,6002,emails
viewstemplate/emails/candidate/job-matches.blade.php,job-matches.blade.php,.php,1867,emails
viewstemplate/emails/candidate/welcome.blade.php,welcome.blade.php,.php,1452,emails
viewstemplate/emails/company/new-application.blade.php,new-application.blade.php,.php,1307,emails
viewstemplate/emails/company/payment-success.blade.php,payment-success.blade.php,.php,1958,emails
viewstemplate/emails/company/subscription-expiring.blade.php,subscription-expiring.blade.php,.php,1635,emails
viewstemplate/emails/company/welcome.blade.php,welcome.blade.php,.php,1483,emails
viewstemplate/emails/job-alert.blade.php,job-alert.blade.php,.php,3796,emails
viewstemplate/emails/layout.blade.php,layout.blade.php,.php,1042,emails
viewstemplate/emails/org-invite-summary.blade.php,org-invite-summary.blade.php,.php,1123,emails
viewstemplate/emails/org-invite.blade.php,org-invite.blade.php,.php,595,emails
viewstemplate/emails/org/invites/failure.blade.php,failure.blade.php,.php,0,emails
viewstemplate/emails/warmup/alert.blade.php,alert.blade.php,.php,0,emails
viewstemplate/mail/contact-mail.blade.php,contact-mail.blade.php,.php,319,emails
viewstemplate/mail/newsletter-mail.blade.php,newsletter-mail.blade.php,.php,288,emails
code/_ide_helper.php,_ide_helper.php,.php,982145,other
code/_ide_helper_eloquent.php,_ide_helper_eloquent.php,.php,579,other
code/_ide_helper_models.php,_ide_helper_models.php,.php,923008,other
code/app/Casts/EncryptedJson.php,EncryptedJson.php,.php,4026,other
code/app/Casts/ShareMetadataCast.php,ShareMetadataCast.php,.php,976,other
code/app/Console/Commands/Advertising/ReconcileSlotRevenue.php,ReconcileSlotRevenue.php,.php,505,other
code/app/Console/Commands/BackfillCandidateJourney.php,BackfillCandidateJourney.php,.php,0,other
code/app/Console/Commands/BroadcastAIMetrics.php,BroadcastAIMetrics.php,.php,1818,other
code/app/Console/Commands/Business/DispatchBusinessDigestsCommand.php,DispatchBusinessDigestsCommand.php,.php,3376,other
code/app/Console/Commands/Business/SyncGrantPackManifestCommand.php,SyncGrantPackManifestCommand.php,.php,379,other
code/app/Console/Commands/Candidate/BackfillCandidateJourney.php,BackfillCandidateJourney.php,.php,4316,other
code/app/Console/Commands/CandidateJourneyBackfillCommand.php,CandidateJourneyBackfillCommand.php,.php,0,other
code/app/Console/Commands/CaptureDashboardSnapshots.php,CaptureDashboardSnapshots.php,.php,2767,other
code/app/Console/Commands/CheckMenuCommand.php,CheckMenuCommand.php,.php,519,other
code/app/Console/Commands/CleanupNotifications.php,CleanupNotifications.php,.php,0,other
code/app/Console/Commands/GenerateAnalyticsReport.php,GenerateAnalyticsReport.php,.php,0,other
code/app/Console/Commands/Impact/CaptureImpactIndexSnapshotCommand.php,CaptureImpactIndexSnapshotCommand.php,.php,536,other
code/app/Console/Commands/ManagePaymentGateways.php,ManagePaymentGateways.php,.php,0,other
code/app/Console/Commands/MatchJobCommand.php,MatchJobCommand.php,.php,0,other
code/app/Console/Commands/NormalizeApprenticeshipCompetencySequences.php,NormalizeApprenticeshipCompetencySequences.php,.php,572,other
code/app/Console/Commands/OptimizeCache.php,OptimizeCache.php,.php,0,other
code/app/Console/Commands/OptimizeDatabaseCommand.php,OptimizeDatabaseCommand.php,.php,1983,other
code/app/Console/Commands/PrepareMoneyInboxDemoCommand.php,PrepareMoneyInboxDemoCommand.php,.php,1889,other
code/app/Console/Commands/ProcessJobAlerts.php,ProcessJobAlerts.php,.php,1775,other
code/app/Console/Commands/PronounLintCommand.php,PronounLintCommand.php,.php,2435,other
code/app/Console/Commands/Queue/WorkPrioritized.php,WorkPrioritized.php,.php,1621,other
code/app/Console/Commands/RefreshMortgageSnapshotsCommand.php,RefreshMortgageSnapshotsCommand.php,.php,1590,other
code/app/Console/Commands/ReportMortgageTelemetry.php,ReportMortgageTelemetry.php,.php,3350,other
code/app/Console/Commands/RunComprehensiveTests.php,RunComprehensiveTests.php,.php,0,other
code/app/Console/Commands/RunDreamJobMatcher.php,RunDreamJobMatcher.php,.php,1263,other
code/app/Console/Commands/RunOpportunityRadar.php,RunOpportunityRadar.php,.php,1857,other
code/app/Console/Commands/Security/ExportSecurityAuditLogsCommand.php,ExportSecurityAuditLogsCommand.php,.php,1714,other
code/app/Console/Commands/SeedAiClientAlerts.php,SeedAiClientAlerts.php,.php,4056,other
code/app/Console/Commands/SeedOnboardingInsightsSample.php,SeedOnboardingInsightsSample.php,.php,7761,other
code/app/Console/Commands/SendDailyJobDigest.php,SendDailyJobDigest.php,.php,847,other
code/app/Console/Commands/SendJobAlerts.php,SendJobAlerts.php,.php,0,other
code/app/Console/Commands/SendScholarshipReminders.php,SendScholarshipReminders.php,.php,0,other
code/app/Console/Commands/SendSubscriptionReminders.php,SendSubscriptionReminders.php,.php,873,other
code/app/Console/Commands/SyncCompanyMarketData.php,SyncCompanyMarketData.php,.php,807,other
code/app/Console/Commands/SyncHealthInsuranceRates.php,SyncHealthInsuranceRates.php,.php,1007,other
code/app/Console/Commands/TestAIIntegration.php,TestAIIntegration.php,.php,0,other
code/app/Console/Commands/TestPermissions.php,TestPermissions.php,.php,516,other
code/app/Console/Commands/WarmAllJobsCommand.php,WarmAllJobsCommand.php,.php,0,other
code/app/Console/Commands/WarmHealthCheckCommand.php,WarmHealthCheckCommand.php,.php,0,other
code/app/Console/Commands/WarmJobMatchesCommand.php,WarmJobMatchesCommand.php,.php,0,other
code/app/Console/Commands/WarmMetricsAlertCommand.php,WarmMetricsAlertCommand.php,.php,0,other
code/app/Console/Commands/WarmMetricsReportCommand.php,WarmMetricsReportCommand.php,.php,0,other
code/app/Console/Commands/WarmMetricsSnapshotCommand.php,WarmMetricsSnapshotCommand.php,.php,0,other
code/app/Console/Kernel.php,Kernel.php,.php,11541,other
code/app/Contracts/AI/TextModel.php,TextModel.php,.php,1008,other
code/app/DataTransferObjects/Dashboards/AbstractDashboardWidgetData.php,AbstractDashboardWidgetData.php,.php,278,other
code/app/DataTransferObjects/Dashboards/DashboardWidgetData.php,DashboardWidgetData.php,.php,168,other
code/app/DataTransferObjects/Dashboards/KeyedDashboardWidgetData.php,KeyedDashboardWidgetData.php,.php,497,other
code/app/DataTransferObjects/Dashboards/Widgets/CandidateCareerPulseData.php,CandidateCareerPulseData.php,.php,1221,other
code/app/DataTransferObjects/Dashboards/Widgets/CandidateOpportunityStreamData.php,CandidateOpportunityStreamData.php,.php,1429,other
code/app/DataTransferObjects/Dashboards/Widgets/CandidatePathwayProgressData.php,CandidatePathwayProgressData.php,.php,1152,other
code/app/DataTransferObjects/Dashboards/Widgets/CandidatePersonaEchoData.php,CandidatePersonaEchoData.php,.php,1079,other
code/app/DataTransferObjects/Dashboards/Widgets/CandidateWellbeingSnapshotData.php,CandidateWellbeingSnapshotData.php,.php,1272,other
code/app/DataTransferObjects/Dashboards/Widgets/CompanyEquityComplianceData.php,CompanyEquityComplianceData.php,.php,1228,other
code/app/DataTransferObjects/Dashboards/Widgets/CompanyRequisitionHealthData.php,CompanyRequisitionHealthData.php,.php,1268,other
code/app/DataTransferObjects/Impact/ImpactMetric.php,ImpactMetric.php,.php,1109,other
code/app/DataTransferObjects/OpportunityRadar/OpportunitySignal.php,OpportunitySignal.php,.php,1592,other
code/app/Enums/IdentityFlagStatus.php,IdentityFlagStatus.php,.php,253,other
code/app/Enums/JobApprovalStatus.php,JobApprovalStatus.php,.php,0,other
code/app/Enums/JobStatus.php,JobStatus.php,.php,0,other
code/app/Enums/OrganizationPageType.php,OrganizationPageType.php,.php,5956,other
code/app/Enums/UserPersona.php,UserPersona.php,.php,246,other
code/app/Enums/WomenRealEstate/CohortPersona.php,CohortPersona.php,.php,587,other
code/app/Enums/WomenRealEstate/CohortRole.php,CohortRole.php,.php,532,other
code/app/Enums/WomenRealEstate/CohortStatus.php,CohortStatus.php,.php,255,other
code/app/Enums/WomenRealEstate/DashboardWidgetType.php,DashboardWidgetType.php,.php,905,other
code/app/Enums/WomenRealEstate/GoalType.php,GoalType.php,.php,574,other
code/app/Enums/WomenRealEstate/MortgageRateSource.php,MortgageRateSource.php,.php,223,other
code/app/Enums/WomenRealEstate/PartnerIntentType.php,PartnerIntentType.php,.php,525,other
code/app/Enums/WomenRealEstate/PartnerIntentionStatus.php,PartnerIntentionStatus.php,.php,265,other
code/app/Enums/WomenRealEstate/PartnerMatchStatus.php,PartnerMatchStatus.php,.php,291,other
code/app/Enums/WomenRealEstate/PartnerProjectStatus.php,PartnerProjectStatus.php,.php,439,other
code/app/Events/AIMetricsUpdated.php,AIMetricsUpdated.php,.php,931,other
code/app/Events/LeadSubmitted.php,LeadSubmitted.php,.php,1165,other
code/app/Events/NotificationPushed.php,NotificationPushed.php,.php,797,other
code/app/Events/OrgInviteFailed.php,OrgInviteFailed.php,.php,397,other
code/app/Events/OrgInviteSent.php,OrgInviteSent.php,.php,364,other
code/app/Events/PersonaSwitched.php,PersonaSwitched.php,.php,874,other
code/app/Events/WomenRealEstate/MortgageIntelligenceAccessed.php,MortgageIntelligenceAccessed.php,.php,612,other
code/app/Exceptions/AthenaDocumentRateLimitException.php,AthenaDocumentRateLimitException.php,.php,315,other
code/app/Exceptions/Handler.php,Handler.php,.php,664,other
code/app/Exceptions/ImageDriverUnavailableException.php,ImageDriverUnavailableException.php,.php,246,other
code/app/Exports/AIAnalyticsExport.php,AIAnalyticsExport.php,.php,1925,other
code/app/Exports/BusinessCashbookEntriesExport.php,BusinessCashbookEntriesExport.php,.php,2714,other
code/app/Helpers/GlobalHelper.php,GlobalHelper.php,.php,7943,other
code/app/Http/Controllers/Account/PersonaController.php,PersonaController.php,.php,4872,other
code/app/Http/Controllers/Account/PurposeSettingsController.php,PurposeSettingsController.php,.php,6007,other
code/app/Http/Controllers/Account/SessionSecurityController.php,SessionSecurityController.php,.php,3520,other
code/app/Http/Controllers/Api/AiContextHistoryController.php,AiContextHistoryController.php,.php,2960,other
code/app/Http/Controllers/Api/ApiDocumentationController.php,ApiDocumentationController.php,.php,4318,other
code/app/Http/Controllers/Api/Business/BusinessBudgetController.php,BusinessBudgetController.php,.php,3802,other
code/app/Http/Controllers/Api/Business/BusinessCashbookAiController.php,BusinessCashbookAiController.php,.php,4491,other
code/app/Http/Controllers/Api/Business/BusinessCashbookController.php,BusinessCashbookController.php,.php,2164,other
code/app/Http/Controllers/Api/Business/BusinessCashbookEntryController.php,BusinessCashbookEntryController.php,.php,8211,other
code/app/Http/Controllers/Api/Business/BusinessCashbookExportController.php,BusinessCashbookExportController.php,.php,2204,other
code/app/Http/Controllers/Api/Business/BusinessCashbookExportStatusController.php,BusinessCashbookExportStatusController.php,.php,2757,other
code/app/Http/Controllers/Api/Business/BusinessDocumentAiController.php,BusinessDocumentAiController.php,.php,2086,other
code/app/Http/Controllers/Api/Careers/CareerInterestController.php,CareerInterestController.php,.php,5468,other
code/app/Http/Controllers/Api/FraudDetectionController.php,FraudDetectionController.php,.php,1807,other
code/app/Http/Controllers/Api/Integrations/TurboTaxProxyController.php,TurboTaxProxyController.php,.php,876,other
code/app/Http/Controllers/Api/JobRecommendationController.php,JobRecommendationController.php,.php,2224,other
code/app/Http/Controllers/Api/Money/BankAccountController.php,BankAccountController.php,.php,783,other
code/app/Http/Controllers/Api/Money/BankTransactionController.php,BankTransactionController.php,.php,18131,other
code/app/Http/Controllers/Api/Money/BankTransactionImportController.php,BankTransactionImportController.php,.php,1956,other
code/app/Http/Controllers/Api/Money/BudgetController.php,BudgetController.php,.php,2874,other
code/app/Http/Controllers/Api/Money/BundleOfferController.php,BundleOfferController.php,.php,2105,other
code/app/Http/Controllers/Api/Money/DebtController.php,DebtController.php,.php,511,other
code/app/Http/Controllers/Api/Money/UserSubscriptionController.php,UserSubscriptionController.php,.php,3008,other
code/app/Http/Controllers/Api/NLPSearchController.php,NLPSearchController.php,.php,633,other
code/app/Http/Controllers/Api/PathwayController.php,PathwayController.php,.php,1004,other
code/app/Http/Controllers/Api/PaymentGatewayController.php,PaymentGatewayController.php,.php,7786,other
code/app/Http/Controllers/Api/SkillAnalysisController.php,SkillAnalysisController.php,.php,2554,other
code/app/Http/Controllers/Api/SystemStatusController.php,SystemStatusController.php,.php,0,other
code/app/Http/Controllers/Api/V1/AdvertisingBeaconController.php,AdvertisingBeaconController.php,.php,2132,other
code/app/Http/Controllers/Api/V1/AnalyticsEventController.php,AnalyticsEventController.php,.php,1152,other
code/app/Http/Controllers/Api/V1/AnalyticsEventSummaryController.php,AnalyticsEventSummaryController.php,.php,13508,other
code/app/Http/Controllers/Api/V1/CandidateController.php,CandidateController.php,.php,6091,other
code/app/Http/Controllers/Api/V1/CandidateScholarshipApplicationController.php,CandidateScholarshipApplicationController.php,.php,0,other
code/app/Http/Controllers/Api/V1/CandidateScholarshipApplicationDocumentController.php,CandidateScholarshipApplicationDocumentController.php,.php,0,other
code/app/Http/Controllers/Api/V1/CandidateScholarshipController.php,CandidateScholarshipController.php,.php,0,other
code/app/Http/Controllers/Api/V1/CandidateScholarshipReminderController.php,CandidateScholarshipReminderController.php,.php,0,other
code/app/Http/Controllers/Api/V1/CircleDiscoveryController.php,CircleDiscoveryController.php,.php,1564,other
code/app/Http/Controllers/Api/V1/Community/CommunityEventController.php,CommunityEventController.php,.php,2852,other
code/app/Http/Controllers/Api/V1/Community/CommunityGroupController.php,CommunityGroupController.php,.php,2634,other
code/app/Http/Controllers/Api/V1/Community/CommunityImportController.php,CommunityImportController.php,.php,3897,other
code/app/Http/Controllers/Api/V1/Community/CommunityInviteController.php,CommunityInviteController.php,.php,4210,other
code/app/Http/Controllers/Api/V1/Community/CommunityListController.php,CommunityListController.php,.php,2429,other
code/app/Http/Controllers/Api/V1/Community/CommunityLiveRoomController.php,CommunityLiveRoomController.php,.php,1891,other
code/app/Http/Controllers/Api/V1/Community/CommunityMembershipController.php,CommunityMembershipController.php,.php,3276,other
code/app/Http/Controllers/Api/V1/Community/CommunityResourceController.php,CommunityResourceController.php,.php,3032,other
code/app/Http/Controllers/Api/V1/Community/MentorshipCohortController.php,MentorshipCohortController.php,.php,4320,other
code/app/Http/Controllers/Api/V1/CompanyController.php,CompanyController.php,.php,3020,other
code/app/Http/Controllers/Api/V1/ContactSyncController.php,ContactSyncController.php,.php,2571,other
code/app/Http/Controllers/Api/V1/DeviceCaptureConsentController.php,DeviceCaptureConsentController.php,.php,1524,other
code/app/Http/Controllers/Api/V1/EntertainmentController.php,EntertainmentController.php,.php,11149,other
code/app/Http/Controllers/Api/V1/FeedController.php,FeedController.php,.php,3492,other
code/app/Http/Controllers/Api/V1/Impact/PublicImpactController.php,PublicImpactController.php,.php,1571,other
code/app/Http/Controllers/Api/V1/JobController.php,JobController.php,.php,14914,other
code/app/Http/Controllers/Api/V1/MediaUploadController.php,MediaUploadController.php,.php,5828,other
code/app/Http/Controllers/Api/V1/MortgagePropertyController.php,MortgagePropertyController.php,.php,7612,other
code/app/Http/Controllers/Api/V1/NotificationController.php,NotificationController.php,.php,0,other
code/app/Http/Controllers/Api/V1/OnboardingController.php,OnboardingController.php,.php,25116,other
code/app/Http/Controllers/Api/V1/OnboardingInsightsController.php,OnboardingInsightsController.php,.php,11240,other
code/app/Http/Controllers/Api/V1/OnboardingSupportEventController.php,OnboardingSupportEventController.php,.php,6825,other
code/app/Http/Controllers/Api/V1/PersonalizedFeedController.php,PersonalizedFeedController.php,.php,1921,other
code/app/Http/Controllers/Api/V1/PrimaryPurposeApiController.php,PrimaryPurposeApiController.php,.php,5914,other
code/app/Http/Controllers/Api/V1/PropertyMortgageShareController.php,PropertyMortgageShareController.php,.php,13573,other
code/app/Http/Controllers/Api/V1/PropertySeekerController.php,PropertySeekerController.php,.php,10500,other
code/app/Http/Controllers/Api/V1/RentalInquiryController.php,RentalInquiryController.php,.php,10653,other
code/app/Http/Controllers/Api/V1/RoleDashboardTelemetryController.php,RoleDashboardTelemetryController.php,.php,945,other
code/app/Http/Controllers/Api/V1/ScholarshipController.php,ScholarshipController.php,.php,0,other
code/app/Http/Controllers/Api/Wellbeing/WellbeingArticleController.php,WellbeingArticleController.php,.php,1337,other
code/app/Http/Controllers/Api/Wellbeing/WellbeingEventController.php,WellbeingEventController.php,.php,2861,other
code/app/Http/Controllers/Api/Wellbeing/WellbeingPartnerOfferController.php,WellbeingPartnerOfferController.php,.php,2101,other
code/app/Http/Controllers/Api/Wellbeing/WellbeingTelemetryController.php,WellbeingTelemetryController.php,.php,1269,other
code/app/Http/Controllers/Api/WomenRealEstate/MortgageQuoteApiController.php,MortgageQuoteApiController.php,.php,3343,other
code/app/Http/Controllers/Api/WomenRealEstate/WomenPropertySeekerController.php,WomenPropertySeekerController.php,.php,3022,other
code/app/Http/Controllers/Api/WomenRealEstate/WomenRentalInquiryController.php,WomenRentalInquiryController.php,.php,3341,other
code/app/Http/Controllers/Automotive/AutomotiveFinanceController.php,AutomotiveFinanceController.php,.php,3489,other
code/app/Http/Controllers/BaseController.php,BaseController.php,.php,0,other
code/app/Http/Controllers/Business/BusinessAccountingDashboardController.php,BusinessAccountingDashboardController.php,.php,471,other
code/app/Http/Controllers/Business/DashboardController.php,DashboardController.php,.php,8429,other
code/app/Http/Controllers/Business/FormationStudioController.php,FormationStudioController.php,.php,285,other
code/app/Http/Controllers/Business/LegalDocumentDownloadController.php,LegalDocumentDownloadController.php,.php,1064,other
code/app/Http/Controllers/Business/LegalDocumentLabController.php,LegalDocumentLabController.php,.php,288,other
code/app/Http/Controllers/Business/NetworkLandingController.php,NetworkLandingController.php,.php,714,other
code/app/Http/Controllers/Business/TemplateDownloadController.php,TemplateDownloadController.php,.php,2161,other
code/app/Http/Controllers/Careers/CareerWishlistController.php,CareerWishlistController.php,.php,354,other
code/app/Http/Controllers/ConnectionController.php,ConnectionController.php,.php,2142,other
code/app/Http/Controllers/Controller.php,Controller.php,.php,1490,other
code/app/Http/Controllers/Dashboard/RoleDashboardController.php,RoleDashboardController.php,.php,1557,other
code/app/Http/Controllers/DashboardRouterController.php,DashboardRouterController.php,.php,3406,other
code/app/Http/Controllers/DreamJobAlertController.php,DreamJobAlertController.php,.php,1824,other
code/app/Http/Controllers/DreamJobAlertPageController.php,DreamJobAlertPageController.php,.php,2761,other
code/app/Http/Controllers/Fronted/CandidateDashboardController.php,CandidateDashboardController.php,.php,5177,other
code/app/Http/Controllers/Frontend/AIController.php,AIController.php,.php,0,other
code/app/Http/Controllers/Frontend/AboutUsPageController.php,AboutUsPageController.php,.php,514,other
code/app/Http/Controllers/Frontend/AdvancedSearchController.php,AdvancedSearchController.php,.php,7677,other
code/app/Http/Controllers/Frontend/AdvertisingAudienceSegmentController.php,AdvertisingAudienceSegmentController.php,.php,2526,other
code/app/Http/Controllers/Frontend/AdvertisingCampaignController.php,AdvertisingCampaignController.php,.php,6159,other
code/app/Http/Controllers/Frontend/AdvertisingCampaignMetricController.php,AdvertisingCampaignMetricController.php,.php,3563,other
code/app/Http/Controllers/Frontend/AdvertisingCreativeController.php,AdvertisingCreativeController.php,.php,3829,other
code/app/Http/Controllers/Frontend/AdvertisingRevenueDashboardController.php,AdvertisingRevenueDashboardController.php,.php,929,other
code/app/Http/Controllers/Frontend/AdvertisingSlotInsightController.php,AdvertisingSlotInsightController.php,.php,1076,other
code/app/Http/Controllers/Frontend/AdvertisingSlotManagementController.php,AdvertisingSlotManagementController.php,.php,1835,other
code/app/Http/Controllers/Frontend/AiConciergeController.php,AiConciergeController.php,.php,20155,other
code/app/Http/Controllers/Frontend/BundleConciergeController.php,BundleConciergeController.php,.php,1481,other
code/app/Http/Controllers/Frontend/CVBuilderController.php,CVBuilderController.php,.php,0,other
code/app/Http/Controllers/Frontend/CandidateAnalyticsController.php,CandidateAnalyticsController.php,.php,5199,other
code/app/Http/Controllers/Frontend/CandidateCareerInsightsController.php,CandidateCareerInsightsController.php,.php,1184,other
code/app/Http/Controllers/Frontend/CandidateConnectionsController.php,CandidateConnectionsController.php,.php,22893,other
code/app/Http/Controllers/Frontend/CandidateCvBuilderController.php,CandidateCvBuilderController.php,.php,17947,other
code/app/Http/Controllers/Frontend/CandidateEductionController.php,CandidateEductionController.php,.php,3775,other
code/app/Http/Controllers/Frontend/CandidateExperienceController.php,CandidateExperienceController.php,.php,4303,other
code/app/Http/Controllers/Frontend/CandidateGroupsController.php,CandidateGroupsController.php,.php,11988,other
code/app/Http/Controllers/Frontend/CandidateInvitesController.php,CandidateInvitesController.php,.php,15412,other
code/app/Http/Controllers/Frontend/CandidateJobAlertController.php,CandidateJobAlertController.php,.php,10615,other
code/app/Http/Controllers/Frontend/CandidateJobBookmarkController.php,CandidateJobBookmarkController.php,.php,1897,other
code/app/Http/Controllers/Frontend/CandidateMyJobController.php,CandidateMyJobController.php,.php,460,other
code/app/Http/Controllers/Frontend/CandidateNotificationsController.php,CandidateNotificationsController.php,.php,3173,other
code/app/Http/Controllers/Frontend/CandidateOnboardingController.php,CandidateOnboardingController.php,.php,674,other
code/app/Http/Controllers/Frontend/CareerInsightsController.php,CareerInsightsController.php,.php,0,other
code/app/Http/Controllers/Frontend/CheckoutPageController.php,CheckoutPageController.php,.php,659,other
code/app/Http/Controllers/Frontend/CompanyApprenticeshipController.php,CompanyApprenticeshipController.php,.php,4012,other
code/app/Http/Controllers/Frontend/CompanyDashboardController.php,CompanyDashboardController.php,.php,12884,other
code/app/Http/Controllers/Frontend/CompanyEducationController.php,CompanyEducationController.php,.php,0,other
code/app/Http/Controllers/Frontend/CompanyLeadController.php,CompanyLeadController.php,.php,8202,other
code/app/Http/Controllers/Frontend/CompanyOrderController.php,CompanyOrderController.php,.php,2433,other
code/app/Http/Controllers/Frontend/ContactController.php,ContactController.php,.php,733,other
code/app/Http/Controllers/Frontend/FeedController.php,FeedController.php,.php,1012,other
code/app/Http/Controllers/Frontend/FinancialWellnessController.php,FinancialWellnessController.php,.php,59077,other
code/app/Http/Controllers/Frontend/FrontendCandidatePageController.php,FrontendCandidatePageController.php,.php,1478,other
code/app/Http/Controllers/Frontend/FrontendCompanyPageController.php,FrontendCompanyPageController.php,.php,3389,other
code/app/Http/Controllers/Frontend/FrontendJobPageController.php,FrontendJobPageController.php,.php,5872,other
code/app/Http/Controllers/Frontend/FrontendOrganizationPageController.php,FrontendOrganizationPageController.php,.php,0,other
code/app/Http/Controllers/Frontend/GamificationController.php,GamificationController.php,.php,6128,other
code/app/Http/Controllers/Frontend/GrantExperienceController.php,GrantExperienceController.php,.php,13030,other
code/app/Http/Controllers/Frontend/HealthFitnessController.php,HealthFitnessController.php,.php,1178,other
code/app/Http/Controllers/Frontend/HomeController.php,HomeController.php,.php,10008,other
code/app/Http/Controllers/Frontend/HousingExperienceController.php,HousingExperienceController.php,.php,22161,other
code/app/Http/Controllers/Frontend/IdentityAppealController.php,IdentityAppealController.php,.php,1725,other
code/app/Http/Controllers/Frontend/ImpactDashboardController.php,ImpactDashboardController.php,.php,511,other
code/app/Http/Controllers/Frontend/InterviewCoachController.php,InterviewCoachController.php,.php,7226,other
code/app/Http/Controllers/Frontend/JobMatchController.php,JobMatchController.php,.php,1580,other
code/app/Http/Controllers/Frontend/LocationController.php,LocationController.php,.php,1140,other
code/app/Http/Controllers/Frontend/OrgCourseController.php,OrgCourseController.php,.php,6750,other
code/app/Http/Controllers/Frontend/OrgMediaStreamController.php,OrgMediaStreamController.php,.php,2399,other
code/app/Http/Controllers/Frontend/OrganizationLeadController.php,OrganizationLeadController.php,.php,1692,other
code/app/Http/Controllers/Frontend/OrganizationPageController.php,OrganizationPageController.php,.php,1485,other
code/app/Http/Controllers/Frontend/OskoPayIDController.php,OskoPayIDController.php,.php,0,other
code/app/Http/Controllers/Frontend/PricingPageController.php,PricingPageController.php,.php,558,other
code/app/Http/Controllers/Frontend/ResumeParserController.php,ResumeParserController.php,.php,2765,other
code/app/Http/Controllers/Frontend/SkillGapController.php,SkillGapController.php,.php,8836,other
code/app/Http/Controllers/Frontend/TelemetryDashboardController.php,TelemetryDashboardController.php,.php,9235,other
code/app/Http/Controllers/Frontend/WellnessHubController.php,WellnessHubController.php,.php,21316,other
code/app/Http/Controllers/Frontend/jobController.php,jobController.php,.php,10946,other
code/app/Http/Controllers/GroupController.php,GroupController.php,.php,929,other
code/app/Http/Controllers/Growth/ReferralController.php,ReferralController.php,.php,1809,other
code/app/Http/Controllers/Impact/RoleDashboardImpactController.php,RoleDashboardImpactController.php,.php,1003,other
code/app/Http/Controllers/InviteController.php,InviteController.php,.php,1929,other
code/app/Http/Controllers/Member/CivicOpportunitiesController.php,CivicOpportunitiesController.php,.php,1066,other
code/app/Http/Controllers/Member/DashboardController.php,DashboardController.php,.php,12490,other
code/app/Http/Controllers/Member/PathwayController.php,PathwayController.php,.php,2102,other
code/app/Http/Controllers/Money/BudgetDashboardController.php,BudgetDashboardController.php,.php,1148,other
code/app/Http/Controllers/Money/TaxController.php,TaxController.php,.php,3563,other
code/app/Http/Controllers/Money/TurboTaxController.php,TurboTaxController.php,.php,861,other
code/app/Http/Controllers/NotificationController.php,NotificationController.php,.php,1059,other
code/app/Http/Controllers/Org/AdCampaignController.php,AdCampaignController.php,.php,10961,other
code/app/Http/Controllers/Org/AdCreativeController.php,AdCreativeController.php,.php,4046,other
code/app/Http/Controllers/Org/ApprenticeshipCompetencyController.php,ApprenticeshipCompetencyController.php,.php,0,other
code/app/Http/Controllers/Org/ApprenticeshipDashboardController.php,ApprenticeshipDashboardController.php,.php,0,other
code/app/Http/Controllers/Org/ApprenticeshipProgressController.php,ApprenticeshipProgressController.php,.php,0,other
code/app/Http/Controllers/Org/CourseController.php,CourseController.php,.php,5578,other
code/app/Http/Controllers/Org/EducationDashboardController.php,EducationDashboardController.php,.php,0,other
code/app/Http/Controllers/Org/IntakeController.php,IntakeController.php,.php,0,other
code/app/Http/Controllers/Org/OrgMediaController.php,OrgMediaController.php,.php,1104,other
code/app/Http/Controllers/Org/OrganizationPageController.php,OrganizationPageController.php,.php,4001,other
code/app/Http/Controllers/Partner/PartnerDashboardController.php,PartnerDashboardController.php,.php,1022,other
code/app/Http/Controllers/PublicSector/AgencyDashboardController.php,AgencyDashboardController.php,.php,5967,other
code/app/Http/Controllers/PublicSector/DashboardController.php,DashboardController.php,.php,3269,other
code/app/Http/Controllers/PublicSector/MissionBriefAiController.php,MissionBriefAiController.php,.php,4132,other
code/app/Http/Controllers/PublicSector/OpportunityController.php,OpportunityController.php,.php,2919,other
code/app/Http/Controllers/PublicSector/OpportunityEngagementController.php,OpportunityEngagementController.php,.php,1574,other
code/app/Http/Controllers/PublicSector/ProcurementPipelineController.php,ProcurementPipelineController.php,.php,1830,other
code/app/Http/Controllers/TafeUniversity/DashboardController.php,DashboardController.php,.php,5197,other
code/app/Http/Controllers/TafeUniversity/InstitutionController.php,InstitutionController.php,.php,1276,other
code/app/Http/Controllers/TafeUniversity/ProgramController.php,ProgramController.php,.php,3897,other
code/app/Http/Controllers/TafeUniversity/ProgramJourneyController.php,ProgramJourneyController.php,.php,1973,other
code/app/Http/Controllers/Trades/ApprenticeshipController.php,ApprenticeshipController.php,.php,2447,other
code/app/Http/Controllers/Trades/DashboardController.php,DashboardController.php,.php,810,other
code/app/Http/Controllers/Wellbeing/WellbeingDashboardController.php,WellbeingDashboardController.php,.php,1065,other
code/app/Http/Controllers/WomenRealEstate/AgentPulseController.php,AgentPulseController.php,.php,625,other
code/app/Http/Controllers/WomenRealEstate/CohortTimelineController.php,CohortTimelineController.php,.php,592,other
code/app/Http/Controllers/WomenRealEstate/LearningPathController.php,LearningPathController.php,.php,7131,other
code/app/Http/Controllers/WomenRealEstate/MortgageQuoteController.php,MortgageQuoteController.php,.php,4278,other
code/app/Http/Controllers/WomenRealEstate/RentalController.php,RentalController.php,.php,564,other
code/app/Http/Kernel.php,Kernel.php,.php,4104,other
code/app/Http/Middleware/AIIntegrationMiddleware.php,AIIntegrationMiddleware.php,.php,0,other
code/app/Http/Middleware/APIRateLimit.php,APIRateLimit.php,.php,0,other
code/app/Http/Middleware/CaptureMarketingAttribution.php,CaptureMarketingAttribution.php,.php,891,other
code/app/Http/Middleware/EncryptCookies.php,EncryptCookies.php,.php,387,other
code/app/Http/Middleware/EnsureIntentAccess.php,EnsureIntentAccess.php,.php,1363,other
code/app/Http/Middleware/EnsureOnboardingCompleted.php,EnsureOnboardingCompleted.php,.php,3518,other
code/app/Http/Middleware/EnsureRealEstateOnboarded.php,EnsureRealEstateOnboarded.php,.php,677,other
code/app/Http/Middleware/EnsureRouteSecurity.php,EnsureRouteSecurity.php,.php,4607,other
code/app/Http/Middleware/EnsureTwoFactorConfirmed.php,EnsureTwoFactorConfirmed.php,.php,3233,other
code/app/Http/Middleware/JobApplicationRateLimit.php,JobApplicationRateLimit.php,.php,0,other
code/app/Http/Middleware/PerformanceMonitoringMiddleware.php,PerformanceMonitoringMiddleware.php,.php,0,other
code/app/Http/Middleware/PreventRequestsDuringMaintenance.php,PreventRequestsDuringMaintenance.php,.php,464,other
code/app/Http/Middleware/ScanForSensitiveData.php,ScanForSensitiveData.php,.php,6624,other
code/app/Http/Middleware/SecurityHeaders.php,SecurityHeaders.php,.php,2849,other
code/app/Http/Middleware/TrackSessionSecurity.php,TrackSessionSecurity.php,.php,1217,other
code/app/Http/Middleware/TrimStrings.php,TrimStrings.php,.php,458,other
code/app/Http/Middleware/TrustHosts.php,TrustHosts.php,.php,510,other
code/app/Http/Middleware/TrustProxies.php,TrustProxies.php,.php,727,other
code/app/Http/Middleware/UserRoleMiddleware.php,UserRoleMiddleware.php,.php,1471,other
code/app/Http/Middleware/ValidateSignature.php,ValidateSignature.php,.php,543,other
code/app/Http/Middleware/XSSProtection.php,XSSProtection.php,.php,0,other
code/app/Http/Requests/Advertising/StoreAudienceSegmentRequest.php,StoreAudienceSegmentRequest.php,.php,2910,other
code/app/Http/Requests/Advertising/StoreCampaignMetricRequest.php,StoreCampaignMetricRequest.php,.php,1338,other
code/app/Http/Requests/Advertising/StoreCampaignRequest.php,StoreCampaignRequest.php,.php,6999,other
code/app/Http/Requests/Advertising/StoreCreativeRequest.php,StoreCreativeRequest.php,.php,2280,other
code/app/Http/Requests/Advertising/UpdateCampaignMetricRequest.php,UpdateCampaignMetricRequest.php,.php,1339,other
code/app/Http/Requests/Advertising/UpdateCampaignRequest.php,UpdateCampaignRequest.php,.php,2059,other
code/app/Http/Requests/Advertising/UpdateCreativeRequest.php,UpdateCreativeRequest.php,.php,2281,other
code/app/Http/Requests/Api/TrackAnalyticsEventRequest.php,TrackAnalyticsEventRequest.php,.php,1176,other
code/app/Http/Requests/Frontend/CandidateAccountInfoUpdateRequest.php,CandidateAccountInfoUpdateRequest.php,.php,751,other
code/app/Http/Requests/Frontend/CandidateEducationStoreRequest.php,CandidateEducationStoreRequest.php,.php,363,other
code/app/Http/Requests/Frontend/CandidateExperienceStoreRequest.php,CandidateExperienceStoreRequest.php,.php,631,other
code/app/Http/Requests/Frontend/CandidatePersonalityVideoUploadRequest.php,CandidatePersonalityVideoUploadRequest.php,.php,0,other
code/app/Http/Requests/Frontend/CandidateWomenInfoUpdateRequest.php,CandidateWomenInfoUpdateRequest.php,.php,0,other
code/app/Http/Requests/Frontend/CompanyFoundingInfoUpdateRequest.php,CompanyFoundingInfoUpdateRequest.php,.php,648,other
code/app/Http/Requests/Frontend/CompanyInfoUpdateRequest.php,CompanyInfoUpdateRequest.php,.php,436,other
code/app/Http/Requests/Frontend/JobCreateRequest.php,JobCreateRequest.php,.php,893,other
code/app/Http/Requests/Frontend/StoreOrganizationLeadRequest.php,StoreOrganizationLeadRequest.php,.php,3150,other
code/app/Http/Requests/Grants/UpdateGrantApplicationRequest.php,UpdateGrantApplicationRequest.php,.php,1264,other
code/app/Http/Requests/Lead/StoreLeadNoteRequest.php,StoreLeadNoteRequest.php,.php,0,other
code/app/Http/Requests/Lead/UpdateLeadNoteRequest.php,UpdateLeadNoteRequest.php,.php,0,other
code/app/Http/Requests/Lead/UpdateLeadStatusRequest.php,UpdateLeadStatusRequest.php,.php,624,other
code/app/Http/Requests/Onboarding/UpdatePersonasRequest.php,UpdatePersonasRequest.php,.php,585,other
code/app/Http/Requests/Org/StoreAdCampaignRequest.php,StoreAdCampaignRequest.php,.php,2582,other
code/app/Http/Requests/Org/StoreAdCreativeRequest.php,StoreAdCreativeRequest.php,.php,2321,other
code/app/Http/Requests/Org/StoreApprenticeshipCompetencyRequest.php,StoreApprenticeshipCompetencyRequest.php,.php,0,other
code/app/Http/Requests/Org/UpdateAdCampaignRequest.php,UpdateAdCampaignRequest.php,.php,2080,other
code/app/Http/Requests/Org/UpdateAdCreativeRequest.php,UpdateAdCreativeRequest.php,.php,2208,other
code/app/Http/Requests/Org/UpdateApprenticeshipCompetencyRequest.php,UpdateApprenticeshipCompetencyRequest.php,.php,0,other
code/app/Http/Requests/Org/UpdateApprenticeshipProgressRecordRequest.php,UpdateApprenticeshipProgressRecordRequest.php,.php,0,other
code/app/Http/Requests/Scholarships/CandidateScholarshipApplicationDocumentStoreRequest.php,CandidateScholarshipApplicationDocumentStoreRequest.php,.php,0,other
code/app/Http/Requests/Scholarships/CandidateScholarshipApplicationDocumentUpdateRequest.php,CandidateScholarshipApplicationDocumentUpdateRequest.php,.php,0,other
code/app/Http/Requests/Scholarships/CandidateScholarshipApplicationIndexRequest.php,CandidateScholarshipApplicationIndexRequest.php,.php,0,other
code/app/Http/Requests/Scholarships/CandidateScholarshipApplicationSaveRequest.php,CandidateScholarshipApplicationSaveRequest.php,.php,0,other
code/app/Http/Requests/Scholarships/CandidateScholarshipApplicationSubmitRequest.php,CandidateScholarshipApplicationSubmitRequest.php,.php,0,other
code/app/Http/Requests/Scholarships/CandidateScholarshipMatchIndexRequest.php,CandidateScholarshipMatchIndexRequest.php,.php,0,other
code/app/Http/Requests/Scholarships/CandidateScholarshipReminderStoreRequest.php,CandidateScholarshipReminderStoreRequest.php,.php,0,other
code/app/Http/Requests/Scholarships/CandidateScholarshipReminderUpdateRequest.php,CandidateScholarshipReminderUpdateRequest.php,.php,0,other
code/app/Http/Requests/Scholarships/CandidateScholarshipSavedIndexRequest.php,CandidateScholarshipSavedIndexRequest.php,.php,0,other
code/app/Http/Requests/Scholarships/ScholarshipIndexRequest.php,ScholarshipIndexRequest.php,.php,0,other
code/app/Http/Requests/StoreDreamJobAlertRequest.php,StoreDreamJobAlertRequest.php,.php,1116,other
code/app/Http/Requests/StorePersonaRequest.php,StorePersonaRequest.php,.php,2350,other
code/app/Http/Requests/UpdateDreamJobAlertRequest.php,UpdateDreamJobAlertRequest.php,.php,1270,other
code/app/Http/Requests/UpdatePersonaRequest.php,UpdatePersonaRequest.php,.php,969,other
code/app/Http/Resources/ApprenticeshipCompetencyResource.php,ApprenticeshipCompetencyResource.php,.php,0,other
code/app/Http/Resources/ApprenticeshipProgramResource.php,ApprenticeshipProgramResource.php,.php,1051,other
code/app/Http/Resources/ApprenticeshipProgressRecordResource.php,ApprenticeshipProgressRecordResource.php,.php,0,other
code/app/Http/Resources/BundleOfferLineItemResource.php,BundleOfferLineItemResource.php,.php,1122,other
code/app/Http/Resources/BundleOfferResource.php,BundleOfferResource.php,.php,1978,other
code/app/Http/Resources/Business/BusinessCashbookEntryResource.php,BusinessCashbookEntryResource.php,.php,1308,other
code/app/Http/Resources/CandidateScholarshipMatchResource.php,CandidateScholarshipMatchResource.php,.php,0,other
code/app/Http/Resources/CourseIntakeResource.php,CourseIntakeResource.php,.php,760,other
code/app/Http/Resources/CourseResource.php,CourseResource.php,.php,2123,other
code/app/Http/Resources/IncidentReportResource.php,IncidentReportResource.php,.php,1974,other
code/app/Http/Resources/Money/BankAccountResource.php,BankAccountResource.php,.php,813,other
code/app/Http/Resources/Money/BankTransactionResource.php,BankTransactionResource.php,.php,2518,other
code/app/Http/Resources/Org/AdCampaignResource.php,AdCampaignResource.php,.php,2524,other
code/app/Http/Resources/Org/AdCreativeResource.php,AdCreativeResource.php,.php,2027,other
code/app/Http/Resources/Org/AdMetricsDailyResource.php,AdMetricsDailyResource.php,.php,957,other
code/app/Http/Resources/OrganizationSummaryResource.php,OrganizationSummaryResource.php,.php,884,other
code/app/Http/Resources/ScholarshipApplicationDocumentResource.php,ScholarshipApplicationDocumentResource.php,.php,0,other
code/app/Http/Resources/ScholarshipApplicationResource.php,ScholarshipApplicationResource.php,.php,0,other
code/app/Http/Resources/ScholarshipReminderResource.php,ScholarshipReminderResource.php,.php,0,other
code/app/Http/Resources/ScholarshipResource.php,ScholarshipResource.php,.php,0,other
code/app/Http/Responses/CsvResponse.php,CsvResponse.php,.php,378,other
code/app/Http/Responses/CsvStreamedResponse.php,CsvStreamedResponse.php,.php,402,other
code/app/Http/Responses/PlainCsvResponse.php,PlainCsvResponse.php,.php,649,other
code/app/Http/Responses/PlainCsvStreamedResponse.php,PlainCsvStreamedResponse.php,.php,770,other
code/app/Jobs/BackfillCandidateJourneyBatch.php,BackfillCandidateJourneyBatch.php,.php,920,other
code/app/Jobs/BackfillCandidateJourneyChunk.php,BackfillCandidateJourneyChunk.php,.php,881,other
code/app/Jobs/BatchJobMatchingJob.php,BatchJobMatchingJob.php,.php,699,other
code/app/Jobs/BatchProcessResumesJob.php,BatchProcessResumesJob.php,.php,684,other
code/app/Jobs/Business/SendBusinessDigestJob.php,SendBusinessDigestJob.php,.php,1009,other
code/app/Jobs/CategorizeBusinessEntriesWithAI.php,CategorizeBusinessEntriesWithAI.php,.php,686,other
code/app/Jobs/GenerateCandidateScholarshipMatchesJob.php,GenerateCandidateScholarshipMatchesJob.php,.php,0,other
code/app/Jobs/GenerateCareerInsightsJob.php,GenerateCareerInsightsJob.php,.php,559,other
code/app/Jobs/GenerateImpactReport.php,GenerateImpactReport.php,.php,1088,other
code/app/Jobs/Money/ImportUserSubscriptionsJob.php,ImportUserSubscriptionsJob.php,.php,3603,other
code/app/Jobs/Mortgage/IngestMortgageDataJob.php,IngestMortgageDataJob.php,.php,1291,other
code/app/Jobs/Mortgage/MortgageUXHookJob.php,MortgageUXHookJob.php,.php,591,other
code/app/Jobs/Mortgage/ScoreMortgageApplicationJob.php,ScoreMortgageApplicationJob.php,.php,551,other
code/app/Jobs/Mortgage/UpdateRepaymentCalculatorJob.php,UpdateRepaymentCalculatorJob.php,.php,540,other
code/app/Jobs/NotifyMortgageTelemetryThreshold.php,NotifyMortgageTelemetryThreshold.php,.php,641,other
code/app/Jobs/PersistAnalyticsEvent.php,PersistAnalyticsEvent.php,.php,792,other
code/app/Jobs/ProcessBusinessCashbookExport.php,ProcessBusinessCashbookExport.php,.php,2475,other
code/app/Jobs/ProcessOrgMediaAsset.php,ProcessOrgMediaAsset.php,.php,1470,other
code/app/Jobs/ProcessResumeParsingJob.php,ProcessResumeParsingJob.php,.php,635,other
code/app/Jobs/RefreshJobMatchesJob.php,RefreshJobMatchesJob.php,.php,305,other
code/app/Jobs/RefreshMortgageRateSnapshotsJob.php,RefreshMortgageRateSnapshotsJob.php,.php,679,other
code/app/Jobs/RetryAIOperation.php,RetryAIOperation.php,.php,719,other
code/app/Jobs/RunDreamJobMatcherJob.php,RunDreamJobMatcherJob.php,.php,623,other
code/app/Jobs/ScanUploadedMedia.php,ScanUploadedMedia.php,.php,2426,other
code/app/Jobs/SyncCashbookInsights.php,SyncCashbookInsights.php,.php,770,other
code/app/Jobs/TranscodeUploadedMedia.php,TranscodeUploadedMedia.php,.php,1349,other
code/app/Jobs/WarmCandidateJobMatches.php,WarmCandidateJobMatches.php,.php,1669,other
code/app/Jobs/WarmJobCandidateMatches.php,WarmJobCandidateMatches.php,.php,0,other
code/app/Jobs/WomenRealEstate/DispatchLicenseExpiryRemindersJob.php,DispatchLicenseExpiryRemindersJob.php,.php,756,other
code/app/Listeners/EmitPrivacyTierChangedAnalytics.php,EmitPrivacyTierChangedAnalytics.php,.php,783,other
code/app/Listeners/MarkOrgInviteFailed.php,MarkOrgInviteFailed.php,.php,1024,other
code/app/Listeners/MarkOrgInviteSent.php,MarkOrgInviteSent.php,.php,864,other
code/app/Listeners/SendLeadConfirmationToCandidate.php,SendLeadConfirmationToCandidate.php,.php,229,other
code/app/Listeners/SendOrgInviteFailureNotifications.php,SendOrgInviteFailureNotifications.php,.php,0,other
code/app/Listeners/SendOrgInviteSuccessNotifications.php,SendOrgInviteSuccessNotifications.php,.php,0,other
code/app/Listeners/TrackLeadSubmission.php,TrackLeadSubmission.php,.php,145,other
code/app/Listeners/WomenRealEstate/RecordMortgageIntelligenceAccess.php,RecordMortgageIntelligenceAccess.php,.php,903,other
code/app/Livewire/Agents/DocumentUploader.php,DocumentUploader.php,.php,3716,other
code/app/Livewire/Business/BusinessFormationStudio.php,BusinessFormationStudio.php,.php,19876,other
code/app/Livewire/Business/DigestWidget.php,DigestWidget.php,.php,2105,other
code/app/Livewire/Business/FormationStudio.php,FormationStudio.php,.php,5925,other
code/app/Livewire/Business/LegalDocumentLab.php,LegalDocumentLab.php,.php,7568,other
code/app/Livewire/Cohorts/Dashboard.php,Dashboard.php,.php,12489,other
code/app/Livewire/Cohorts/MentorMatches.php,MentorMatches.php,.php,1420,other
code/app/Livewire/Cohorts/Timeline.php,Timeline.php,.php,2225,other
code/app/Livewire/DashboardOpportunityStreams.php,DashboardOpportunityStreams.php,.php,1511,other
code/app/Livewire/DashboardPersonaEchoes.php,DashboardPersonaEchoes.php,.php,3274,other
code/app/Livewire/Goals/Tracker.php,Tracker.php,.php,1574,other
code/app/Livewire/Mortgage/Widget.php,Widget.php,.php,1574,other
code/app/Livewire/Partners/Opportunities.php,Opportunities.php,.php,3056,other
code/app/Livewire/SystemStatusMonitor.php,SystemStatusMonitor.php,.php,651,other
code/app/Livewire/WomenRealEstate/Househunters/PropertyMatches.php,PropertyMatches.php,.php,0,other
code/app/Livewire/WomenRealEstate/Onboarding/JourneyHub.php,JourneyHub.php,.php,19472,other
code/app/Livewire/WomenRealEstate/Onboarding/UserMediaLibrary.php,UserMediaLibrary.php,.php,5530,other
code/app/Livewire/WomenRealEstate/Personas/Wizard.php,Wizard.php,.php,29129,other
code/app/Models/AIClientAlert.php,AIClientAlert.php,.php,2971,other
code/app/Models/AIInferenceLog.php,AIInferenceLog.php,.php,3296,other
code/app/Models/About.php,About.php,.php,1479,other
code/app/Models/AdCampaign.php,AdCampaign.php,.php,4624,other
code/app/Models/AdCreative.php,AdCreative.php,.php,2831,other
code/app/Models/AdMetricsDaily.php,AdMetricsDaily.php,.php,2613,other
code/app/Models/AdvertisingAudienceSegment.php,AdvertisingAudienceSegment.php,.php,3381,other
code/app/Models/AdvertisingCampaign.php,AdvertisingCampaign.php,.php,5692,other
code/app/Models/AdvertisingCampaignMetric.php,AdvertisingCampaignMetric.php,.php,3734,other
code/app/Models/AdvertisingCreative.php,AdvertisingCreative.php,.php,5922,other
code/app/Models/AdvertisingSlot.php,AdvertisingSlot.php,.php,6695,other
code/app/Models/AdvertisingSlotRevenueSnapshot.php,AdvertisingSlotRevenueSnapshot.php,.php,3116,other
code/app/Models/Aminity.php,Aminity.php,.php,1879,other
code/app/Models/AminityTranslation.php,AminityTranslation.php,.php,754,other
code/app/Models/AnalyticsEvent.php,AnalyticsEvent.php,.php,2143,other
code/app/Models/AppliedJob.php,AppliedJob.php,.php,1630,other
code/app/Models/ApprenticeshipCompetency.php,ApprenticeshipCompetency.php,.php,4867,other
code/app/Models/ApprenticeshipProgram.php,ApprenticeshipProgram.php,.php,4480,other
code/app/Models/ApprenticeshipProgressRecord.php,ApprenticeshipProgressRecord.php,.php,3872,other
code/app/Models/Badge.php,Badge.php,.php,4284,other
code/app/Models/BankAccount.php,BankAccount.php,.php,2959,other
code/app/Models/BankTransaction.php,BankTransaction.php,.php,4530,other
code/app/Models/BankTransactionContext.php,BankTransactionContext.php,.php,2950,other
code/app/Models/Benefits.php,Benefits.php,.php,1193,other
code/app/Models/BillingCharge.php,BillingCharge.php,.php,2896,other
code/app/Models/BillingMeter.php,BillingMeter.php,.php,3270,other
code/app/Models/Budget.php,Budget.php,.php,2334,other
code/app/Models/BudgetCategory.php,BudgetCategory.php,.php,2700,other
code/app/Models/BudgetItem.php,BudgetItem.php,.php,2081,other
code/app/Models/BudgetTransaction.php,BudgetTransaction.php,.php,2860,other
code/app/Models/BundleOffer.php,BundleOffer.php,.php,5172,other
code/app/Models/BundleOfferLineItem.php,BundleOfferLineItem.php,.php,3104,other
code/app/Models/Business/BusinessMilestone.php,BusinessMilestone.php,.php,3657,other
code/app/Models/Business/BusinessResource.php,BusinessResource.php,.php,6861,other
code/app/Models/BusinessBudget.php,BusinessBudget.php,.php,2673,other
code/app/Models/BusinessBudgetLine.php,BusinessBudgetLine.php,.php,2430,other
code/app/Models/BusinessCashbook.php,BusinessCashbook.php,.php,3224,other
code/app/Models/BusinessCashbookEntry.php,BusinessCashbookEntry.php,.php,3557,other
code/app/Models/BusinessDisclaimerAcceptance.php,BusinessDisclaimerAcceptance.php,.php,2052,other
code/app/Models/Candidate.php,Candidate.php,.php,11478,other
code/app/Models/CandidateBadge.php,CandidateBadge.php,.php,3067,other
code/app/Models/CandidateCV.php,CandidateCV.php,.php,10500,other
code/app/Models/CandidateChallenge.php,CandidateChallenge.php,.php,5139,other
code/app/Models/CandidateEducation.php,CandidateEducation.php,.php,1991,other
code/app/Models/CandidateExperience.php,CandidateExperience.php,.php,2159,other
code/app/Models/CandidateGroup.php,CandidateGroup.php,.php,0,other
code/app/Models/CandidateJobAlert.php,CandidateJobAlert.php,.php,7727,other
code/app/Models/CandidateJourneyKpiSnapshot.php,CandidateJourneyKpiSnapshot.php,.php,0,other
code/app/Models/CandidateLanguage.php,CandidateLanguage.php,.php,1531,other
code/app/Models/CandidateLearningProgress.php,CandidateLearningProgress.php,.php,6742,other
code/app/Models/CandidateMilestone.php,CandidateMilestone.php,.php,2493,other
code/app/Models/CandidatePhoto.php,CandidatePhoto.php,.php,426,other
code/app/Models/CandidatePoint.php,CandidatePoint.php,.php,8312,other
code/app/Models/CandidatePoints.php,CandidatePoints.php,.php,9118,other
code/app/Models/CandidateQualification.php,CandidateQualification.php,.php,458,other
code/app/Models/CandidateResumeSnapshot.php,CandidateResumeSnapshot.php,.php,0,other
code/app/Models/CandidateScholarshipMatch.php,CandidateScholarshipMatch.php,.php,0,other
code/app/Models/CandidateSkill.php,CandidateSkill.php,.php,1820,other
code/app/Models/CandidateVideo.php,CandidateVideo.php,.php,426,other
code/app/Models/CareerIntelligenceSnapshot.php,CareerIntelligenceSnapshot.php,.php,3069,other
code/app/Models/CareerInterest.php,CareerInterest.php,.php,5914,other
code/app/Models/CdnLatencySample.php,CdnLatencySample.php,.php,2217,other
code/app/Models/Challenge.php,Challenge.php,.php,6455,other
code/app/Models/City.php,City.php,.php,1855,other
code/app/Models/CivicOpportunitySignup.php,CivicOpportunitySignup.php,.php,2959,other
code/app/Models/CommerceChannel.php,CommerceChannel.php,.php,3334,other
code/app/Models/CommerceCollection.php,CommerceCollection.php,.php,3042,other
code/app/Models/CommerceOrder.php,CommerceOrder.php,.php,4427,other
code/app/Models/CommerceOrderEvent.php,CommerceOrderEvent.php,.php,2357,other
code/app/Models/CommerceOrderItem.php,CommerceOrderItem.php,.php,3320,other
code/app/Models/CommercePayoutBatch.php,CommercePayoutBatch.php,.php,2704,other
code/app/Models/CommerceProduct.php,CommerceProduct.php,.php,4491,other
code/app/Models/CommerceProductVariant.php,CommerceProductVariant.php,.php,2589,other
code/app/Models/CommunityChapter.php,CommunityChapter.php,.php,4012,other
code/app/Models/CommunityEvent.php,CommunityEvent.php,.php,5102,other
code/app/Models/CommunityGroup.php,CommunityGroup.php,.php,8247,other
code/app/Models/CommunityInvite.php,CommunityInvite.php,.php,3977,other
code/app/Models/CommunityList.php,CommunityList.php,.php,3429,other
code/app/Models/CommunityListEntry.php,CommunityListEntry.php,.php,2523,other
code/app/Models/CommunityLiveRoom.php,CommunityLiveRoom.php,.php,3826,other
code/app/Models/CommunityMembership.php,CommunityMembership.php,.php,4901,other
code/app/Models/CommunityResource.php,CommunityResource.php,.php,3851,other
code/app/Models/CommunityRole.php,CommunityRole.php,.php,2998,other
code/app/Models/Company.php,Company.php,.php,15106,other
code/app/Models/ComplianceAudit.php,ComplianceAudit.php,.php,2775,other
code/app/Models/ComplianceTracker.php,ComplianceTracker.php,.php,3401,other
code/app/Models/Connection.php,Connection.php,.php,5800,other
code/app/Models/ConnectionActivityLog.php,ConnectionActivityLog.php,.php,2606,other
code/app/Models/ConsentLog.php,ConsentLog.php,.php,3143,other
code/app/Models/ContactSyncContact.php,ContactSyncContact.php,.php,2891,other
code/app/Models/ContactSyncSession.php,ContactSyncSession.php,.php,3683,other
code/app/Models/Counter.php,Counter.php,.php,2191,other
code/app/Models/Country.php,Country.php,.php,1462,other
code/app/Models/CountryState.php,CountryState.php,.php,978,other
code/app/Models/Course.php,Course.php,.php,6156,other
code/app/Models/CourseIntake.php,CourseIntake.php,.php,3135,other
code/app/Models/CreatorPayout.php,CreatorPayout.php,.php,2892,other
code/app/Models/CustomPageBuilder.php,CustomPageBuilder.php,.php,2110,other
code/app/Models/Dealer.php,Dealer.php,.php,3834,other
code/app/Models/Debt.php,Debt.php,.php,2058,other
code/app/Models/DebtSubmission.php,DebtSubmission.php,.php,2791,other
code/app/Models/DeviceCaptureConsent.php,DeviceCaptureConsent.php,.php,2445,other
code/app/Models/DreamJobAlert.php,DreamJobAlert.php,.php,851,other
code/app/Models/DriverLicenseType.php,DriverLicenseType.php,.php,1734,other
code/app/Models/Education.php,Education.php,.php,1954,other
code/app/Models/Entertainment/Documentary.php,Documentary.php,.php,8289,other
code/app/Models/Entertainment/EducationalVideo.php,EducationalVideo.php,.php,8534,other
code/app/Models/Entertainment/EntertainmentBase.php,EntertainmentBase.php,.php,8057,other
code/app/Models/Entertainment/Movie.php,Movie.php,.php,8266,other
code/app/Models/Entertainment/ShortVideo.php,ShortVideo.php,.php,8297,other
code/app/Models/Entertainment/SuccessStory.php,SuccessStory.php,.php,8498,other
code/app/Models/Ethnicity.php,Ethnicity.php,.php,1346,other
code/app/Models/Experience.php,Experience.php,.php,1087,other
code/app/Models/FinanceApplication.php,FinanceApplication.php,.php,2891,other
code/app/Models/Footer.php,Footer.php,.php,1363,other
code/app/Models/GrantApplication.php,GrantApplication.php,.php,3930,other
code/app/Models/GrantProgram.php,GrantProgram.php,.php,5304,other
code/app/Models/Group.php,Group.php,.php,3808,other
code/app/Models/GroupMember.php,GroupMember.php,.php,3553,other
code/app/Models/Growth/Experiment.php,Experiment.php,.php,2819,other
code/app/Models/Growth/ExperimentAssignment.php,ExperimentAssignment.php,.php,2001,other
code/app/Models/Growth/ExperimentConversion.php,ExperimentConversion.php,.php,2277,other
code/app/Models/HealthInsurancePlan.php,HealthInsurancePlan.php,.php,2750,other
code/app/Models/Hero.php,Hero.php,.php,1487,other
code/app/Models/IdentityFlag.php,IdentityFlag.php,.php,4278,other
code/app/Models/ImpactIndexSnapshot.php,ImpactIndexSnapshot.php,.php,2287,other
code/app/Models/IncidentEvent.php,IncidentEvent.php,.php,1974,other
code/app/Models/IncidentReport.php,IncidentReport.php,.php,4611,other
code/app/Models/IndustryType.php,IndustryType.php,.php,2248,other
code/app/Models/InsuranceQuote.php,InsuranceQuote.php,.php,2664,other
code/app/Models/InterviewAnswer.php,InterviewAnswer.php,.php,7915,other
code/app/Models/InterviewQuestion.php,InterviewQuestion.php,.php,7098,other
code/app/Models/InterviewQuestionTopic.php,InterviewQuestionTopic.php,.php,3059,other
code/app/Models/InterviewResponse.php,InterviewResponse.php,.php,438,other
code/app/Models/InterviewSession.php,InterviewSession.php,.php,8930,other
code/app/Models/InterviewTip.php,InterviewTip.php,.php,418,other
code/app/Models/Invitation.php,Invitation.php,.php,5276,other
code/app/Models/Invite.php,Invite.php,.php,4837,other
code/app/Models/Job.php,Job.php,.php,10484,other
code/app/Models/JobAlertLog.php,JobAlertLog.php,.php,3877,other
code/app/Models/JobAlertMatch.php,JobAlertMatch.php,.php,716,other
code/app/Models/JobBenefits.php,JobBenefits.php,.php,1454,other
code/app/Models/JobBookmark.php,JobBookmark.php,.php,1436,other
code/app/Models/JobCategory.php,JobCategory.php,.php,2601,other
code/app/Models/JobExperience.php,JobExperience.php,.php,2006,other
code/app/Models/JobLocation.php,JobLocation.php,.php,1569,other
code/app/Models/JobRecommendationAudit.php,JobRecommendationAudit.php,.php,3125,other
code/app/Models/JobRole.php,JobRole.php,.php,1928,other
code/app/Models/JobSkills.php,JobSkills.php,.php,1492,other
code/app/Models/JobTag.php,JobTag.php,.php,1374,other
code/app/Models/JobType.php,JobType.php,.php,1928,other
code/app/Models/Language.php,Language.php,.php,1888,other
code/app/Models/Lead.php,Lead.php,.php,4198,other
code/app/Models/LeadNote.php,LeadNote.php,.php,2090,other
code/app/Models/LeaderboardRanking.php,LeaderboardRanking.php,.php,4914,other
code/app/Models/LearnMore.php,LearnMore.php,.php,1678,other
code/app/Models/LearningPathEnrolment.php,LearningPathEnrolment.php,.php,2749,other
code/app/Models/LearningResource.php,LearningResource.php,.php,7526,other
code/app/Models/LegalDocument.php,LegalDocument.php,.php,3837,other
code/app/Models/MaritalStatus.php,MaritalStatus.php,.php,1379,other
code/app/Models/MarketingAttribution.php,MarketingAttribution.php,.php,3587,other
code/app/Models/MediaUploadChunk.php,MediaUploadChunk.php,.php,2357,other
code/app/Models/MediaUploadSession.php,MediaUploadSession.php,.php,8277,other
code/app/Models/MemberMedia.php,MemberMedia.php,.php,2263,other
code/app/Models/MentorshipCohort.php,MentorshipCohort.php,.php,5165,other
code/app/Models/MentorshipCohortMember.php,MentorshipCohortMember.php,.php,3003,other
code/app/Models/MentorshipMatch.php,MentorshipMatch.php,.php,3844,other
code/app/Models/MentorshipProgram.php,MentorshipProgram.php,.php,6480,other
code/app/Models/MentorshipSession.php,MentorshipSession.php,.php,3046,other
code/app/Models/Milestone.php,Milestone.php,.php,3614,other
code/app/Models/MissionBrief.php,MissionBrief.php,.php,3518,other
code/app/Models/MortgageIntelligenceAccessLog.php,MortgageIntelligenceAccessLog.php,.php,2505,other
code/app/Models/MortgageRateSnapshot.php,MortgageRateSnapshot.php,.php,4551,other
code/app/Models/NearestLocation.php,NearestLocation.php,.php,1934,other
code/app/Models/NearestLocationTranslation.php,NearestLocationTranslation.php,.php,803,other
code/app/Models/Notification.php,Notification.php,.php,2364,other
code/app/Models/OnboardingEvent.php,OnboardingEvent.php,.php,1908,other
code/app/Models/OpportunityRadarEntry.php,OpportunityRadarEntry.php,.php,3485,other
code/app/Models/Order.php,Order.php,.php,2493,other
code/app/Models/OrgInviteLog.php,OrgInviteLog.php,.php,2601,other
code/app/Models/OrgMediaAsset.php,OrgMediaAsset.php,.php,7159,other
code/app/Models/OrganizationPage.php,OrganizationPage.php,.php,10357,other
code/app/Models/OrganizationType.php,OrganizationType.php,.php,2263,other
code/app/Models/PartnershipMatch.php,PartnershipMatch.php,.php,2710,other
code/app/Models/Pathways/LifePathway.php,LifePathway.php,.php,6359,other
code/app/Models/Pathways/PathwayConnection.php,PathwayConnection.php,.php,3861,other
code/app/Models/Pathways/PathwayMilestone.php,PathwayMilestone.php,.php,4064,other
code/app/Models/Pathways/PathwayOutcome.php,PathwayOutcome.php,.php,2095,other
code/app/Models/Pathways/PathwayPhase.php,PathwayPhase.php,.php,4670,other
code/app/Models/Pathways/PathwayTemplate.php,PathwayTemplate.php,.php,2379,other
code/app/Models/PaymentSetting.php,PaymentSetting.php,.php,1295,other
code/app/Models/Plan.php,Plan.php,.php,2743,other
code/app/Models/PointTransaction.php,PointTransaction.php,.php,2587,other
code/app/Models/PrivacyAccessLog.php,PrivacyAccessLog.php,.php,3088,other
code/app/Models/ProcurementOpportunity.php,ProcurementOpportunity.php,.php,6815,other
code/app/Models/Profession.php,Profession.php,.php,1875,other
code/app/Models/Progress.php,Progress.php,.php,1807,other
code/app/Models/Pronoun.php,Pronoun.php,.php,1500,other
code/app/Models/Property.php,Property.php,.php,6835,other
code/app/Models/PropertyAminity.php,PropertyAminity.php,.php,1048,other
code/app/Models/PropertyImage.php,PropertyImage.php,.php,943,other
code/app/Models/PropertyNearestLocation.php,PropertyNearestLocation.php,.php,1180,other
code/app/Models/PropertyPurpose.php,PropertyPurpose.php,.php,1646,other
code/app/Models/PropertyPurposeTranslation.php,PropertyPurposeTranslation.php,.php,803,other
code/app/Models/PropertyReview.php,PropertyReview.php,.php,1460,other
code/app/Models/PropertyTranslation.php,PropertyTranslation.php,.php,858,other
code/app/Models/PropertyType.php,PropertyType.php,.php,2103,other
code/app/Models/PropertyTypeTranslation.php,PropertyTypeTranslation.php,.php,785,other
code/app/Models/PublicSectorAgency.php,PublicSectorAgency.php,.php,7474,other
code/app/Models/PublicSectorEngagement.php,PublicSectorEngagement.php,.php,2808,other
code/app/Models/PublicSectorInsight.php,PublicSectorInsight.php,.php,2878,other
code/app/Models/PublicSectorOpportunity.php,PublicSectorOpportunity.php,.php,6541,other
code/app/Models/PublicSectorProgram.php,PublicSectorProgram.php,.php,4489,other
code/app/Models/RealEstateLearningPath.php,RealEstateLearningPath.php,.php,4579,other
code/app/Models/Receipt.php,Receipt.php,.php,2744,other
code/app/Models/Referral.php,Referral.php,.php,2745,other
code/app/Models/Religion.php,Religion.php,.php,1337,other
code/app/Models/Review.php,Review.php,.php,1519,other
code/app/Models/SalaryType.php,SalaryType.php,.php,1967,other
code/app/Models/Scholarship.php,Scholarship.php,.php,0,other
code/app/Models/ScholarshipApplication.php,ScholarshipApplication.php,.php,0,other
code/app/Models/ScholarshipApplicationAudit.php,ScholarshipApplicationAudit.php,.php,0,other
code/app/Models/ScholarshipApplicationDocument.php,ScholarshipApplicationDocument.php,.php,0,other
code/app/Models/ScholarshipDocument.php,ScholarshipDocument.php,.php,0,other
code/app/Models/ScholarshipReminder.php,ScholarshipReminder.php,.php,0,other
code/app/Models/ScholarshipRequirement.php,ScholarshipRequirement.php,.php,0,other
code/app/Models/ScholarshipSavedList.php,ScholarshipSavedList.php,.php,0,other
code/app/Models/ScholarshipTag.php,ScholarshipTag.php,.php,0,other
code/app/Models/SecurityAuditLog.php,SecurityAuditLog.php,.php,2943,other
code/app/Models/SessionExtended.php,SessionExtended.php,.php,3140,other
code/app/Models/ShortLink.php,ShortLink.php,.php,1684,other
code/app/Models/ShortLinkDomain.php,ShortLinkDomain.php,.php,1384,other
code/app/Models/SiteSetting.php,SiteSetting.php,.php,1293,other
code/app/Models/Skill.php,Skill.php,.php,2064,other
code/app/Models/SkillDemandData.php,SkillDemandData.php,.php,6282,other
code/app/Models/SkillGapAnalysis.php,SkillGapAnalysis.php,.php,7949,other
code/app/Models/State.php,State.php,.php,1564,other
code/app/Models/Subscribers.php,Subscribers.php,.php,1122,other
code/app/Models/SubsidyProgram.php,SubsidyProgram.php,.php,5002,other
code/app/Models/TafeInstitution.php,TafeInstitution.php,.php,7284,other
code/app/Models/TafeProgram.php,TafeProgram.php,.php,7633,other
code/app/Models/TafeProgramIntake.php,TafeProgramIntake.php,.php,3267,other
code/app/Models/TafeStudentJourney.php,TafeStudentJourney.php,.php,3671,other
code/app/Models/Tag.php,Tag.php,.php,1826,other
code/app/Models/TaxAsset.php,TaxAsset.php,.php,3228,other
code/app/Models/TeamSize.php,TeamSize.php,.php,1211,other
code/app/Models/User.php,User.php,.php,38924,other
code/app/Models/UserPlan.php,UserPlan.php,.php,2177,other
code/app/Models/UserPrimaryPurpose.php,UserPrimaryPurpose.php,.php,3436,other
code/app/Models/UserSubscription.php,UserSubscription.php,.php,2467,other
code/app/Models/VehicleInquiry.php,VehicleInquiry.php,.php,2468,other
code/app/Models/VehicleLogbook.php,VehicleLogbook.php,.php,2440,other
code/app/Models/VehicleLogbookEntry.php,VehicleLogbookEntry.php,.php,2899,other
code/app/Models/VerticalInsight.php,VerticalInsight.php,.php,2535,other
code/app/Models/WarmupMetricEvent.php,WarmupMetricEvent.php,.php,4693,other
code/app/Models/WarmupMetricSnapshot.php,WarmupMetricSnapshot.php,.php,3699,other
code/app/Models/WellbeingEvent.php,WellbeingEvent.php,.php,5067,other
code/app/Models/WellbeingPartnerOffer.php,WellbeingPartnerOffer.php,.php,4165,other
code/app/Models/WellnessBuddyInvite.php,WellnessBuddyInvite.php,.php,3292,other
code/app/Models/WhyChooseUs.php,WhyChooseUs.php,.php,2515,other
code/app/Models/WishList.php,WishList.php,.php,567,other
code/app/Models/WomenRealEstate/WomenAgentLead.php,WomenAgentLead.php,.php,2967,other
code/app/Models/WomenRealEstate/WomenCohortEnrolment.php,WomenCohortEnrolment.php,.php,2738,other
code/app/Models/WomenRealEstate/WomenCohortTimelineEvent.php,WomenCohortTimelineEvent.php,.php,2757,other
code/app/Models/WomenRealEstate/WomenDashboardPreference.php,WomenDashboardPreference.php,.php,3038,other
code/app/Models/WomenRealEstate/WomenDashboardWidget.php,WomenDashboardWidget.php,.php,2910,other
code/app/Models/WomenRealEstate/WomenGoalTracker.php,WomenGoalTracker.php,.php,3422,other
code/app/Models/WomenRealEstate/WomenMortgageMarketRate.php,WomenMortgageMarketRate.php,.php,3914,other
code/app/Models/WomenRealEstate/WomenPartnerMatch.php,WomenPartnerMatch.php,.php,3347,other
code/app/Models/WomenRealEstate/WomenPartnerProject.php,WomenPartnerProject.php,.php,3404,other
code/app/Models/WomenRealEstate/WomenPropertyMatch.php,WomenPropertyMatch.php,.php,5144,other
code/app/Models/WomenRealEstate/WomenPropertySeeker.php,WomenPropertySeeker.php,.php,9295,other
code/app/Models/WomenRealEstate/WomenRentalInquiry.php,WomenRentalInquiry.php,.php,4316,other
code/app/Models/WomenRealEstate/WomenRentalProperty.php,WomenRentalProperty.php,.php,6894,other
code/app/Models/WomenRealEstate/WomenUserMedia.php,WomenUserMedia.php,.php,2780,other
code/app/Models/WomenRealEstate/WomenVerifiedAgent.php,WomenVerifiedAgent.php,.php,4967,other
code/app/Notifications/Business/BusinessDigestNotification.php,BusinessDigestNotification.php,.php,1470,other
code/app/Notifications/DreamJobMatchFound.php,DreamJobMatchFound.php,.php,1334,other
code/app/Notifications/Lead/OrganizationLeadConfirmationNotification.php,OrganizationLeadConfirmationNotification.php,.php,543,other
code/app/Notifications/Lead/OrganizationLeadReceivedNotification.php,OrganizationLeadReceivedNotification.php,.php,539,other
code/app/Notifications/Money/SubscriptionImportStatusNotification.php,SubscriptionImportStatusNotification.php,.php,2189,other
code/app/Notifications/OpportunityRadarAlert.php,OpportunityRadarAlert.php,.php,1182,other
code/app/Notifications/ScholarshipReminderNotification.php,ScholarshipReminderNotification.php,.php,0,other
code/app/Notifications/WomenRealEstate/WomenAgentComplianceEscalationNotification.php,WomenAgentComplianceEscalationNotification.php,.php,2057,other
code/app/Notifications/WomenRealEstate/WomenAgentLicenseExpiryReminderNotification.php,WomenAgentLicenseExpiryReminderNotification.php,.php,1460,other
code/app/Observers/CandidateCVObserver.php,CandidateCVObserver.php,.php,177,other
code/app/Observers/CandidateObserver.php,CandidateObserver.php,.php,97,other
code/app/Observers/Concerns/InteractsWithCounters.php,InteractsWithCounters.php,.php,1192,other
code/app/Observers/JobAlertMatchObserver.php,JobAlertMatchObserver.php,.php,1337,other
code/app/Observers/JobObserver.php,JobObserver.php,.php,0,other
code/app/Observers/WomenRealEstate/WomenVerifiedAgentObserver.php,WomenVerifiedAgentObserver.php,.php,858,other
code/app/Policies/BusinessCashbookEntryPolicy.php,BusinessCashbookEntryPolicy.php,.php,561,other
code/app/Policies/BusinessCashbookPolicy.php,BusinessCashbookPolicy.php,.php,530,other
code/app/Policies/GrantApplicationPolicy.php,GrantApplicationPolicy.php,.php,294,other
code/app/Policies/LifePathwayPolicy.php,LifePathwayPolicy.php,.php,746,other
code/app/Policies/RoleDashboardPolicy.php,RoleDashboardPolicy.php,.php,2790,other
code/app/Policies/WomenRealEstate/WomenCohortEnrolmentPolicy.php,WomenCohortEnrolmentPolicy.php,.php,745,other
code/app/Policies/WomenRealEstate/WomenDashboardPreferencePolicy.php,WomenDashboardPreferencePolicy.php,.php,757,other
code/app/Policies/WomenRealEstate/WomenDashboardWidgetPolicy.php,WomenDashboardWidgetPolicy.php,.php,956,other
code/app/Policies/WomenRealEstate/WomenGoalTrackerPolicy.php,WomenGoalTrackerPolicy.php,.php,717,other
code/app/Policies/WomenRealEstate/WomenPartnerMatchPolicy.php,WomenPartnerMatchPolicy.php,.php,807,other
code/app/Policies/WomenRealEstate/WomenPartnerProjectPolicy.php,WomenPartnerProjectPolicy.php,.php,720,other
code/app/Policies/WomenRealEstate/WomenVerifiedAgentPolicy.php,WomenVerifiedAgentPolicy.php,.php,541,other
code/app/Providers/AppServiceProvider.php,AppServiceProvider.php,.php,7354,other
code/app/Providers/BroadcastServiceProvider.php,BroadcastServiceProvider.php,.php,438,other
code/app/Providers/EventServiceProvider.php,EventServiceProvider.php,.php,3648,other
code/app/Providers/PaymentGatewaySettingServiceProvider.php,PaymentGatewaySettingServiceProvider.php,.php,1479,other
code/app/Providers/RouteServiceProvider.php,RouteServiceProvider.php,.php,7032,other
code/app/Providers/SiteSettingServiceProvider.php,SiteSettingServiceProvider.php,.php,789,other
code/app/Services/ABTestingService.php,ABTestingService.php,.php,12153,other
code/app/Services/AIAutonomousSystemService.php,AIAutonomousSystemService.php,.php,0,other
code/app/Services/AICacheService.php,AICacheService.php,.php,697,other
code/app/Services/AIContentService.php,AIContentService.php,.php,11844,other
code/app/Services/AIErrorHandler.php,AIErrorHandler.php,.php,2712,other
code/app/Services/AIMetricsBroadcaster.php,AIMetricsBroadcaster.php,.php,8711,other
code/app/Services/AINotificationService.php,AINotificationService.php,.php,3739,other
code/app/Services/AIPropertyMatchingService.php,AIPropertyMatchingService.php,.php,10836,other
code/app/Services/AIShowcaseService.php,AIShowcaseService.php,.php,0,other
code/app/Services/AIStage2IntegrationService.php,AIStage2IntegrationService.php,.php,0,other
code/app/Services/APIRateLimitService.php,APIRateLimitService.php,.php,0,other
code/app/Services/AdvancedAnalyticsService.php,AdvancedAnalyticsService.php,.php,0,other
code/app/Services/AdvancedCacheService.php,AdvancedCacheService.php,.php,0,other
code/app/Services/AdvancedSearchService.php,AdvancedSearchService.php,.php,20169,other
code/app/Services/Advertising/AdDecisionService.php,AdDecisionService.php,.php,3658,other
code/app/Services/Advertising/AdvertisingMetricIngestionService.php,AdvertisingMetricIngestionService.php,.php,1603,other
code/app/Services/Advertising/HomepageSponsorService.php,HomepageSponsorService.php,.php,21826,other
code/app/Services/Advertising/MemberDashboardPlacementService.php,MemberDashboardPlacementService.php,.php,32886,other
code/app/Services/Advertising/SlotDecisionService.php,SlotDecisionService.php,.php,7566,other
code/app/Services/Advertising/SlotPerformanceService.php,SlotPerformanceService.php,.php,11369,other
code/app/Services/Advertising/SlotRevenueInsightsService.php,SlotRevenueInsightsService.php,.php,7680,other
code/app/Services/AdvertisingPacingService.php,AdvertisingPacingService.php,.php,6474,other
code/app/Services/AdvertisingPerformanceService.php,AdvertisingPerformanceService.php,.php,3965,other
code/app/Services/Ai/AIMentorMatchingService.php,AIMentorMatchingService.php,.php,13234,other
code/app/Services/Ai/AIPollLiveAssistanceService.php,AIPollLiveAssistanceService.php,.php,9624,other
code/app/Services/Ai/AIRateLimitFallbackService.php,AIRateLimitFallbackService.php,.php,9900,other
code/app/Services/Ai/AIVideoCaptioningService.php,AIVideoCaptioningService.php,.php,12053,other
code/app/Services/Ai/Ai.php,Ai.php,.php,520,other
code/app/Services/Ai/DefaultAiService.php,DefaultAiService.php,.php,10079,other
code/app/Services/Ai/Providers/AnthropicTextModel.php,AnthropicTextModel.php,.php,2099,other
code/app/Services/Ai/Providers/OpenAITextModel.php,OpenAITextModel.php,.php,2393,other
code/app/Services/AiConciergeTelemetryService.php,AiConciergeTelemetryService.php,.php,2416,other
code/app/Services/AiContextHistoryService.php,AiContextHistoryService.php,.php,3677,other
code/app/Services/Analytics/DataWarehouseExporter.php,DataWarehouseExporter.php,.php,1869,other
code/app/Services/AnalyticsService.php,AnalyticsService.php,.php,13333,other
code/app/Services/ApprenticeshipProgressService.php,ApprenticeshipProgressService.php,.php,0,other
code/app/Services/AthenaAIService.php,AthenaAIService.php,.php,4667,other
code/app/Services/Automotive/AiCarGuideService.php,AiCarGuideService.php,.php,6192,other
code/app/Services/Automotive/DealerService.php,DealerService.php,.php,627,other
code/app/Services/Automotive/Finance/FinanceBrokerService.php,FinanceBrokerService.php,.php,1600,other
code/app/Services/Automotive/Insurance/InsuranceBrokerService.php,InsuranceBrokerService.php,.php,1721,other
code/app/Services/BatchProcessingService.php,BatchProcessingService.php,.php,3354,other
code/app/Services/Business/AthenaAiService.php,AthenaAiService.php,.php,12959,other
code/app/Services/Business/BusinessAiAdvisor.php,BusinessAiAdvisor.php,.php,9085,other
code/app/Services/Business/BusinessCashbookSummaryService.php,BusinessCashbookSummaryService.php,.php,4151,other
code/app/Services/Business/BusinessDigestService.php,BusinessDigestService.php,.php,1705,other
code/app/Services/Business/BusinessFeedService.php,BusinessFeedService.php,.php,3179,other
code/app/Services/Business/BusinessFinancialTrackerService.php,BusinessFinancialTrackerService.php,.php,17924,other
code/app/Services/Business/BusinessInsightsService.php,BusinessInsightsService.php,.php,12219,other
code/app/Services/Business/FormationStudioService.php,FormationStudioService.php,.php,15740,other
code/app/Services/Business/FounderTimezoneSyncService.php,FounderTimezoneSyncService.php,.php,2733,other
code/app/Services/Business/LegalDocumentLabService.php,LegalDocumentLabService.php,.php,13544,other
code/app/Services/BusinessIntelligenceService.php,BusinessIntelligenceService.php,.php,0,other
code/app/Services/BusinessStructureWizardService.php,BusinessStructureWizardService.php,.php,14364,other
code/app/Services/CVAIService.php,CVAIService.php,.php,0,other
code/app/Services/CandidateJourneyAnalyticsRecorder.php,CandidateJourneyAnalyticsRecorder.php,.php,10415,other
code/app/Services/CareerInsightsService.php,CareerInsightsService.php,.php,17290,other
code/app/Services/CareerIntelligencePulseService.php,CareerIntelligencePulseService.php,.php,3747,other
code/app/Services/Careers/CareerInterestMatchService.php,CareerInterestMatchService.php,.php,10355,other
code/app/Services/CommunityMembershipService.php,CommunityMembershipService.php,.php,7022,other
code/app/Services/Company/CompanyMarketService.php,CompanyMarketService.php,.php,1868,other
code/app/Services/CompanyInsightsService.php,CompanyInsightsService.php,.php,0,other
code/app/Services/Compliance/AuditTrailLogger.php,AuditTrailLogger.php,.php,1053,other
code/app/Services/Compliance/ConsentLogger.php,ConsentLogger.php,.php,1316,other
code/app/Services/ContentManagementService.php,ContentManagementService.php,.php,0,other
code/app/Services/ContentPolicyEngine.php,ContentPolicyEngine.php,.php,3519,other
code/app/Services/Dashboards/RoleDashboardService.php,RoleDashboardService.php,.php,55933,other
code/app/Services/DatabaseOptimizationService.php,DatabaseOptimizationService.php,.php,0,other
code/app/Services/DeploymentService.php,DeploymentService.php,.php,0,other
code/app/Services/DreamJobMatcherService.php,DreamJobMatcherService.php,.php,2762,other
code/app/Services/Education/TafeUniversityInsightService.php,TafeUniversityInsightService.php,.php,14788,other
code/app/Services/Finance/TurboTaxIntegrationService.php,TurboTaxIntegrationService.php,.php,3957,other
code/app/Services/FraudDetectionService.php,FraudDetectionService.php,.php,0,other
code/app/Services/GamificationService.php,GamificationService.php,.php,16601,other
code/app/Services/Growth/ExperimentService.php,ExperimentService.php,.php,7591,other
code/app/Services/Growth/FeatureFlagService.php,FeatureFlagService.php,.php,655,other
code/app/Services/Growth/MarketingAttributionService.php,MarketingAttributionService.php,.php,2876,other
code/app/Services/Growth/ReferralService.php,ReferralService.php,.php,4022,other
code/app/Services/Guardians/RegistrationIdentityFlagger.php,RegistrationIdentityFlagger.php,.php,12728,other
code/app/Services/HealthFitness/HealthInsuranceMarketService.php,HealthInsuranceMarketService.php,.php,5600,other
code/app/Services/Impact/ImpactAnalyticsService.php,ImpactAnalyticsService.php,.php,15644,other
code/app/Services/Integrations/TurboTax/IntegrationGateway.php,IntegrationGateway.php,.php,3798,other
code/app/Services/Integrations/TurboTax/TurboTaxClient.php,TurboTaxClient.php,.php,2176,other
code/app/Services/IntelligentDashboardService.php,IntelligentDashboardService.php,.php,0,other
code/app/Services/IntelligentMatchingService.php,IntelligentMatchingService.php,.php,0,other
code/app/Services/InterviewCoachService.php,InterviewCoachService.php,.php,22913,other
code/app/Services/JobAlertService.php,JobAlertService.php,.php,2547,other
code/app/Services/JobApprovalService.php,JobApprovalService.php,.php,0,other
code/app/Services/JobCacheService.php,JobCacheService.php,.php,0,other
code/app/Services/JobMatchingService.php,JobMatchingService.php,.php,538,other
code/app/Services/JobRecommendationService.php,JobRecommendationService.php,.php,14714,other
code/app/Services/JobService.php,JobService.php,.php,0,other
code/app/Services/LeadQualificationService.php,LeadQualificationService.php,.php,9498,other
code/app/Services/MLModelManagerService.php,MLModelManagerService.php,.php,0,other
code/app/Services/MediaUploadService.php,MediaUploadService.php,.php,8862,other
code/app/Services/MeteringService.php,MeteringService.php,.php,3242,other
code/app/Services/MobileAPIService.php,MobileAPIService.php,.php,0,other
code/app/Services/Money/BankTransactionCsvImportService.php,BankTransactionCsvImportService.php,.php,15551,other
code/app/Services/Money/BudgetSyncService.php,BudgetSyncService.php,.php,2612,other
code/app/Services/Money/BundleConcierge/BundleConciergeService.php,BundleConciergeService.php,.php,18022,other
code/app/Services/Money/UserSubscriptionImportService.php,UserSubscriptionImportService.php,.php,11608,other
code/app/Services/Mortgage/MortgageEnrichmentService.php,MortgageEnrichmentService.php,.php,2100,other
code/app/Services/Mortgage/MortgageScoringService.php,MortgageScoringService.php,.php,526,other
code/app/Services/Mortgage/RepaymentCalculatorService.php,RepaymentCalculatorService.php,.php,973,other
code/app/Services/MortgageRepaymentService.php,MortgageRepaymentService.php,.php,1251,other
code/app/Services/MortgageSnapshotIngestionService.php,MortgageSnapshotIngestionService.php,.php,6829,other
code/app/Services/NLPSearchService.php,NLPSearchService.php,.php,0,other
code/app/Services/NetworkingAIService.php,NetworkingAIService.php,.php,11920,other
code/app/Services/NotificationService.php,NotificationService.php,.php,0,other
code/app/Services/Notify.php,Notify.php,.php,996,other
code/app/Services/OmegaAITranscendenceService.php,OmegaAITranscendenceService.php,.php,0,other
code/app/Services/Opportunities/OpportunityRadarService.php,OpportunityRadarService.php,.php,6656,other
code/app/Services/OpportunityStreamService.php,OpportunityStreamService.php,.php,2265,other
code/app/Services/Ops/FeatureFlagService.php,FeatureFlagService.php,.php,2632,other
code/app/Services/Orchestration/OpportunityRadarService.php,OpportunityRadarService.php,.php,12955,other
code/app/Services/OrderService.php,OrderService.php,.php,2158,other
code/app/Services/Org/OrgInviteService.php,OrgInviteService.php,.php,9892,other
code/app/Services/OrgMedia/Caption/CaptionDriverInterface.php,CaptionDriverInterface.php,.php,0,other
code/app/Services/OrgMedia/Caption/CaptionManager.php,CaptionManager.php,.php,0,other
code/app/Services/OrgMedia/Caption/Drivers/NullCaptionDriver.php,NullCaptionDriver.php,.php,0,other
code/app/Services/OrgMedia/Caption/Drivers/StubCaptionDriver.php,StubCaptionDriver.php,.php,0,other
code/app/Services/OrgMedia/ContentModerator.php,ContentModerator.php,.php,8684,other
code/app/Services/OrgMedia/HlsTranscoder.php,HlsTranscoder.php,.php,10443,other
code/app/Services/OrgMedia/OrgMediaUploader.php,OrgMediaUploader.php,.php,2245,other
code/app/Services/OrgMedia/Transcoder/OrgMediaTranscoder.php,OrgMediaTranscoder.php,.php,0,other
code/app/Services/OrgMedia/Transcoder/TranscodeResult.php,TranscodeResult.php,.php,0,other
code/app/Services/OskoPayIDService.php,OskoPayIDService.php,.php,0,other
code/app/Services/PathwayOrchestrator.php,PathwayOrchestrator.php,.php,10090,other
code/app/Services/Pathways/PathwayBuilder.php,PathwayBuilder.php,.php,14154,other
code/app/Services/Pathways/PathwayBuilderService.php,PathwayBuilderService.php,.php,3523,other
code/app/Services/PaymentGatewaySettingService.php,PaymentGatewaySettingService.php,.php,567,other
code/app/Services/PaymentService.php,PaymentService.php,.php,17300,other
code/app/Services/Performance/CacheStrategyService.php,CacheStrategyService.php,.php,2021,other
code/app/Services/Performance/QueryOptimizationService.php,QueryOptimizationService.php,.php,2351,other
code/app/Services/PerformanceMonitorService.php,PerformanceMonitorService.php,.php,0,other
code/app/Services/PersonaNudgeService.php,PersonaNudgeService.php,.php,3700,other
code/app/Services/PredictiveAnalyticsService.php,PredictiveAnalyticsService.php,.php,0,other
code/app/Services/Privacy/PrivacyAccessLogger.php,PrivacyAccessLogger.php,.php,1170,other
code/app/Services/Privacy/PrivacyTierService.php,PrivacyTierService.php,.php,5278,other
code/app/Services/PublicSector/PublicSectorInsightService.php,PublicSectorInsightService.php,.php,13075,other
code/app/Services/PurposeAnalyticsReporter.php,PurposeAnalyticsReporter.php,.php,1138,other
code/app/Services/QuantumAIEvolutionService.php,QuantumAIEvolutionService.php,.php,0,other
code/app/Services/RealTimeAnalyticsEngine.php,RealTimeAnalyticsEngine.php,.php,3679,other
code/app/Services/RealTimeNotificationService.php,RealTimeNotificationService.php,.php,350,other
code/app/Services/ResumeParserService.php,ResumeParserService.php,.php,44581,other
code/app/Services/SEOService.php,SEOService.php,.php,0,other
code/app/Services/Scholarship/ScholarshipApplicationAuditLogger.php,ScholarshipApplicationAuditLogger.php,.php,0,other
code/app/Services/Scholarship/ScholarshipMatchingService.php,ScholarshipMatchingService.php,.php,0,other
code/app/Services/Security/DlpService.php,DlpService.php,.php,2216,other
code/app/Services/Security/RecaptchaVerifier.php,RecaptchaVerifier.php,.php,1660,other
code/app/Services/Security/SessionSecurityService.php,SessionSecurityService.php,.php,7981,other
code/app/Services/SecurityAuditService.php,SecurityAuditService.php,.php,1370,other
code/app/Services/SecurityService.php,SecurityService.php,.php,8675,other
code/app/Services/SiteSettingService.php,SiteSettingService.php,.php,530,other
code/app/Services/SkillAnalysisService.php,SkillAnalysisService.php,.php,0,other
code/app/Services/SkillGapService.php,SkillGapService.php,.php,19518,other
code/app/Services/SmartApplicationService.php,SmartApplicationService.php,.php,14007,other
code/app/Services/Telemetry/RoleDashboardTelemetryService.php,RoleDashboardTelemetryService.php,.php,9069,other
code/app/Services/TransparencyLogService.php,TransparencyLogService.php,.php,1303,other
code/app/Services/UserPrimaryPurposeService.php,UserPrimaryPurposeService.php,.php,2470,other
code/app/Services/VerticalAggregatorService.php,VerticalAggregatorService.php,.php,3558,other
code/app/Services/VideoAnalysisService.php,VideoAnalysisService.php,.php,19236,other
code/app/Services/WarmupAlertService.php,WarmupAlertService.php,.php,0,other
code/app/Services/WarmupMetricEventLogger.php,WarmupMetricEventLogger.php,.php,0,other
code/app/Services/WarmupMetricSnapshotService.php,WarmupMetricSnapshotService.php,.php,0,other
code/app/Services/WarmupMetricsService.php,WarmupMetricsService.php,.php,0,other
code/app/Services/Wellbeing/AiWellnessCoachService.php,AiWellnessCoachService.php,.php,6610,other
code/app/Services/WomenRealEstate/AgentPulseService.php,AgentPulseService.php,.php,12646,other
code/app/Services/WomenRealEstate/Ai/WomenMortgageAiService.php,WomenMortgageAiService.php,.php,16463,other
code/app/Services/WomenRealEstate/Ai/WomenPartnerAiService.php,WomenPartnerAiService.php,.php,15319,other
code/app/Services/WomenRealEstate/Ai/WomenPersonaAiService.php,WomenPersonaAiService.php,.php,24513,other
code/app/Services/WomenRealEstate/FraudDetectionService.php,FraudDetectionService.php,.php,3599,other
code/app/Services/WomenRealEstate/GoalTrackingService.php,GoalTrackingService.php,.php,6062,other
code/app/Services/WomenRealEstate/LicenseRegulatorLookupService.php,LicenseRegulatorLookupService.php,.php,8168,other
code/app/Services/WomenRealEstate/MentorshipMatchingService.php,MentorshipMatchingService.php,.php,3468,other
code/app/Services/WomenRealEstate/MortgageGuidanceService.php,MortgageGuidanceService.php,.php,8311,other
code/app/Services/WomenRealEstate/MortgageIntelligenceTelemetry.php,MortgageIntelligenceTelemetry.php,.php,3942,other
code/app/Services/WomenRealEstate/MortgageTelemetryNotifier.php,MortgageTelemetryNotifier.php,.php,2090,other
code/app/Services/WomenRealEstate/WomenCohortService.php,WomenCohortService.php,.php,6040,other
code/app/Services/WomenRealEstate/WomenCohortTimelineService.php,WomenCohortTimelineService.php,.php,4315,other
code/app/Services/WomenRealEstate/WomenDashboardService.php,WomenDashboardService.php,.php,1738,other
code/app/Services/WomenRealEstate/WomenPartnerMatchingService.php,WomenPartnerMatchingService.php,.php,5953,other
code/app/Services/two.php,two.php,.php,0,other
code/app/Support/AiConcierge.php,AiConcierge.php,.php,16588,other
code/app/Support/Analytics/CandidateJourneyPayloadFactory.php,CandidateJourneyPayloadFactory.php,.php,0,other
code/app/Support/Analytics/DashboardCache.php,DashboardCache.php,.php,928,other
code/app/Support/Analytics/Repositories/CareerIntelligenceRepository.php,CareerIntelligenceRepository.php,.php,676,other
code/app/Support/Analytics/Repositories/CreatorPayoutRepository.php,CreatorPayoutRepository.php,.php,368,other
code/app/Support/Analytics/Repositories/VerticalInsightRepository.php,VerticalInsightRepository.php,.php,514,other
code/app/Support/AnalyticsTracker.php,AnalyticsTracker.php,.php,431,other
code/app/Support/AthenaPillarService.php,AthenaPillarService.php,.php,7292,other
code/app/Support/ContactHasher.php,ContactHasher.php,.php,387,other
code/app/Support/EmployerAccessGate.php,EmployerAccessGate.php,.php,1653,other
code/app/Support/Etl/EtlContext.php,EtlContext.php,.php,465,other
code/app/Support/Etl/EtlPipeline.php,EtlPipeline.php,.php,2205,other
code/app/Support/Etl/EtlResult.php,EtlResult.php,.php,1204,other
code/app/Support/FeatureFlag.php,FeatureFlag.php,.php,1182,other
code/app/Support/Feed/FeedSettings.php,FeedSettings.php,.php,2746,other
code/app/Support/InAppNotifier.php,InAppNotifier.php,.php,1368,other
code/app/Support/IntentEvaluator.php,IntentEvaluator.php,.php,6283,other
code/app/Support/JobWarmupDispatcher.php,JobWarmupDispatcher.php,.php,0,other
code/app/Support/Livewire/FallbackComponent.php,FallbackComponent.php,.php,1038,other
code/app/Support/OrgPageAccess.php,OrgPageAccess.php,.php,574,other
code/app/Support/PersonaContext.php,PersonaContext.php,.php,2436,other
code/app/Support/Scholarships/ScholarshipMatchResult.php,ScholarshipMatchResult.php,.php,0,other
code/app/Support/Wellbeing/WellbeingInterestService.php,WellbeingInterestService.php,.php,7178,other
code/app/Support/Wellbeing/WellbeingTelemetryService.php,WellbeingTelemetryService.php,.php,6109,other
code/app/Traits/AIIntegrationTrait.php,AIIntegrationTrait.php,.php,0,other
code/app/Traits/FileUploadTrait.php,FileUploadTrait.php,.php,591,other
code/app/Traits/Searchable.php,Searchable.php,.php,500,other
code/app/View/Components/AdSlot.php,AdSlot.php,.php,532,other
code/app/View/Components/AppLayout.php,AppLayout.php,.php,377,other
code/app/View/Components/Blade/Bundle.php,Bundle.php,.php,472,other
code/app/View/Components/GuestLayout.php,GuestLayout.php,.php,383,other
code/app/View/Components/ImagePreview.php,ImagePreview.php,.php,574,other
code/app/View/Composers/FooterComposer.php,FooterComposer.php,.php,740,other
code/app/View/Composers/Frontend/DashboardAnalyticsComposer.php,DashboardAnalyticsComposer.php,.php,7321,other
code/app/View/Composers/Frontend/HomeAnalyticsComposer.php,HomeAnalyticsComposer.php,.php,602,other
code/app/View/Composers/Frontend/HomepageSponsorComposer.php,HomepageSponsorComposer.php,.php,374,other
code/app/ViewModels/Dashboards/RoleDashboardViewModel.php,RoleDashboardViewModel.php,.php,1371,other
code/bootstrap/app.php,app.php,.php,1694,other
code/bootstrap/cache/packages.php,packages.php,.php,4929,other
code/bootstrap/cache/services.php,services.php,.php,24867,other
code/check-categories.php,check-categories.php,.php,615,other
code/check-db.php,check-db.php,.php,620,other
code/check-menu.php,check-menu.php,.php,0,other
code/check-tables.php,check-tables.php,.php,714,other
code/check_columns.php,check_columns.php,.php,316,other
code/clear-women-tables.php,clear-women-tables.php,.php,1058,other
code/config/advertising.php,advertising.php,.php,2161,other
code/config/ai.php,ai.php,.php,1431,other
code/config/ai_analytics.php,ai_analytics.php,.php,527,other
code/config/analytics.php,analytics.php,.php,1420,other
code/config/app.php,app.php,.php,7855,other
code/config/athena.php,athena.php,.php,20421,other
code/config/athena_ai.php,athena_ai.php,.php,12322,other
code/config/athena_pillars.php,athena_pillars.php,.php,7775,other
code/config/blade_bundles.php,blade_bundles.php,.php,272,other
code/config/broadcasting.php,broadcasting.php,.php,2226,other
code/config/bundles.php,bundles.php,.php,5140,other
code/config/business.php,business.php,.php,410,other
code/config/business_entities.php,business_entities.php,.php,11429,other
code/config/cache.php,cache.php,.php,3409,other
code/config/cache_strategy.php,cache_strategy.php,.php,1090,other
code/config/careers.php,careers.php,.php,146,other
code/config/cors.php,cors.php,.php,917,other
code/config/countries.php,countries.php,.php,7182,other
code/config/currencies.php,currencies.php,.php,4215,other
code/config/dashboard_roles.php,dashboard_roles.php,.php,11501,other
code/config/database.php,database.php,.php,5289,other
code/config/etl.php,etl.php,.php,1564,other
code/config/excel.php,excel.php,.php,14274,other
code/config/features.php,features.php,.php,1702,other
code/config/filesystems.php,filesystems.php,.php,4193,other
code/config/guardian.php,guardian.php,.php,1574,other
code/config/hashing.php,hashing.php,.php,1698,other
code/config/horizon.php,horizon.php,.php,2189,other
code/config/intent.php,intent.php,.php,5209,other
code/config/invoices.php,invoices.php,.php,2908,other
code/config/l5-swagger.php,l5-swagger.php,.php,11813,other
code/config/legal_document_lab.php,legal_document_lab.php,.php,15983,other
code/config/logging.php,logging.php,.php,4782,other
code/config/menu.php,menu.php,.php,792,other
code/config/money.php,money.php,.php,309,other
code/config/notify.php,notify.php,.php,1551,other
code/config/org.php,org.php,.php,1937,other
code/config/org_media.php,org_media.php,.php,42,other
code/config/osko.php,osko.php,.php,0,other
code/config/paypal.php,paypal.php,.php,1259,other
code/config/permission.php,permission.php,.php,6511,other
code/config/privacy.php,privacy.php,.php,2426,other
code/config/queue.php,queue.php,.php,4782,other
code/config/route-security.php,route-security.php,.php,1164,other
code/config/sanctum.php,sanctum.php,.php,3037,other
code/config/security.php,security.php,.php,10948,other
code/config/seeding.php,seeding.php,.php,74,other
code/config/sentry.php,sentry.php,.php,6474,other
code/config/services.php,services.php,.php,4327,other
code/config/session.php,session.php,.php,7494,other
code/config/signup.php,signup.php,.php,4301,other
code/config/site_navigation.php,site_navigation.php,.php,2208,other
code/config/sluggable.php,sluggable.php,.php,5091,other
code/config/view.php,view.php,.php,1118,other
code/config/warmup.php,warmup.php,.php,0,other
code/config/wellbeing.php,wellbeing.php,.php,1278,other
code/config/women_real_estate.php,women_real_estate.php,.php,17029,other
code/config/womenrise.php,womenrise.php,.php,7829,other
code/database/2019_01_05_293551_add-role-id-to-menu-items-table.php,2019_01_05_293551_add-role-id-to-menu-items-table.php,.php,834,other
code/database/factories/AIClientAlertFactory.php,AIClientAlertFactory.php,.php,1322,other
code/database/factories/AIInferenceLogFactory.php,AIInferenceLogFactory.php,.php,0,other
code/database/factories/ApprenticeshipCompetencyFactory.php,ApprenticeshipCompetencyFactory.php,.php,0,other
code/database/factories/ApprenticeshipProgressRecordFactory.php,ApprenticeshipProgressRecordFactory.php,.php,0,other
code/database/factories/BankAccountFactory.php,BankAccountFactory.php,.php,1560,other
code/database/factories/BankTransactionContextFactory.php,BankTransactionContextFactory.php,.php,2422,other
code/database/factories/BankTransactionFactory.php,BankTransactionFactory.php,.php,2199,other
code/database/factories/BusinessCashbookEntryFactory.php,BusinessCashbookEntryFactory.php,.php,1359,other
code/database/factories/BusinessCashbookFactory.php,BusinessCashbookFactory.php,.php,1281,other
code/database/factories/CandidateFactory.php,CandidateFactory.php,.php,1327,other
code/database/factories/CandidateScholarshipMatchFactory.php,CandidateScholarshipMatchFactory.php,.php,0,other
code/database/factories/CareerInterestFactory.php,CareerInterestFactory.php,.php,2885,other
code/database/factories/CityFactory.php,CityFactory.php,.php,0,other
code/database/factories/CommunityEventFactory.php,CommunityEventFactory.php,.php,2144,other
code/database/factories/CommunityGroupFactory.php,CommunityGroupFactory.php,.php,2369,other
code/database/factories/CommunityMembershipFactory.php,CommunityMembershipFactory.php,.php,1161,other
code/database/factories/CompanyFactory.php,CompanyFactory.php,.php,2393,other
code/database/factories/ContactSyncContactFactory.php,ContactSyncContactFactory.php,.php,1050,other
code/database/factories/ContactSyncSessionFactory.php,ContactSyncSessionFactory.php,.php,1033,other
code/database/factories/CountryFactory.php,CountryFactory.php,.php,457,other
code/database/factories/CourseFactory.php,CourseFactory.php,.php,3057,other
code/database/factories/CourseIntakeFactory.php,CourseIntakeFactory.php,.php,1234,other
code/database/factories/DreamJobAlertFactory.php,DreamJobAlertFactory.php,.php,801,other
code/database/factories/EducationFactory.php,EducationFactory.php,.php,662,other
code/database/factories/ImpactIndexSnapshotFactory.php,ImpactIndexSnapshotFactory.php,.php,1341,other
code/database/factories/InviteFactory.php,InviteFactory.php,.php,1363,other
code/database/factories/JobCategoryFactory.php,JobCategoryFactory.php,.php,744,other
code/database/factories/JobExperienceFactory.php,JobExperienceFactory.php,.php,637,other
code/database/factories/JobFactory.php,JobFactory.php,.php,1861,other
code/database/factories/JobRoleFactory.php,JobRoleFactory.php,.php,541,other
code/database/factories/JobTypeFactory.php,JobTypeFactory.php,.php,619,other
code/database/factories/LearningPathEnrolmentFactory.php,LearningPathEnrolmentFactory.php,.php,1200,other
code/database/factories/LifePathwayFactory.php,LifePathwayFactory.php,.php,1795,other
code/database/factories/MortgageRateSnapshotFactory.php,MortgageRateSnapshotFactory.php,.php,2142,other
code/database/factories/NotificationFactory.php,NotificationFactory.php,.php,0,other
code/database/factories/OpportunityRadarEntryFactory.php,OpportunityRadarEntryFactory.php,.php,1623,other
code/database/factories/OrgInviteLogFactory.php,OrgInviteLogFactory.php,.php,1217,other
code/database/factories/OrgMediaAssetFactory.php,OrgMediaAssetFactory.php,.php,1121,other
code/database/factories/OrganizationPageFactory.php,OrganizationPageFactory.php,.php,1796,other
code/database/factories/PartnershipMatchFactory.php,PartnershipMatchFactory.php,.php,1226,other
code/database/factories/PathwayConnectionFactory.php,PathwayConnectionFactory.php,.php,1678,other
code/database/factories/PathwayMilestoneFactory.php,PathwayMilestoneFactory.php,.php,1456,other
code/database/factories/PathwayPhaseFactory.php,PathwayPhaseFactory.php,.php,1710,other
code/database/factories/Pathways/LifePathwayFactory.php,LifePathwayFactory.php,.php,507,other
code/database/factories/Pathways/PathwayMilestoneFactory.php,PathwayMilestoneFactory.php,.php,517,other
code/database/factories/Pathways/PathwayPhaseFactory.php,PathwayPhaseFactory.php,.php,509,other
code/database/factories/Pathways/PathwayTemplateFactory.php,PathwayTemplateFactory.php,.php,515,other
code/database/factories/PublicSectorAgencyFactory.php,PublicSectorAgencyFactory.php,.php,1957,other
code/database/factories/PublicSectorOpportunityFactory.php,PublicSectorOpportunityFactory.php,.php,2265,other
code/database/factories/RealEstateLearningPathFactory.php,RealEstateLearningPathFactory.php,.php,2187,other
code/database/factories/SalaryTypeFactory.php,SalaryTypeFactory.php,.php,612,other
code/database/factories/ScholarshipApplicationFactory.php,ScholarshipApplicationFactory.php,.php,0,other
code/database/factories/ScholarshipFactory.php,ScholarshipFactory.php,.php,0,other
code/database/factories/ScholarshipReminderFactory.php,ScholarshipReminderFactory.php,.php,0,other
code/database/factories/ScholarshipTagFactory.php,ScholarshipTagFactory.php,.php,0,other
code/database/factories/SkillFactory.php,SkillFactory.php,.php,516,other
code/database/factories/StateFactory.php,StateFactory.php,.php,0,other
code/database/factories/TafeInstitutionFactory.php,TafeInstitutionFactory.php,.php,3043,other
code/database/factories/UserFactory.php,UserFactory.php,.php,1107,other
code/database/factories/UserPrimaryPurposeFactory.php,UserPrimaryPurposeFactory.php,.php,1632,other
code/database/factories/WomenRealEstate/WomenAgentLeadFactory.php,WomenAgentLeadFactory.php,.php,0,other
code/database/factories/WomenRealEstate/WomenCohortEnrolmentFactory.php,WomenCohortEnrolmentFactory.php,.php,0,other
code/database/factories/WomenRealEstate/WomenDashboardPreferenceFactory.php,WomenDashboardPreferenceFactory.php,.php,0,other
code/database/factories/WomenRealEstate/WomenDashboardWidgetFactory.php,WomenDashboardWidgetFactory.php,.php,0,other
code/database/factories/WomenRealEstate/WomenGoalTrackerFactory.php,WomenGoalTrackerFactory.php,.php,1124,other
code/database/factories/WomenRealEstate/WomenMortgageMarketRateFactory.php,WomenMortgageMarketRateFactory.php,.php,2046,other
code/database/factories/WomenRealEstate/WomenPartnerMatchFactory.php,WomenPartnerMatchFactory.php,.php,0,other
code/database/factories/WomenRealEstate/WomenPartnerProjectFactory.php,WomenPartnerProjectFactory.php,.php,1283,other
code/database/factories/WomenRealEstate/WomenPropertySeekerFactory.php,WomenPropertySeekerFactory.php,.php,2211,other
code/database/factories/WomenRealEstate/WomenUserMediaFactory.php,WomenUserMediaFactory.php,.php,857,other
code/database/factories/WomenRealEstate/WomenVerifiedAgentFactory.php,WomenVerifiedAgentFactory.php,.php,1510,other
code/database/migrations/2014_10_12_000000_create_users_table.php,2014_10_12_000000_create_users_table.php,.php,985,other
code/database/migrations/2017_08_11_073824_create_menus_wp_table.php,2017_08_11_073824_create_menus_wp_table.php,.php,822,other
code/database/migrations/2017_08_11_074006_create_menu_items_wp_table.php,2017_08_11_074006_create_menu_items_wp_table.php,.php,1352,other
code/database/migrations/2019_08_19_000000_create_failed_jobs_table.php,2019_08_19_000000_create_failed_jobs_table.php,.php,856,other
code/database/migrations/2019_12_14_000001_create_personal_access_tokens_table.php,2019_12_14_000001_create_personal_access_tokens_table.php,.php,955,other
code/database/migrations/2023_12_14_095631_create_companies_table.php,2023_12_14_095631_create_companies_table.php,.php,1934,other
code/database/migrations/2023_12_18_102543_create_industry_types_table.php,2023_12_18_102543_create_industry_types_table.php,.php,720,other
code/database/migrations/2023_12_19_111743_create_organization_types_table.php,2023_12_19_111743_create_organization_types_table.php,.php,732,other
code/database/migrations/2023_12_20_045833_create_team_sizes_table.php,2023_12_20_045833_create_team_sizes_table.php,.php,696,other
code/database/migrations/2023_12_20_061004_create_countries_table.php,2023_12_20_061004_create_countries_table.php,.php,657,other
code/database/migrations/2023_12_20_061016_create_states_table.php,2023_12_20_061016_create_states_table.php,.php,740,other
code/database/migrations/2023_12_20_061027_create_cities_table.php,2023_12_20_061027_create_cities_table.php,.php,736,other
code/database/migrations/2023_12_24_095516_create_languages_table.php,2023_12_24_095516_create_languages_table.php,.php,693,other
code/database/migrations/2023_12_24_112740_create_professions_table.php,2023_12_24_112740_create_professions_table.php,.php,699,other
code/database/migrations/2023_12_25_042432_create_skills_table.php,2023_12_25_042432_create_skills_table.php,.php,684,other
code/database/migrations/2023_12_25_055605_create_candidates_table.php,2023_12_25_055605_create_candidates_table.php,.php,1903,other
code/database/migrations/2023_12_25_100255_create_experiences_table.php,2023_12_25_100255_create_experiences_table.php,.php,663,other
code/database/migrations/2023_12_26_062851_create_candidate_languages_table.php,2023_12_26_062851_create_candidate_languages_table.php,.php,793,other
code/database/migrations/2023_12_26_062857_create_candidate_skills_table.php,2023_12_26_062857_create_candidate_skills_table.php,.php,780,other
code/database/migrations/2023_12_27_031235_create_candidate_experiences_table.php,2023_12_27_031235_create_candidate_experiences_table.php,.php,1064,other
code/database/migrations/2023_12_28_043744_create_candidate_education_table.php,2023_12_28_043744_create_candidate_education_table.php,.php,903,other
code/database/migrations/2024_01_01_091246_create_plans_table.php,2024_01_01_091246_create_plans_table.php,.php,1003,other
code/database/migrations/2024_01_02_050030_add_show_at_home_to_plans.php,2024_01_02_050030_add_show_at_home_to_plans.php,.php,685,other
code/database/migrations/2024_01_02_091108_create_payment_settings_table.php,2024_01_02_091108_create_payment_settings_table.php,.php,724,other
code/database/migrations/2024_01_03_061551_create_site_settings_table.php,2024_01_03_061551_create_site_settings_table.php,.php,715,other
code/database/migrations/2024_01_04_055809_create_orders_table.php,2024_01_04_055809_create_orders_table.php,.php,1100,other
code/database/migrations/2024_01_04_095501_create_user_plans_table.php,2024_01_04_095501_create_user_plans_table.php,.php,980,other
code/database/migrations/2024_01_09_035110_create_job_categories_table.php,2024_01_09_035110_create_job_categories_table.php,.php,865,other
code/database/migrations/2024_01_09_055023_create_education_table.php,2024_01_09_055023_create_education_table.php,.php,693,other
code/database/migrations/2024_01_09_065443_create_job_types_table.php,2024_01_09_065443_create_job_types_table.php,.php,693,other
code/database/migrations/2024_01_09_092041_create_salary_types_table.php,2024_01_09_092041_create_salary_types_table.php,.php,702,other
code/database/migrations/2024_01_09_101223_create_tags_table.php,2024_01_09_101223_create_tags_table.php,.php,678,other
code/database/migrations/2024_01_09_105927_create_job_roles_table.php,2024_01_09_105927_create_job_roles_table.php,.php,693,other
code/database/migrations/2024_01_10_032256_create_job_experiences_table.php,2024_01_10_032256_create_job_experiences_table.php,.php,711,other
code/database/migrations/2024_01_10_053636_create_jobs_table.php,2024_01_10_053636_create_jobs_table.php,.php,2255,other
code/database/migrations/2024_01_14_063326_create_job_tags_table.php,2024_01_14_063326_create_job_tags_table.php,.php,742,other
code/database/migrations/2024_01_14_070836_create_benefits_table.php,2024_01_14_070836_create_benefits_table.php,.php,701,other
code/database/migrations/2024_01_14_070853_create_job_benefits_table.php,2024_01_14_070853_create_job_benefits_table.php,.php,758,other
code/database/migrations/2024_01_14_092122_create_job_skills_table.php,2024_01_14_092122_create_job_skills_table.php,.php,750,other
code/database/migrations/2024_01_15_063950_add_softdelete_to_jobs_table.php,2024_01_15_063950_add_softdelete_to_jobs_table.php,.php,640,other
code/database/migrations/2024_01_21_000001_create_advanced_search_tables.php,2024_01_21_000001_create_advanced_search_tables.php,.php,2545,other
code/database/migrations/2024_01_22_092311_create_applied_jobs_table.php,2024_01_22_092311_create_applied_jobs_table.php,.php,712,other
code/database/migrations/2024_01_23_063900_create_job_bookmarks_table.php,2024_01_23_063900_create_job_bookmarks_table.php,.php,721,other
code/database/migrations/2024_01_24_093258_create_heroes_table.php,2024_01_24_093258_create_heroes_table.php,.php,775,other
code/database/migrations/2024_01_25_085554_create_why_choose_us_table.php,2024_01_25_085554_create_why_choose_us_table.php,.php,1129,other
code/database/migrations/2024_01_25_create_candidate_cvs_table.php,2024_01_25_create_candidate_cvs_table.php,.php,3180,other
code/database/migrations/2024_01_26_create_driver_license_types_table.php,2024_01_26_create_driver_license_types_table.php,.php,851,other
code/database/migrations/2024_01_26_create_ethnicities_table.php,2024_01_26_create_ethnicities_table.php,.php,653,other
code/database/migrations/2024_01_26_create_marital_statuses_table.php,2024_01_26_create_marital_statuses_table.php,.php,668,other
code/database/migrations/2024_01_26_create_pronouns_table.php,2024_01_26_create_pronouns_table.php,.php,760,other
code/database/migrations/2024_01_26_create_religions_table.php,2024_01_26_create_religions_table.php,.php,647,other
code/database/migrations/2024_01_26_update_candidates_table_women_focused.php,2024_01_26_update_candidates_table_women_focused.php,.php,4537,other
code/database/migrations/2024_01_28_044404_create_learn_mores_table.php,2024_01_28_044404_create_learn_mores_table.php,.php,829,other
code/database/migrations/2024_01_28_062423_create_counters_table.php,2024_01_28_062423_create_counters_table.php,.php,965,other
code/database/migrations/2024_01_28_110347_create_job_locations_table.php,2024_01_28_110347_create_job_locations_table.php,.php,796,other
code/database/migrations/2024_01_29_064929_create_reviews_table.php,2024_01_29_064929_create_reviews_table.php,.php,802,other
code/database/migrations/2024_01_30_033018_create_abouts_table.php,2024_01_30_033018_create_abouts_table.php,.php,773,other
code/database/migrations/2024_01_30_102934_create_custom_page_builders_table.php,2024_01_30_102934_create_custom_page_builders_table.php,.php,768,other
code/database/migrations/2024_01_31_045344_create_subscribers_table.php,2024_01_31_045344_create_subscribers_table.php,.php,664,other
code/database/migrations/2024_02_01_031615_create_footers_table.php,2024_02_01_031615_create_footers_table.php,.php,729,other
code/database/migrations/2024_02_05_102755_create_permission_tables.php,2024_02_05_102755_create_permission_tables.php,.php,6497,other
code/database/migrations/2024_11_mortgage_property_shares.php,2024_11_mortgage_property_shares.php,.php,2253,other
code/database/migrations/2025_01_create_rental_properties_table.php,2025_01_create_rental_properties_table.php,.php,3022,other
code/database/migrations/2025_02_create_property_seekers_table.php,2025_02_create_property_seekers_table.php,.php,3288,other
code/database/migrations/2025_03_create_ai_property_matches_table.php,2025_03_create_ai_property_matches_table.php,.php,2647,other
code/database/migrations/2025_05_create_rental_inquiries_table.php,2025_05_create_rental_inquiries_table.php,.php,2083,other
code/database/migrations/2025_10_22_160831_add_performance_indexes_to_tables.php,2025_10_22_160831_add_performance_indexes_to_tables.php,.php,5604,other
code/database/migrations/2025_10_23_103602_create_apprenticeships_tables.php,2025_10_23_103602_create_apprenticeships_tables.php,.php,646,other
code/database/migrations/2025_10_24_000001_create_connections_table.php,2025_10_24_000001_create_connections_table.php,.php,778,other
code/database/migrations/2025_10_24_000001_create_experiments_table.php,2025_10_24_000001_create_experiments_table.php,.php,2123,other
code/database/migrations/2025_10_24_000003_create_groups_table.php,2025_10_24_000003_create_groups_table.php,.php,757,other
code/database/migrations/2025_10_24_000004_create_groups_table.php,2025_10_24_000004_create_groups_table.php,.php,1132,other
code/database/migrations/2025_10_24_000004_create_invites_table.php,2025_10_24_000004_create_invites_table.php,.php,891,other
code/database/migrations/2025_10_24_000005_create_group_members_table.php,2025_10_24_000005_create_group_members_table.php,.php,1061,other
code/database/migrations/2025_10_24_000005_create_notifications_table.php,2025_10_24_000005_create_notifications_table.php,.php,861,other
code/database/migrations/2025_10_24_000006_create_badges_table.php,2025_10_24_000006_create_badges_table.php,.php,973,other
code/database/migrations/2025_10_24_000007_create_notifications_table.php,2025_10_24_000007_create_notifications_table.php,.php,1124,other
code/database/migrations/2025_10_24_000007_create_progress_table.php,2025_10_24_000007_create_progress_table.php,.php,962,other
code/database/migrations/2025_10_24_000008_create_invitations_table.php,2025_10_24_000008_create_invitations_table.php,.php,1178,other
code/database/migrations/2025_10_24_000040_create_groups_table.php,2025_10_24_000040_create_groups_table.php,.php,1132,other
code/database/migrations/2025_10_24_000070_create_notifications_table.php,2025_10_24_000070_create_notifications_table.php,.php,1124,other
code/database/migrations/2025_10_24_081246_add_composite_indexes_for_ai_performance.php,2025_10_24_081246_add_composite_indexes_for_ai_performance.php,.php,4173,other
code/database/migrations/2025_10_24_092218_create_candidate_job_alerts_table.php,2025_10_24_092218_create_candidate_job_alerts_table.php,.php,3371,other
code/database/migrations/2025_10_24_095008_create_interview_coach_tables.php,2025_10_24_095008_create_interview_coach_tables.php,.php,647,other
code/database/migrations/2025_10_24_100319_create_interview_coach_tables.php,2025_10_24_100319_create_interview_coach_tables.php,.php,647,other
code/database/migrations/2025_10_24_100324_create_interview_coach_tables.php,2025_10_24_100324_create_interview_coach_tables.php,.php,6369,other
code/database/migrations/2025_10_24_101949_create_skill_gap_analysis_tables.php,2025_10_24_101949_create_skill_gap_analysis_tables.php,.php,655,other
code/database/migrations/2025_10_24_102359_create_skill_gap_analysis_tables.php,2025_10_24_102359_create_skill_gap_analysis_tables.php,.php,6057,other
code/database/migrations/2025_10_24_105213_create_gamification_tables.php,2025_10_24_105213_create_gamification_tables.php,.php,10004,other
code/database/migrations/2025_10_24_122300_add_mobile_to_candidates_table.php,2025_10_24_122300_add_mobile_to_candidates_table.php,.php,781,other
code/database/migrations/2025_10_26_000000_create_warmup_metric_events_table.php,2025_10_26_000000_create_warmup_metric_events_table.php,.php,1493,other
code/database/migrations/2025_10_26_010000_create_warmup_metric_snapshots_table.php,2025_10_26_010000_create_warmup_metric_snapshots_table.php,.php,1055,other
code/database/migrations/2025_10_27_000001_remove_linkedin_from_candidate_cvs_table.php,2025_10_27_000001_remove_linkedin_from_candidate_cvs_table.php,.php,803,other
code/database/migrations/2025_10_27_000100_add_metadata_columns_to_warmup_metric_events_table.php,2025_10_27_000100_add_metadata_columns_to_warmup_metric_events_table.php,.php,1560,other
code/database/migrations/2025_10_27_000200_add_metadata_to_warmup_metric_snapshots_table.php,2025_10_27_000200_add_metadata_to_warmup_metric_snapshots_table.php,.php,1444,other
code/database/migrations/2025_10_27_120000_create_candidate_resume_snapshots_table.php,2025_10_27_120000_create_candidate_resume_snapshots_table.php,.php,1394,other
code/database/migrations/2025_10_29_000001_create_job_recommendation_audits_table.php,2025_10_29_000001_create_job_recommendation_audits_table.php,.php,1249,other
code/database/migrations/2025_10_29_000002_create_billing_tables.php,2025_10_29_000002_create_billing_tables.php,.php,2278,other
code/database/migrations/2025_10_30_000001_create_organization_pages_table.php,2025_10_30_000001_create_organization_pages_table.php,.php,1821,other
code/database/migrations/2025_10_30_000003_create_org_media_assets_table.php,2025_10_30_000003_create_org_media_assets_table.php,.php,1350,other
code/database/migrations/2025_10_30_000006_create_courses_table.php,2025_10_30_000006_create_courses_table.php,.php,1685,other
code/database/migrations/2025_10_30_000007_create_course_intakes_table.php,2025_10_30_000007_create_course_intakes_table.php,.php,876,other
code/database/migrations/2025_10_30_000008_create_apprenticeship_programs_table.php,2025_10_30_000008_create_apprenticeship_programs_table.php,.php,1133,other
code/database/migrations/2025_10_30_000009_create_leads_table.php,2025_10_30_000009_create_leads_table.php,.php,981,other
code/database/migrations/2025_10_30_000010_create_ad_campaigns_table.php,2025_10_30_000010_create_ad_campaigns_table.php,.php,1117,other
code/database/migrations/2025_10_30_000011_create_ad_creatives_table.php,2025_10_30_000011_create_ad_creatives_table.php,.php,914,other
code/database/migrations/2025_10_30_000012_create_ad_metrics_daily_table.php,2025_10_30_000012_create_ad_metrics_daily_table.php,.php,944,other
code/database/migrations/2025_10_31_000004_add_processing_columns_to_org_media_assets_table.php,2025_10_31_000004_add_processing_columns_to_org_media_assets_table.php,.php,2351,other
code/database/migrations/2025_10_31_000005_create_org_invite_logs_table.php,2025_10_31_000005_create_org_invite_logs_table.php,.php,796,other
code/database/migrations/2025_10_31_150600_add_website_back_to_candidates_table.php,2025_10_31_150600_add_website_back_to_candidates_table.php,.php,699,other
code/database/migrations/2025_11_01_000100_add_foundation_columns_to_companies_table.php,2025_11_01_000100_add_foundation_columns_to_companies_table.php,.php,4484,other
code/database/migrations/2025_11_01_000200_add_workflow_columns_to_jobs_table.php,2025_11_01_000200_add_workflow_columns_to_jobs_table.php,.php,4402,other
code/database/migrations/2025_11_01_010000_add_slug_to_courses_table.php,2025_11_01_010000_add_slug_to_courses_table.php,.php,2469,other
code/database/migrations/2025_11_02_000001_create_apprenticeship_competencies_table.php,2025_11_02_000001_create_apprenticeship_competencies_table.php,.php,1191,other
code/database/migrations/2025_11_02_000002_create_apprenticeship_progress_records_table.php,2025_11_02_000002_create_apprenticeship_progress_records_table.php,.php,1609,other
code/database/migrations/2025_11_02_000003_create_subsidy_programs_table.php,2025_11_02_000003_create_subsidy_programs_table.php,.php,1368,other
code/database/migrations/2025_11_02_000004_create_course_intake_subsidy_program_table.php,2025_11_02_000004_create_course_intake_subsidy_program_table.php,.php,1003,other
code/database/migrations/2025_11_02_120500_add_scoring_columns_to_leads_table.php,2025_11_02_120500_add_scoring_columns_to_leads_table.php,.php,1256,other
code/database/migrations/2025_11_02_140000_create_advertising_campaigns_table.php,2025_11_02_140000_create_advertising_campaigns_table.php,.php,1255,other
code/database/migrations/2025_11_02_140100_create_advertising_audience_segments_table.php,2025_11_02_140100_create_advertising_audience_segments_table.php,.php,784,other
code/database/migrations/2025_11_02_140200_create_advertising_campaign_audience_table.php,2025_11_02_140200_create_advertising_campaign_audience_table.php,.php,961,other
code/database/migrations/2025_11_02_140300_create_advertising_creatives_table.php,2025_11_02_140300_create_advertising_creatives_table.php,.php,1631,other
code/database/migrations/2025_11_02_140400_create_advertising_campaign_metrics_table.php,2025_11_02_140400_create_advertising_campaign_metrics_table.php,.php,1439,other
code/database/migrations/2025_11_02_150000_create_lead_notes_table.php,2025_11_02_150000_create_lead_notes_table.php,.php,830,other
code/database/migrations/2025_11_02_160000_add_system_fields_to_lead_notes_table.php,2025_11_02_160000_add_system_fields_to_lead_notes_table.php,.php,712,other
code/database/migrations/2025_11_03_000001_normalize_apprenticeship_competency_sequences.php,2025_11_03_000001_normalize_apprenticeship_competency_sequences.php,.php,284,other
code/database/migrations/2025_11_03_210000_create_scholarships_table.php,2025_11_03_210000_create_scholarships_table.php,.php,276,other
code/database/migrations/2025_11_03_210100_create_scholarship_tags_table.php,2025_11_03_210100_create_scholarship_tags_table.php,.php,280,other
code/database/migrations/2025_11_03_210110_create_scholarship_tag_pivot_table.php,2025_11_03_210110_create_scholarship_tag_pivot_table.php,.php,282,other
code/database/migrations/2025_11_03_210200_create_scholarship_requirements_table.php,2025_11_03_210200_create_scholarship_requirements_table.php,.php,283,other
code/database/migrations/2025_11_03_210210_create_scholarship_documents_table.php,2025_11_03_210210_create_scholarship_documents_table.php,.php,263,other
code/database/migrations/2025_11_03_210300_create_candidate_scholarship_matches_table.php,2025_11_03_210300_create_candidate_scholarship_matches_table.php,.php,270,other
code/database/migrations/2025_11_03_210310_create_scholarship_saved_lists_table.php,2025_11_03_210310_create_scholarship_saved_lists_table.php,.php,265,other
code/database/migrations/2025_11_03_210320_create_scholarship_reminders_table.php,2025_11_03_210320_create_scholarship_reminders_table.php,.php,262,other
code/database/migrations/2025_11_03_210400_create_scholarship_applications_table.php,2025_11_03_210400_create_scholarship_applications_table.php,.php,266,other
code/database/migrations/2025_11_03_210410_create_scholarship_application_documents_table.php,2025_11_03_210410_create_scholarship_application_documents_table.php,.php,268,other
code/database/migrations/2025_11_03_210420_create_scholarship_application_audits_table.php,2025_11_03_210420_create_scholarship_application_audits_table.php,.php,271,other
code/database/migrations/2025_11_06_000100_create_womenrise_core_tables.php,2025_11_06_000100_create_womenrise_core_tables.php,.php,5380,other
code/database/migrations/2025_11_06_020300_update_onboarding_step_enum.php,2025_11_06_020300_update_onboarding_step_enum.php,.php,821,other
code/database/migrations/2025_11_06_030400_create_onboarding_events_table.php,2025_11_06_030400_create_onboarding_events_table.php,.php,735,other
code/database/migrations/2025_11_07_000001_create_analytics_events_table.php,2025_11_07_000001_create_analytics_events_table.php,.php,827,other
code/database/migrations/2025_11_08_120000_create_candidate_journey_kpi_snapshots_table.php,2025_11_08_120000_create_candidate_journey_kpi_snapshots_table.php,.php,1340,other
code/database/migrations/2025_11_09_100000_create_timezones_table.php,2025_11_09_100000_create_timezones_table.php,.php,753,other
code/database/migrations/2025_11_09_160000_create_career_intelligence_snapshots_table.php,2025_11_09_160000_create_career_intelligence_snapshots_table.php,.php,1144,other
code/database/migrations/2025_11_09_160100_create_vertical_insights_table.php,2025_11_09_160100_create_vertical_insights_table.php,.php,939,other
code/database/migrations/2025_11_09_160200_create_creator_payouts_table.php,2025_11_09_160200_create_creator_payouts_table.php,.php,1167,other
code/database/migrations/2025_11_11_101200_create_mortgage_rates_table.php,2025_11_11_101200_create_mortgage_rates_table.php,.php,1558,other
code/database/migrations/2025_11_11_150500_add_account_classification_to_users_table.php,2025_11_11_150500_add_account_classification_to_users_table.php,.php,909,other
code/database/migrations/2025_11_11_150700_create_partnership_matches_table.php,2025_11_11_150700_create_partnership_matches_table.php,.php,1173,other
code/database/migrations/2025_11_11_150800_create_mortgage_rate_snapshots_table.php,2025_11_11_150800_create_mortgage_rate_snapshots_table.php,.php,1324,other
code/database/migrations/2025_11_12_000001_create_mortgage_intelligence_access_logs_table.php,2025_11_12_000001_create_mortgage_intelligence_access_logs_table.php,.php,1012,other
code/database/migrations/2025_11_12_010000_create_real_estate_learning_paths_table.php,2025_11_12_010000_create_real_estate_learning_paths_table.php,.php,1175,other
code/database/migrations/2025_11_12_010100_create_learning_path_enrolments_table.php,2025_11_12_010100_create_learning_path_enrolments_table.php,.php,1181,other
code/database/migrations/2025_11_12_110000_create_women_real_estate_tables.php,2025_11_12_110000_create_women_real_estate_tables.php,.php,9205,other
code/database/migrations/2025_11_14_120500_add_women_real_estate_enhancements.php,2025_11_14_120500_add_women_real_estate_enhancements.php,.php,3543,other
code/database/migrations/2025_11_14_121500_create_women_cohort_partner_dashboard_tables.php,2025_11_14_121500_create_women_cohort_partner_dashboard_tables.php,.php,4888,other
code/database/migrations/2025_11_14_163608_alter_jobs_table_add_queue_column.php,2025_11_14_163608_alter_jobs_table_add_queue_column.php,.php,682,other
code/database/migrations/2025_11_14_163625_create_jobs_table_fresh.php,2025_11_14_163625_create_jobs_table_fresh.php,.php,539,other
code/database/migrations/2025_11_14_163628_fix_jobs_table.php,2025_11_14_163628_fix_jobs_table.php,.php,969,other
code/database/migrations/2025_11_14_163707_create_queue_jobs_table.php,2025_11_14_163707_create_queue_jobs_table.php,.php,890,other
code/database/migrations/2025_11_15_001_create_women_rental_properties_table.php,2025_11_15_001_create_women_rental_properties_table.php,.php,2177,other
code/database/migrations/2025_11_15_002_create_women_property_seekers_table.php,2025_11_15_002_create_women_property_seekers_table.php,.php,2362,other
code/database/migrations/2025_11_15_003_create_women_property_matches_table.php,2025_11_15_003_create_women_property_matches_table.php,.php,2060,other
code/database/migrations/2025_11_15_004_create_women_rental_inquiries_table.php,2025_11_15_004_create_women_rental_inquiries_table.php,.php,1639,other
code/database/migrations/2025_11_16_000001_create_public_sector_agencies_table.php,2025_11_16_000001_create_public_sector_agencies_table.php,.php,1325,other
code/database/migrations/2025_11_16_000002_create_public_sector_programs_table.php,2025_11_16_000002_create_public_sector_programs_table.php,.php,1216,other
code/database/migrations/2025_11_16_000003_create_public_sector_opportunities_table.php,2025_11_16_000003_create_public_sector_opportunities_table.php,.php,1584,other
code/database/migrations/2025_11_16_000004_create_public_sector_insights_table.php,2025_11_16_000004_create_public_sector_insights_table.php,.php,958,other
code/database/migrations/2025_11_16_000005_create_public_sector_engagements_table.php,2025_11_16_000005_create_public_sector_engagements_table.php,.php,940,other
code/database/migrations/2025_11_16_000100_create_tafe_institutions_table.php,2025_11_16_000100_create_tafe_institutions_table.php,.php,1744,other
code/database/migrations/2025_11_16_000200_create_tafe_programs_table.php,2025_11_16_000200_create_tafe_programs_table.php,.php,2427,other
code/database/migrations/2025_11_16_000300_create_tafe_program_intakes_table.php,2025_11_16_000300_create_tafe_program_intakes_table.php,.php,1201,other
code/database/migrations/2025_11_16_000400_create_tafe_student_journeys_table.php,2025_11_16_000400_create_tafe_student_journeys_table.php,.php,1641,other
code/database/migrations/2025_11_16_150000_create_women_cohort_timeline_events_table.php,2025_11_16_150000_create_women_cohort_timeline_events_table.php,.php,1021,other
code/database/migrations/2025_11_16_170100_create_business_milestones_table.php,2025_11_16_170100_create_business_milestones_table.php,.php,1153,other
code/database/migrations/2025_11_16_170200_create_business_resources_table.php,2025_11_16_170200_create_business_resources_table.php,.php,1073,other
code/database/migrations/2025_11_17_000000_create_ai_client_alerts_table.php,2025_11_17_000000_create_ai_client_alerts_table.php,.php,1019,other
code/database/migrations/2025_11_17_010000_create_cdn_latency_samples_table.php,2025_11_17_010000_create_cdn_latency_samples_table.php,.php,990,other
code/database/migrations/2025_11_17_010300_create_wellness_buddy_invites_table.php,2025_11_17_010300_create_wellness_buddy_invites_table.php,.php,1392,other
code/database/migrations/2025_11_17_150500_expand_invites_and_create_contact_sync_tables.php,2025_11_17_150500_expand_invites_and_create_contact_sync_tables.php,.php,3703,other
code/database/migrations/2025_11_18_130000_add_real_estate_onboarding_columns_to_users.php,2025_11_18_130000_add_real_estate_onboarding_columns_to_users.php,.php,1508,other
code/database/migrations/2025_11_18_130100_create_women_real_estate_user_media_table.php,2025_11_18_130100_create_women_real_estate_user_media_table.php,.php,1077,other
code/database/migrations/2025_11_19_000210_create_community_structures.php,2025_11_19_000210_create_community_structures.php,.php,14164,other
code/database/migrations/2025_11_19_232000_create_commerce_structures_and_thread_bindings.php,2025_11_19_232000_create_commerce_structures_and_thread_bindings.php,.php,19254,other
code/database/migrations/2025_11_20_100000_create_grant_programs_table.php,2025_11_20_100000_create_grant_programs_table.php,.php,1593,other
code/database/migrations/2025_11_20_100100_create_grant_applications_table.php,2025_11_20_100100_create_grant_applications_table.php,.php,1375,other
code/database/migrations/2025_11_20_100210_create_budget_categories_table.php,2025_11_20_100210_create_budget_categories_table.php,.php,922,other
code/database/migrations/2025_11_20_100220_create_budget_transactions_table.php,2025_11_20_100220_create_budget_transactions_table.php,.php,1011,other
code/database/migrations/2025_11_20_100300_create_debt_submissions_table.php,2025_11_20_100300_create_debt_submissions_table.php,.php,992,other
code/database/migrations/2025_11_21_120000_add_user_intentions_to_users_table.php,2025_11_21_120000_add_user_intentions_to_users_table.php,.php,870,other
code/database/migrations/2025_11_21_120000_create_career_interests_table.php,2025_11_21_120000_create_career_interests_table.php,.php,1624,other
code/database/migrations/2025_11_22_120000_add_preapplication_fields_to_career_interests_table.php,2025_11_22_120000_add_preapplication_fields_to_career_interests_table.php,.php,2059,other
code/database/migrations/2025_11_23_000001_create_bank_accounts_table.php,2025_11_23_000001_create_bank_accounts_table.php,.php,1026,other
code/database/migrations/2025_11_23_000001_create_budgets_table.php,2025_11_23_000001_create_budgets_table.php,.php,858,other
code/database/migrations/2025_11_23_000002_create_bank_transactions_table.php,2025_11_23_000002_create_bank_transactions_table.php,.php,1365,other
code/database/migrations/2025_11_23_000002_create_budget_items_table.php,2025_11_23_000002_create_budget_items_table.php,.php,828,other
code/database/migrations/2025_11_23_000003_create_bank_transaction_contexts_table.php,2025_11_23_000003_create_bank_transaction_contexts_table.php,.php,958,other
code/database/migrations/2025_11_23_000003_create_debts_table.php,2025_11_23_000003_create_debts_table.php,.php,799,other
code/database/migrations/2025_11_23_000004_add_surface_to_bank_transaction_contexts_table.php,2025_11_23_000004_add_surface_to_bank_transaction_contexts_table.php,.php,895,other
code/database/migrations/2025_11_23_120000_create_business_cashbooks_table.php,2025_11_23_120000_create_business_cashbooks_table.php,.php,988,other
code/database/migrations/2025_11_23_120000_create_business_disclaimer_acceptances_table.php,2025_11_23_120000_create_business_disclaimer_acceptances_table.php,.php,953,other
code/database/migrations/2025_11_23_120100_create_business_cashbook_entries_table.php,2025_11_23_120100_create_business_cashbook_entries_table.php,.php,1240,other
code/database/migrations/2025_11_23_120200_create_business_budgets_table.php,2025_11_23_120200_create_business_budgets_table.php,.php,891,other
code/database/migrations/2025_11_23_120300_create_business_budget_lines_table.php,2025_11_23_120300_create_business_budget_lines_table.php,.php,949,other
code/database/migrations/2025_11_24_000005_add_context_key_to_bank_transaction_contexts_table.php,2025_11_24_000005_add_context_key_to_bank_transaction_contexts_table.php,.php,932,other
code/database/migrations/2025_11_24_000005_create_legal_documents_table.php,2025_11_24_000005_create_legal_documents_table.php,.php,1229,other
code/database/migrations/2025_11_24_000010_create_procurement_pipeline_tables.php,2025_11_24_000010_create_procurement_pipeline_tables.php,.php,4015,other
code/database/migrations/2025_11_24_000901_create_wellbeing_events_table.php,2025_11_24_000901_create_wellbeing_events_table.php,.php,1204,other
code/database/migrations/2025_11_24_000902_create_wellbeing_partner_offers_table.php,2025_11_24_000902_create_wellbeing_partner_offers_table.php,.php,1056,other
code/database/migrations/2025_11_24_120000_add_cohort_slug_and_referral_code_constraints_to_invites_table.php,2025_11_24_120000_add_cohort_slug_and_referral_code_constraints_to_invites_table.php,.php,1751,other
code/database/migrations/2025_11_24_120000_create_connection_activity_logs_table.php,2025_11_24_120000_create_connection_activity_logs_table.php,.php,1160,other
code/database/migrations/2025_11_24_120200_create_privacy_access_logs_table.php,2025_11_24_120200_create_privacy_access_logs_table.php,.php,1103,other
code/database/migrations/2025_11_24_130100_create_mentorship_matches_table.php,2025_11_24_130100_create_mentorship_matches_table.php,.php,1545,other
code/database/migrations/2025_11_24_130200_update_invitations_for_templates.php,2025_11_24_130200_update_invitations_for_templates.php,.php,2655,other
code/database/migrations/2025_11_25_000210_replace_linkedin_columns.php,2025_11_25_000210_replace_linkedin_columns.php,.php,1697,other
code/database/migrations/2025_11_25_000500_create_consent_logs_table.php,2025_11_25_000500_create_consent_logs_table.php,.php,1237,other
code/database/migrations/2025_11_25_000600_create_compliance_audits_table.php,2025_11_25_000600_create_compliance_audits_table.php,.php,1127,other
code/database/migrations/2025_11_26_000500_create_user_primary_purposes_table.php,2025_11_26_000500_create_user_primary_purposes_table.php,.php,1147,other
code/database/migrations/2025_11_26_100000_create_media_upload_sessions_table.php,2025_11_26_100000_create_media_upload_sessions_table.php,.php,1827,other
code/database/migrations/2025_11_26_100001_create_media_upload_chunks_table.php,2025_11_26_100001_create_media_upload_chunks_table.php,.php,1056,other
code/database/migrations/2025_11_26_142000_backfill_dashboard_feature_flags.php,2025_11_26_142000_backfill_dashboard_feature_flags.php,.php,1434,other
code/database/migrations/2025_11_26_150500_add_scan_columns_to_media_upload_sessions_table.php,2025_11_26_150500_add_scan_columns_to_media_upload_sessions_table.php,.php,2413,other
code/database/migrations/2025_11_26_153500_create_role_dashboard_metrics_views.php,2025_11_26_153500_create_role_dashboard_metrics_views.php,.php,2162,other
code/database/migrations/2025_11_27_000001_create_pathway_tables.php,2025_11_27_000001_create_pathway_tables.php,.php,3992,other
code/database/migrations/2025_11_27_000002_create_opportunity_radar_entries_table.php,2025_11_27_000002_create_opportunity_radar_entries_table.php,.php,1285,other
code/database/migrations/2025_11_27_000003_create_impact_index_snapshots_table.php,2025_11_27_000003_create_impact_index_snapshots_table.php,.php,769,other
code/database/migrations/2025_11_27_090000_create_advertising_slots_table.php,2025_11_27_090000_create_advertising_slots_table.php,.php,1594,other
code/database/migrations/2025_11_27_090100_create_advertising_slot_revenue_snapshots_table.php,2025_11_27_090100_create_advertising_slot_revenue_snapshots_table.php,.php,1227,other
code/database/migrations/2025_11_27_110000_create_security_audit_logs_table.php,2025_11_27_110000_create_security_audit_logs_table.php,.php,1062,other
code/database/migrations/2025_11_27_120000_add_export_metadata_to_security_audit_logs_table.php,2025_11_27_120000_add_export_metadata_to_security_audit_logs_table.php,.php,818,other
code/database/migrations/2025_11_27_120000_create_device_capture_consents_table.php,2025_11_27_120000_create_device_capture_consents_table.php,.php,1026,other
code/database/migrations/2025_11_27_150000_create_bundle_offers_table.php,2025_11_27_150000_create_bundle_offers_table.php,.php,2463,other
code/database/migrations/2025_11_28_100000_add_institution_to_candidate_education_table.php,2025_11_28_100000_add_institution_to_candidate_education_table.php,.php,653,other
code/database/migrations/2025_11_28_120000_create_automotive_tables.php,2025_11_28_120000_create_automotive_tables.php,.php,1922,other
code/database/migrations/2025_11_28_193028_create_marketing_attribution_table.php,2025_11_28_193028_create_marketing_attribution_table.php,.php,1393,other
code/database/migrations/2025_11_28_193029_create_referrals_table.php,2025_11_28_193029_create_referrals_table.php,.php,1204,other
code/database/migrations/2025_11_28_200000_enhance_wellbeing_tables.php,2025_11_28_200000_enhance_wellbeing_tables.php,.php,1906,other
code/database/migrations/2025_11_29_000000_create_health_insurance_plans_table.php,2025_11_29_000000_create_health_insurance_plans_table.php,.php,949,other
code/database/migrations/2025_11_29_000000_enhance_automotive_suite.php,2025_11_29_000000_enhance_automotive_suite.php,.php,4561,other
code/database/migrations/2025_11_29_121217_add_market_data_to_companies_table.php,2025_11_29_121217_add_market_data_to_companies_table.php,.php,995,other
code/database/migrations/2025_11_29_130728_create_tax_assets_table.php,2025_11_29_130728_create_tax_assets_table.php,.php,1150,other
code/database/migrations/2025_11_29_130731_create_vehicle_logbooks_table.php,2025_11_29_130731_create_vehicle_logbooks_table.php,.php,892,other
code/database/migrations/2025_11_29_130732_create_receipts_table.php,2025_11_29_130732_create_receipts_table.php,.php,1040,other
code/database/migrations/2025_11_29_130733_create_vehicle_logbook_entries_table.php,2025_11_29_130733_create_vehicle_logbook_entries_table.php,.php,1095,other
code/database/migrations/2025_11_30_000000_add_platform_roles_to_users_table.php,2025_11_30_000000_add_platform_roles_to_users_table.php,.php,4488,other
code/database/migrations/2025_11_30_120500_create_user_subscriptions_table.php,2025_11_30_120500_create_user_subscriptions_table.php,.php,920,other
code/database/migrations/2025_11_30_140000_create_identity_flags_table.php,2025_11_30_140000_create_identity_flags_table.php,.php,1565,other
code/database/migrations/2025_11_30_150000_add_appeal_fields_to_identity_flags_table.php,2025_11_30_150000_add_appeal_fields_to_identity_flags_table.php,.php,742,other
code/database/migrations/2025_11_30_150100_create_sessions_extended_table.php,2025_11_30_150100_create_sessions_extended_table.php,.php,1126,other
code/database/migrations/2025_11_30_160000_add_owner_id_to_public_sector_agencies_table.php,2025_11_30_160000_add_owner_id_to_public_sector_agencies_table.php,.php,641,other
code/database/migrations/2025_12_01_000000_update_role_column_in_users_table.php,2025_12_01_000000_update_role_column_in_users_table.php,.php,1268,other
code/database/migrations/2025_12_01_000001_enhance_pathway_tables.php,2025_12_01_000001_enhance_pathway_tables.php,.php,6619,other
code/database/migrations/2025_12_02_000001_migrate_candidate_role_to_member.php,2025_12_02_000001_migrate_candidate_role_to_member.php,.php,2870,other
code/database/migrations/2025_12_07_000000_create_dream_job_alerts_table.php,2025_12_07_000000_create_dream_job_alerts_table.php,.php,1092,other
code/database/migrations/2025_12_07_000100_create_job_alert_matches_table.php,2025_12_07_000100_create_job_alert_matches_table.php,.php,794,other
code/database/migrations/2025_12_07_000200_add_notification_prefs_to_users.php,2025_12_07_000200_add_notification_prefs_to_users.php,.php,1148,other
code/database/migrations/2025_12_07_000300_add_explanation_to_job_alert_matches.php,2025_12_07_000300_add_explanation_to_job_alert_matches.php,.php,770,other
code/database/seeders/AdvertisingSlotSeeder.php,AdvertisingSlotSeeder.php,.php,330,other
code/database/seeders/AustraliaWomenFirstSeeder.php,AustraliaWomenFirstSeeder.php,.php,256,other
code/database/seeders/AutomotiveSeeder.php,AutomotiveSeeder.php,.php,264,other
code/database/seeders/BankFeedSeeder.php,BankFeedSeeder.php,.php,261,other
code/database/seeders/BusinessFinanceDemoSeeder.php,BusinessFinanceDemoSeeder.php,.php,4877,other
code/database/seeders/CandidateSeeder.php,CandidateSeeder.php,.php,741,other
code/database/seeders/CareerIntelligenceSnapshotSeeder.php,CareerIntelligenceSnapshotSeeder.php,.php,328,other
code/database/seeders/CitySeeder.php,CitySeeder.php,.php,287633,other
code/database/seeders/CompanyLocationBackfillSeeder.php,CompanyLocationBackfillSeeder.php,.php,2708,other
code/database/seeders/CompanyUserSeeder.php,CompanyUserSeeder.php,.php,643,other
code/database/seeders/CountrySeeder.php,CountrySeeder.php,.php,324,other
code/database/seeders/CreatorPayoutSeeder.php,CreatorPayoutSeeder.php,.php,290,other
code/database/seeders/DatabaseSeeder.php,DatabaseSeeder.php,.php,3339,other
code/database/seeders/DriverLicenseTypeSeeder.php,DriverLicenseTypeSeeder.php,.php,221,other
code/database/seeders/DummyDataSeeder.php,DummyDataSeeder.php,.php,5039,other
code/database/seeders/EntertainmentSeeder.php,EntertainmentSeeder.php,.php,6715,other
code/database/seeders/EthnicitySeeder.php,EthnicitySeeder.php,.php,205,other
code/database/seeders/ExperienceSeeder.php,ExperienceSeeder.php,.php,333,other
code/database/seeders/ExperimentSeeder.php,ExperimentSeeder.php,.php,1320,other
code/database/seeders/FinancialWellnessSeeder.php,FinancialWellnessSeeder.php,.php,2910,other
code/database/seeders/GrantProgramSeeder.php,GrantProgramSeeder.php,.php,271,other
code/database/seeders/IndustryTypeSeeder.php,IndustryTypeSeeder.php,.php,339,other
code/database/seeders/JobCategorySeeder.php,JobCategorySeeder.php,.php,455,other
code/database/seeders/JobEducationSeeder.php,JobEducationSeeder.php,.php,336,other
code/database/seeders/JobExperienceSeeder.php,JobExperienceSeeder.php,.php,752,other
code/database/seeders/JobRoleSeeder.php,JobRoleSeeder.php,.php,324,other
code/database/seeders/JobSalaryTypeSeeder.php,JobSalaryTypeSeeder.php,.php,339,other
code/database/seeders/JobTagSeeder.php,JobTagSeeder.php,.php,318,other
code/database/seeders/JobTypeSeeder.php,JobTypeSeeder.php,.php,349,other
code/database/seeders/LanguageSeeder.php,LanguageSeeder.php,.php,584,other
code/database/seeders/MaritalStatusSeeder.php,MaritalStatusSeeder.php,.php,213,other
code/database/seeders/MenuSeeder.php,MenuSeeder.php,.php,742,other
code/database/seeders/MortgageRateSnapshotSeeder.php,MortgageRateSnapshotSeeder.php,.php,284,other
code/database/seeders/NavigationMenuSeeder.php,NavigationMenuSeeder.php,.php,261,other
code/database/seeders/OperationsDashboardPermissionSeeder.php,OperationsDashboardPermissionSeeder.php,.php,1166,other
code/database/seeders/OrgPageSeeder.php,OrgPageSeeder.php,.php,244,other
code/database/seeders/OrganizationTypeSeeder.php,OrganizationTypeSeeder.php,.php,351,other
code/database/seeders/PaymentSettingSeeder.php,PaymentSettingSeeder.php,.php,5933,other
code/database/seeders/PrdPersonaSeeder.php,PrdPersonaSeeder.php,.php,16662,other
code/database/seeders/ProfessionSeeder.php,ProfessionSeeder.php,.php,333,other
code/database/seeders/PronounSeeder.php,PronounSeeder.php,.php,201,other
code/database/seeders/PublicSectorDemoSeeder.php,PublicSectorDemoSeeder.php,.php,444,other
code/database/seeders/PublicSectorEngagementSeeder.php,PublicSectorEngagementSeeder.php,.php,1991,other
code/database/seeders/RealEstateLearningPathSeeder.php,RealEstateLearningPathSeeder.php,.php,288,other
code/database/seeders/ReligionSeeder.php,ReligionSeeder.php,.php,203,other
code/database/seeders/RoleDashboardsDemoSeeder.php,RoleDashboardsDemoSeeder.php,.php,488,other
code/database/seeders/RolePermissionSeeder.php,RolePermissionSeeder.php,.php,10500,other
code/database/seeders/RolesAndPermissionsSeeder.php,RolesAndPermissionsSeeder.php,.php,1812,other
code/database/seeders/SalaryTransparencySeeder.php,SalaryTransparencySeeder.php,.php,257,other
code/database/seeders/SiteSettingSeeder.php,SiteSettingSeeder.php,.php,2546,other
code/database/seeders/SkillSeeder.php,SkillSeeder.php,.php,318,other
code/database/seeders/StateSeeder.php,StateSeeder.php,.php,254057,other
code/database/seeders/SuccessStoriesSeeder.php,SuccessStoriesSeeder.php,.php,230,other
code/database/seeders/TafeUniversityDemoSeeder.php,TafeUniversityDemoSeeder.php,.php,329,other
code/database/seeders/TeamSizeSeeder.php,TeamSizeSeeder.php,.php,327,other
code/database/seeders/TimezoneSeeder.php,TimezoneSeeder.php,.php,260,other
code/database/seeders/VerticalInsightsSeeder.php,VerticalInsightsSeeder.php,.php,253,other
code/database/seeders/WellbeingEventSeeder.php,WellbeingEventSeeder.php,.php,247,other
code/database/seeders/WellbeingPartnerOfferSeeder.php,WellbeingPartnerOfferSeeder.php,.php,261,other
code/database/seeders/WomenEmpowermentSeeder.php,WomenEmpowermentSeeder.php,.php,218,other
code/database/seeders/WomenRealEstateSeeder.php,WomenRealEstateSeeder.php,.php,17456,other
code/database/seeders/WomenRiseCoreSeeder.php,WomenRiseCoreSeeder.php,.php,899,other
code/database/seeders/data/prd_personas.php,prd_personas.php,.php,16181,other
code/lang/en/member.php,member.php,.php,243,other
code/moneyman-laravel/app/Http/Controllers/Org/AdCampaignController.php,AdCampaignController.php,.php,1218,other
code/moneyman-laravel/app/Http/Controllers/Org/AdCreativeController.php,AdCreativeController.php,.php,688,other
code/moneyman-laravel/app/Http/Controllers/Org/CourseController.php,CourseController.php,.php,2205,other
code/moneyman-laravel/app/Http/Controllers/Org/IntakeController.php,IntakeController.php,.php,629,other
code/moneyman-laravel/app/Http/Controllers/Org/OrgMediaController.php,OrgMediaController.php,.php,1178,other
code/moneyman-laravel/app/Http/Controllers/Org/OrganizationPageController.php,OrganizationPageController.php,.php,3224,other
code/moneyman-laravel/app/Models/AdCampaign.php,AdCampaign.php,.php,372,other
code/moneyman-laravel/app/Models/AdCreative.php,AdCreative.php,.php,213,other
code/moneyman-laravel/app/Models/AdMetricsDaily.php,AdMetricsDaily.php,.php,316,other
code/moneyman-laravel/app/Models/ApprenticeshipProgram.php,ApprenticeshipProgram.php,.php,304,other
code/moneyman-laravel/app/Models/Course.php,Course.php,.php,611,other
code/moneyman-laravel/app/Models/CourseIntake.php,CourseIntake.php,.php,358,other
code/moneyman-laravel/app/Models/Lead.php,Lead.php,.php,318,other
code/moneyman-laravel/app/Models/OrgMediaAsset.php,OrgMediaAsset.php,.php,331,other
code/moneyman-laravel/app/Models/OrganizationPage.php,OrganizationPage.php,.php,687,other
code/moneyman-laravel/database/migrations/2025_10_30_000001_create_organization_pages_table.php,2025_10_30_000001_create_organization_pages_table.php,.php,1093,other
code/moneyman-laravel/database/migrations/2025_10_30_000003_create_org_media_assets_table.php,2025_10_30_000003_create_org_media_assets_table.php,.php,995,other
code/moneyman-laravel/database/migrations/2025_10_30_000006_create_courses_table.php,2025_10_30_000006_create_courses_table.php,.php,1324,other
code/moneyman-laravel/database/migrations/2025_10_30_000007_create_course_intakes_table.php,2025_10_30_000007_create_course_intakes_table.php,.php,795,other
code/moneyman-laravel/database/migrations/2025_10_30_000008_create_apprenticeship_programs_table.php,2025_10_30_000008_create_apprenticeship_programs_table.php,.php,836,other
code/moneyman-laravel/database/migrations/2025_10_30_000009_create_leads_table.php,2025_10_30_000009_create_leads_table.php,.php,896,other
code/moneyman-laravel/database/migrations/2025_10_30_000010_create_ad_campaigns_table.php,2025_10_30_000010_create_ad_campaigns_table.php,.php,970,other
code/moneyman-laravel/database/migrations/2025_10_30_000011_create_ad_creatives_table.php,2025_10_30_000011_create_ad_creatives_table.php,.php,761,other
code/moneyman-laravel/database/migrations/2025_10_30_000012_create_ad_metrics_daily_table.php,2025_10_30_000012_create_ad_metrics_daily_table.php,.php,1033,other
code/moneyman-laravel/routes/api_org_pages_ads.php,api_org_pages_ads.php,.php,1942,other
code/router.php,router.php,.php,0,other
code/run-live-demo.php,run-live-demo.php,.php,2921,other
code/test-avatar.php,test-avatar.php,.php,817,other
code/test-deployment.php,test-deployment.php,.php,2726,other
code/tests/CreatesApplication.php,CreatesApplication.php,.php,401,other
code/tests/Feature/OnboardingChecklistTest.php,OnboardingChecklistTest.php,.php,3993,other
code/tests/TestCase.php,TestCase.php,.php,173,other
public copy/db.php,db.php,.php,0,other
public copy/index.php,index.php,.php,1786,other
template/app/Casts/EncryptedJson.php,EncryptedJson.php,.php,4026,other
template/app/Casts/ShareMetadataCast.php,ShareMetadataCast.php,.php,976,other
template/app/Console/Commands/Advertising/ReconcileSlotRevenue.php,ReconcileSlotRevenue.php,.php,505,other
template/app/Console/Commands/BackfillCandidateJourney.php,BackfillCandidateJourney.php,.php,0,other
template/app/Console/Commands/BroadcastAIMetrics.php,BroadcastAIMetrics.php,.php,1818,other
template/app/Console/Commands/Business/DispatchBusinessDigestsCommand.php,DispatchBusinessDigestsCommand.php,.php,3376,other
template/app/Console/Commands/Business/SyncGrantPackManifestCommand.php,SyncGrantPackManifestCommand.php,.php,379,other
template/app/Console/Commands/Candidate/BackfillCandidateJourney.php,BackfillCandidateJourney.php,.php,4316,other
template/app/Console/Commands/CandidateJourneyBackfillCommand.php,CandidateJourneyBackfillCommand.php,.php,0,other
template/app/Console/Commands/CaptureDashboardSnapshots.php,CaptureDashboardSnapshots.php,.php,2767,other
template/app/Console/Commands/CheckMenuCommand.php,CheckMenuCommand.php,.php,519,other
template/app/Console/Commands/CleanupNotifications.php,CleanupNotifications.php,.php,0,other
template/app/Console/Commands/GenerateAnalyticsReport.php,GenerateAnalyticsReport.php,.php,0,other
template/app/Console/Commands/Impact/CaptureImpactIndexSnapshotCommand.php,CaptureImpactIndexSnapshotCommand.php,.php,536,other
template/app/Console/Commands/ManagePaymentGateways.php,ManagePaymentGateways.php,.php,0,other
template/app/Console/Commands/MatchJobCommand.php,MatchJobCommand.php,.php,0,other
template/app/Console/Commands/NormalizeApprenticeshipCompetencySequences.php,NormalizeApprenticeshipCompetencySequences.php,.php,572,other
template/app/Console/Commands/OptimizeCache.php,OptimizeCache.php,.php,0,other
template/app/Console/Commands/OptimizeDatabaseCommand.php,OptimizeDatabaseCommand.php,.php,1983,other
template/app/Console/Commands/PrepareMoneyInboxDemoCommand.php,PrepareMoneyInboxDemoCommand.php,.php,1889,other
template/app/Console/Commands/ProcessJobAlerts.php,ProcessJobAlerts.php,.php,1775,other
template/app/Console/Commands/PronounLintCommand.php,PronounLintCommand.php,.php,2435,other
template/app/Console/Commands/Queue/WorkPrioritized.php,WorkPrioritized.php,.php,1621,other
template/app/Console/Commands/RefreshMortgageSnapshotsCommand.php,RefreshMortgageSnapshotsCommand.php,.php,1590,other
template/app/Console/Commands/ReportMortgageTelemetry.php,ReportMortgageTelemetry.php,.php,3350,other
template/app/Console/Commands/RunComprehensiveTests.php,RunComprehensiveTests.php,.php,0,other
template/app/Console/Commands/RunDreamJobMatcher.php,RunDreamJobMatcher.php,.php,1263,other
template/app/Console/Commands/RunOpportunityRadar.php,RunOpportunityRadar.php,.php,1857,other
template/app/Console/Commands/Security/ExportSecurityAuditLogsCommand.php,ExportSecurityAuditLogsCommand.php,.php,1714,other
template/app/Console/Commands/SeedAiClientAlerts.php,SeedAiClientAlerts.php,.php,4056,other
template/app/Console/Commands/SeedOnboardingInsightsSample.php,SeedOnboardingInsightsSample.php,.php,7761,other
template/app/Console/Commands/SendDailyJobDigest.php,SendDailyJobDigest.php,.php,847,other
template/app/Console/Commands/SendJobAlerts.php,SendJobAlerts.php,.php,0,other
template/app/Console/Commands/SendScholarshipReminders.php,SendScholarshipReminders.php,.php,0,other
template/app/Console/Commands/SendSubscriptionReminders.php,SendSubscriptionReminders.php,.php,873,other
template/app/Console/Commands/SyncCompanyMarketData.php,SyncCompanyMarketData.php,.php,807,other
template/app/Console/Commands/SyncHealthInsuranceRates.php,SyncHealthInsuranceRates.php,.php,1007,other
template/app/Console/Commands/TestAIIntegration.php,TestAIIntegration.php,.php,0,other
template/app/Console/Commands/TestPermissions.php,TestPermissions.php,.php,516,other
template/app/Console/Commands/WarmAllJobsCommand.php,WarmAllJobsCommand.php,.php,0,other
template/app/Console/Commands/WarmHealthCheckCommand.php,WarmHealthCheckCommand.php,.php,0,other
template/app/Console/Commands/WarmJobMatchesCommand.php,WarmJobMatchesCommand.php,.php,0,other
template/app/Console/Commands/WarmMetricsAlertCommand.php,WarmMetricsAlertCommand.php,.php,0,other
template/app/Console/Commands/WarmMetricsReportCommand.php,WarmMetricsReportCommand.php,.php,0,other
template/app/Console/Commands/WarmMetricsSnapshotCommand.php,WarmMetricsSnapshotCommand.php,.php,0,other
template/app/Console/Kernel.php,Kernel.php,.php,11541,other
template/app/Contracts/AI/TextModel.php,TextModel.php,.php,1008,other
template/app/DataTransferObjects/Dashboards/AbstractDashboardWidgetData.php,AbstractDashboardWidgetData.php,.php,278,other
template/app/DataTransferObjects/Dashboards/DashboardWidgetData.php,DashboardWidgetData.php,.php,168,other
template/app/DataTransferObjects/Dashboards/KeyedDashboardWidgetData.php,KeyedDashboardWidgetData.php,.php,497,other
template/app/DataTransferObjects/Dashboards/Widgets/CandidateCareerPulseData.php,CandidateCareerPulseData.php,.php,1221,other
template/app/DataTransferObjects/Dashboards/Widgets/CandidateOpportunityStreamData.php,CandidateOpportunityStreamData.php,.php,1429,other
template/app/DataTransferObjects/Dashboards/Widgets/CandidatePathwayProgressData.php,CandidatePathwayProgressData.php,.php,1152,other
template/app/DataTransferObjects/Dashboards/Widgets/CandidatePersonaEchoData.php,CandidatePersonaEchoData.php,.php,1079,other
template/app/DataTransferObjects/Dashboards/Widgets/CandidateWellbeingSnapshotData.php,CandidateWellbeingSnapshotData.php,.php,1272,other
template/app/DataTransferObjects/Dashboards/Widgets/CompanyEquityComplianceData.php,CompanyEquityComplianceData.php,.php,1228,other
template/app/DataTransferObjects/Dashboards/Widgets/CompanyRequisitionHealthData.php,CompanyRequisitionHealthData.php,.php,1268,other
template/app/DataTransferObjects/Impact/ImpactMetric.php,ImpactMetric.php,.php,1109,other
template/app/DataTransferObjects/OpportunityRadar/OpportunitySignal.php,OpportunitySignal.php,.php,1592,other
template/app/Enums/IdentityFlagStatus.php,IdentityFlagStatus.php,.php,253,other
template/app/Enums/JobApprovalStatus.php,JobApprovalStatus.php,.php,0,other
template/app/Enums/JobStatus.php,JobStatus.php,.php,0,other
template/app/Enums/OrganizationPageType.php,OrganizationPageType.php,.php,5956,other
template/app/Enums/UserPersona.php,UserPersona.php,.php,246,other
template/app/Enums/WomenRealEstate/CohortPersona.php,CohortPersona.php,.php,587,other
template/app/Enums/WomenRealEstate/CohortRole.php,CohortRole.php,.php,532,other
template/app/Enums/WomenRealEstate/CohortStatus.php,CohortStatus.php,.php,255,other
template/app/Enums/WomenRealEstate/DashboardWidgetType.php,DashboardWidgetType.php,.php,905,other
template/app/Enums/WomenRealEstate/GoalType.php,GoalType.php,.php,574,other
template/app/Enums/WomenRealEstate/MortgageRateSource.php,MortgageRateSource.php,.php,223,other
template/app/Enums/WomenRealEstate/PartnerIntentType.php,PartnerIntentType.php,.php,525,other
template/app/Enums/WomenRealEstate/PartnerIntentionStatus.php,PartnerIntentionStatus.php,.php,265,other
template/app/Enums/WomenRealEstate/PartnerMatchStatus.php,PartnerMatchStatus.php,.php,291,other
template/app/Enums/WomenRealEstate/PartnerProjectStatus.php,PartnerProjectStatus.php,.php,439,other
template/app/Events/AIMetricsUpdated.php,AIMetricsUpdated.php,.php,931,other
template/app/Events/LeadSubmitted.php,LeadSubmitted.php,.php,1165,other
template/app/Events/NotificationPushed.php,NotificationPushed.php,.php,797,other
template/app/Events/OrgInviteFailed.php,OrgInviteFailed.php,.php,397,other
template/app/Events/OrgInviteSent.php,OrgInviteSent.php,.php,364,other
template/app/Events/PersonaSwitched.php,PersonaSwitched.php,.php,874,other
template/app/Events/WomenRealEstate/MortgageIntelligenceAccessed.php,MortgageIntelligenceAccessed.php,.php,612,other
template/app/Exceptions/AthenaDocumentRateLimitException.php,AthenaDocumentRateLimitException.php,.php,315,other
template/app/Exceptions/Handler.php,Handler.php,.php,664,other
template/app/Exceptions/ImageDriverUnavailableException.php,ImageDriverUnavailableException.php,.php,246,other
template/app/Exports/AIAnalyticsExport.php,AIAnalyticsExport.php,.php,1925,other
template/app/Exports/BusinessCashbookEntriesExport.php,BusinessCashbookEntriesExport.php,.php,2714,other
template/app/Helpers/GlobalHelper.php,GlobalHelper.php,.php,7943,other
template/app/Http/Controllers/Account/PersonaController.php,PersonaController.php,.php,4872,other
template/app/Http/Controllers/Account/PurposeSettingsController.php,PurposeSettingsController.php,.php,6007,other
template/app/Http/Controllers/Account/SessionSecurityController.php,SessionSecurityController.php,.php,3520,other
template/app/Http/Controllers/Api/AiContextHistoryController.php,AiContextHistoryController.php,.php,2960,other
template/app/Http/Controllers/Api/ApiDocumentationController.php,ApiDocumentationController.php,.php,4318,other
template/app/Http/Controllers/Api/Business/BusinessBudgetController.php,BusinessBudgetController.php,.php,3802,other
template/app/Http/Controllers/Api/Business/BusinessCashbookAiController.php,BusinessCashbookAiController.php,.php,4491,other
template/app/Http/Controllers/Api/Business/BusinessCashbookController.php,BusinessCashbookController.php,.php,2164,other
template/app/Http/Controllers/Api/Business/BusinessCashbookEntryController.php,BusinessCashbookEntryController.php,.php,8211,other
template/app/Http/Controllers/Api/Business/BusinessCashbookExportController.php,BusinessCashbookExportController.php,.php,2204,other
template/app/Http/Controllers/Api/Business/BusinessCashbookExportStatusController.php,BusinessCashbookExportStatusController.php,.php,2757,other
template/app/Http/Controllers/Api/Business/BusinessDocumentAiController.php,BusinessDocumentAiController.php,.php,2086,other
template/app/Http/Controllers/Api/Careers/CareerInterestController.php,CareerInterestController.php,.php,5468,other
template/app/Http/Controllers/Api/FraudDetectionController.php,FraudDetectionController.php,.php,1807,other
template/app/Http/Controllers/Api/Integrations/TurboTaxProxyController.php,TurboTaxProxyController.php,.php,876,other
template/app/Http/Controllers/Api/JobRecommendationController.php,JobRecommendationController.php,.php,2224,other
template/app/Http/Controllers/Api/Money/BankAccountController.php,BankAccountController.php,.php,783,other
template/app/Http/Controllers/Api/Money/BankTransactionController.php,BankTransactionController.php,.php,18131,other
template/app/Http/Controllers/Api/Money/BankTransactionImportController.php,BankTransactionImportController.php,.php,1956,other
template/app/Http/Controllers/Api/Money/BudgetController.php,BudgetController.php,.php,2874,other
template/app/Http/Controllers/Api/Money/BundleOfferController.php,BundleOfferController.php,.php,2105,other
template/app/Http/Controllers/Api/Money/DebtController.php,DebtController.php,.php,511,other
template/app/Http/Controllers/Api/Money/UserSubscriptionController.php,UserSubscriptionController.php,.php,3008,other
template/app/Http/Controllers/Api/NLPSearchController.php,NLPSearchController.php,.php,633,other
template/app/Http/Controllers/Api/PathwayController.php,PathwayController.php,.php,1004,other
template/app/Http/Controllers/Api/PaymentGatewayController.php,PaymentGatewayController.php,.php,7786,other
template/app/Http/Controllers/Api/SkillAnalysisController.php,SkillAnalysisController.php,.php,2554,other
template/app/Http/Controllers/Api/SystemStatusController.php,SystemStatusController.php,.php,0,other
template/app/Http/Controllers/Api/V1/AdvertisingBeaconController.php,AdvertisingBeaconController.php,.php,2132,other
template/app/Http/Controllers/Api/V1/AnalyticsEventController.php,AnalyticsEventController.php,.php,1152,other
template/app/Http/Controllers/Api/V1/AnalyticsEventSummaryController.php,AnalyticsEventSummaryController.php,.php,13508,other
template/app/Http/Controllers/Api/V1/CandidateController.php,CandidateController.php,.php,6091,other
template/app/Http/Controllers/Api/V1/CandidateScholarshipApplicationController.php,CandidateScholarshipApplicationController.php,.php,0,other
template/app/Http/Controllers/Api/V1/CandidateScholarshipApplicationDocumentController.php,CandidateScholarshipApplicationDocumentController.php,.php,0,other
template/app/Http/Controllers/Api/V1/CandidateScholarshipController.php,CandidateScholarshipController.php,.php,0,other
template/app/Http/Controllers/Api/V1/CandidateScholarshipReminderController.php,CandidateScholarshipReminderController.php,.php,0,other
template/app/Http/Controllers/Api/V1/CircleDiscoveryController.php,CircleDiscoveryController.php,.php,1564,other
template/app/Http/Controllers/Api/V1/Community/CommunityEventController.php,CommunityEventController.php,.php,2852,other
template/app/Http/Controllers/Api/V1/Community/CommunityGroupController.php,CommunityGroupController.php,.php,2634,other
template/app/Http/Controllers/Api/V1/Community/CommunityImportController.php,CommunityImportController.php,.php,3897,other
template/app/Http/Controllers/Api/V1/Community/CommunityInviteController.php,CommunityInviteController.php,.php,4210,other
template/app/Http/Controllers/Api/V1/Community/CommunityListController.php,CommunityListController.php,.php,2429,other
template/app/Http/Controllers/Api/V1/Community/CommunityLiveRoomController.php,CommunityLiveRoomController.php,.php,1891,other
template/app/Http/Controllers/Api/V1/Community/CommunityMembershipController.php,CommunityMembershipController.php,.php,3276,other
template/app/Http/Controllers/Api/V1/Community/CommunityResourceController.php,CommunityResourceController.php,.php,3032,other
template/app/Http/Controllers/Api/V1/Community/MentorshipCohortController.php,MentorshipCohortController.php,.php,4320,other
template/app/Http/Controllers/Api/V1/CompanyController.php,CompanyController.php,.php,3020,other
template/app/Http/Controllers/Api/V1/ContactSyncController.php,ContactSyncController.php,.php,2571,other
template/app/Http/Controllers/Api/V1/DeviceCaptureConsentController.php,DeviceCaptureConsentController.php,.php,1524,other
template/app/Http/Controllers/Api/V1/EntertainmentController.php,EntertainmentController.php,.php,11149,other
template/app/Http/Controllers/Api/V1/FeedController.php,FeedController.php,.php,3492,other
template/app/Http/Controllers/Api/V1/Impact/PublicImpactController.php,PublicImpactController.php,.php,1571,other
template/app/Http/Controllers/Api/V1/JobController.php,JobController.php,.php,14914,other
template/app/Http/Controllers/Api/V1/MediaUploadController.php,MediaUploadController.php,.php,5828,other
template/app/Http/Controllers/Api/V1/MortgagePropertyController.php,MortgagePropertyController.php,.php,7612,other
template/app/Http/Controllers/Api/V1/NotificationController.php,NotificationController.php,.php,0,other
template/app/Http/Controllers/Api/V1/OnboardingController.php,OnboardingController.php,.php,25116,other
template/app/Http/Controllers/Api/V1/OnboardingInsightsController.php,OnboardingInsightsController.php,.php,11240,other
template/app/Http/Controllers/Api/V1/OnboardingSupportEventController.php,OnboardingSupportEventController.php,.php,6825,other
template/app/Http/Controllers/Api/V1/PersonalizedFeedController.php,PersonalizedFeedController.php,.php,1921,other
template/app/Http/Controllers/Api/V1/PrimaryPurposeApiController.php,PrimaryPurposeApiController.php,.php,5914,other
template/app/Http/Controllers/Api/V1/PropertyMortgageShareController.php,PropertyMortgageShareController.php,.php,13573,other
template/app/Http/Controllers/Api/V1/PropertySeekerController.php,PropertySeekerController.php,.php,10500,other
template/app/Http/Controllers/Api/V1/RentalInquiryController.php,RentalInquiryController.php,.php,10653,other
template/app/Http/Controllers/Api/V1/RoleDashboardTelemetryController.php,RoleDashboardTelemetryController.php,.php,945,other
template/app/Http/Controllers/Api/V1/ScholarshipController.php,ScholarshipController.php,.php,0,other
template/app/Http/Controllers/Api/Wellbeing/WellbeingArticleController.php,WellbeingArticleController.php,.php,1337,other
template/app/Http/Controllers/Api/Wellbeing/WellbeingEventController.php,WellbeingEventController.php,.php,2861,other
template/app/Http/Controllers/Api/Wellbeing/WellbeingPartnerOfferController.php,WellbeingPartnerOfferController.php,.php,2101,other
template/app/Http/Controllers/Api/Wellbeing/WellbeingTelemetryController.php,WellbeingTelemetryController.php,.php,1269,other
template/app/Http/Controllers/Api/WomenRealEstate/MortgageQuoteApiController.php,MortgageQuoteApiController.php,.php,3343,other
template/app/Http/Controllers/Api/WomenRealEstate/WomenPropertySeekerController.php,WomenPropertySeekerController.php,.php,3022,other
template/app/Http/Controllers/Api/WomenRealEstate/WomenRentalInquiryController.php,WomenRentalInquiryController.php,.php,3341,other
template/app/Http/Controllers/Automotive/AutomotiveFinanceController.php,AutomotiveFinanceController.php,.php,3489,other
template/app/Http/Controllers/BaseController.php,BaseController.php,.php,0,other
template/app/Http/Controllers/Business/BusinessAccountingDashboardController.php,BusinessAccountingDashboardController.php,.php,471,other
template/app/Http/Controllers/Business/DashboardController.php,DashboardController.php,.php,8429,other
template/app/Http/Controllers/Business/FormationStudioController.php,FormationStudioController.php,.php,285,other
template/app/Http/Controllers/Business/LegalDocumentDownloadController.php,LegalDocumentDownloadController.php,.php,1064,other
template/app/Http/Controllers/Business/LegalDocumentLabController.php,LegalDocumentLabController.php,.php,288,other
template/app/Http/Controllers/Business/NetworkLandingController.php,NetworkLandingController.php,.php,714,other
template/app/Http/Controllers/Business/TemplateDownloadController.php,TemplateDownloadController.php,.php,2161,other
template/app/Http/Controllers/Careers/CareerWishlistController.php,CareerWishlistController.php,.php,354,other
template/app/Http/Controllers/ConnectionController.php,ConnectionController.php,.php,2142,other
template/app/Http/Controllers/Controller.php,Controller.php,.php,1490,other
template/app/Http/Controllers/Dashboard/RoleDashboardController.php,RoleDashboardController.php,.php,1557,other
template/app/Http/Controllers/DashboardRouterController.php,DashboardRouterController.php,.php,3406,other
template/app/Http/Controllers/DreamJobAlertController.php,DreamJobAlertController.php,.php,1824,other
template/app/Http/Controllers/DreamJobAlertPageController.php,DreamJobAlertPageController.php,.php,2761,other
template/app/Http/Controllers/Fronted/CandidateDashboardController.php,CandidateDashboardController.php,.php,5177,other
template/app/Http/Controllers/Frontend/AIController.php,AIController.php,.php,0,other
template/app/Http/Controllers/Frontend/AboutUsPageController.php,AboutUsPageController.php,.php,514,other
template/app/Http/Controllers/Frontend/AdvancedSearchController.php,AdvancedSearchController.php,.php,7677,other
template/app/Http/Controllers/Frontend/AdvertisingAudienceSegmentController.php,AdvertisingAudienceSegmentController.php,.php,2526,other
template/app/Http/Controllers/Frontend/AdvertisingCampaignController.php,AdvertisingCampaignController.php,.php,6159,other
template/app/Http/Controllers/Frontend/AdvertisingCampaignMetricController.php,AdvertisingCampaignMetricController.php,.php,3563,other
template/app/Http/Controllers/Frontend/AdvertisingCreativeController.php,AdvertisingCreativeController.php,.php,3829,other
template/app/Http/Controllers/Frontend/AdvertisingRevenueDashboardController.php,AdvertisingRevenueDashboardController.php,.php,929,other
template/app/Http/Controllers/Frontend/AdvertisingSlotInsightController.php,AdvertisingSlotInsightController.php,.php,1076,other
template/app/Http/Controllers/Frontend/AdvertisingSlotManagementController.php,AdvertisingSlotManagementController.php,.php,1835,other
template/app/Http/Controllers/Frontend/AiConciergeController.php,AiConciergeController.php,.php,20155,other
template/app/Http/Controllers/Frontend/BundleConciergeController.php,BundleConciergeController.php,.php,1481,other
template/app/Http/Controllers/Frontend/CVBuilderController.php,CVBuilderController.php,.php,0,other
template/app/Http/Controllers/Frontend/CandidateAnalyticsController.php,CandidateAnalyticsController.php,.php,5199,other
template/app/Http/Controllers/Frontend/CandidateCareerInsightsController.php,CandidateCareerInsightsController.php,.php,1184,other
template/app/Http/Controllers/Frontend/CandidateConnectionsController.php,CandidateConnectionsController.php,.php,22893,other
template/app/Http/Controllers/Frontend/CandidateCvBuilderController.php,CandidateCvBuilderController.php,.php,17947,other
template/app/Http/Controllers/Frontend/CandidateEductionController.php,CandidateEductionController.php,.php,3775,other
template/app/Http/Controllers/Frontend/CandidateExperienceController.php,CandidateExperienceController.php,.php,4303,other
template/app/Http/Controllers/Frontend/CandidateGroupsController.php,CandidateGroupsController.php,.php,11988,other
template/app/Http/Controllers/Frontend/CandidateInvitesController.php,CandidateInvitesController.php,.php,15412,other
template/app/Http/Controllers/Frontend/CandidateJobAlertController.php,CandidateJobAlertController.php,.php,10615,other
template/app/Http/Controllers/Frontend/CandidateJobBookmarkController.php,CandidateJobBookmarkController.php,.php,1897,other
template/app/Http/Controllers/Frontend/CandidateMyJobController.php,CandidateMyJobController.php,.php,460,other
template/app/Http/Controllers/Frontend/CandidateNotificationsController.php,CandidateNotificationsController.php,.php,3173,other
template/app/Http/Controllers/Frontend/CandidateOnboardingController.php,CandidateOnboardingController.php,.php,674,other
template/app/Http/Controllers/Frontend/CareerInsightsController.php,CareerInsightsController.php,.php,0,other
template/app/Http/Controllers/Frontend/CheckoutPageController.php,CheckoutPageController.php,.php,659,other
template/app/Http/Controllers/Frontend/CompanyApprenticeshipController.php,CompanyApprenticeshipController.php,.php,4012,other
template/app/Http/Controllers/Frontend/CompanyDashboardController.php,CompanyDashboardController.php,.php,12884,other
template/app/Http/Controllers/Frontend/CompanyEducationController.php,CompanyEducationController.php,.php,0,other
template/app/Http/Controllers/Frontend/CompanyLeadController.php,CompanyLeadController.php,.php,8202,other
template/app/Http/Controllers/Frontend/CompanyOrderController.php,CompanyOrderController.php,.php,2433,other
template/app/Http/Controllers/Frontend/ContactController.php,ContactController.php,.php,733,other
template/app/Http/Controllers/Frontend/FeedController.php,FeedController.php,.php,1012,other
template/app/Http/Controllers/Frontend/FinancialWellnessController.php,FinancialWellnessController.php,.php,59077,other
template/app/Http/Controllers/Frontend/FrontendCandidatePageController.php,FrontendCandidatePageController.php,.php,1478,other
template/app/Http/Controllers/Frontend/FrontendCompanyPageController.php,FrontendCompanyPageController.php,.php,3389,other
template/app/Http/Controllers/Frontend/FrontendJobPageController.php,FrontendJobPageController.php,.php,5872,other
template/app/Http/Controllers/Frontend/FrontendOrganizationPageController.php,FrontendOrganizationPageController.php,.php,0,other
template/app/Http/Controllers/Frontend/GamificationController.php,GamificationController.php,.php,6128,other
template/app/Http/Controllers/Frontend/GrantExperienceController.php,GrantExperienceController.php,.php,13030,other
template/app/Http/Controllers/Frontend/HealthFitnessController.php,HealthFitnessController.php,.php,1178,other
template/app/Http/Controllers/Frontend/HomeController.php,HomeController.php,.php,10008,other
template/app/Http/Controllers/Frontend/HousingExperienceController.php,HousingExperienceController.php,.php,22161,other
template/app/Http/Controllers/Frontend/IdentityAppealController.php,IdentityAppealController.php,.php,1725,other
template/app/Http/Controllers/Frontend/ImpactDashboardController.php,ImpactDashboardController.php,.php,511,other
template/app/Http/Controllers/Frontend/InterviewCoachController.php,InterviewCoachController.php,.php,7226,other
template/app/Http/Controllers/Frontend/JobMatchController.php,JobMatchController.php,.php,1580,other
template/app/Http/Controllers/Frontend/LocationController.php,LocationController.php,.php,1140,other
template/app/Http/Controllers/Frontend/OrgCourseController.php,OrgCourseController.php,.php,6750,other
template/app/Http/Controllers/Frontend/OrgMediaStreamController.php,OrgMediaStreamController.php,.php,2399,other
template/app/Http/Controllers/Frontend/OrganizationLeadController.php,OrganizationLeadController.php,.php,1692,other
template/app/Http/Controllers/Frontend/OrganizationPageController.php,OrganizationPageController.php,.php,1485,other
template/app/Http/Controllers/Frontend/OskoPayIDController.php,OskoPayIDController.php,.php,0,other
template/app/Http/Controllers/Frontend/PricingPageController.php,PricingPageController.php,.php,558,other
template/app/Http/Controllers/Frontend/ResumeParserController.php,ResumeParserController.php,.php,2765,other
template/app/Http/Controllers/Frontend/SkillGapController.php,SkillGapController.php,.php,8836,other
template/app/Http/Controllers/Frontend/TelemetryDashboardController.php,TelemetryDashboardController.php,.php,9235,other
template/app/Http/Controllers/Frontend/WellnessHubController.php,WellnessHubController.php,.php,21316,other
template/app/Http/Controllers/Frontend/jobController.php,jobController.php,.php,10946,other
template/app/Http/Controllers/GroupController.php,GroupController.php,.php,929,other
template/app/Http/Controllers/Growth/ReferralController.php,ReferralController.php,.php,1809,other
template/app/Http/Controllers/Impact/RoleDashboardImpactController.php,RoleDashboardImpactController.php,.php,1003,other
template/app/Http/Controllers/InviteController.php,InviteController.php,.php,1929,other
template/app/Http/Controllers/Member/CivicOpportunitiesController.php,CivicOpportunitiesController.php,.php,1066,other
template/app/Http/Controllers/Member/DashboardController.php,DashboardController.php,.php,12490,other
template/app/Http/Controllers/Member/PathwayController.php,PathwayController.php,.php,2102,other
template/app/Http/Controllers/Money/BudgetDashboardController.php,BudgetDashboardController.php,.php,1148,other
template/app/Http/Controllers/Money/TaxController.php,TaxController.php,.php,3563,other
template/app/Http/Controllers/Money/TurboTaxController.php,TurboTaxController.php,.php,861,other
template/app/Http/Controllers/NotificationController.php,NotificationController.php,.php,1059,other
template/app/Http/Controllers/Org/AdCampaignController.php,AdCampaignController.php,.php,10961,other
template/app/Http/Controllers/Org/AdCreativeController.php,AdCreativeController.php,.php,4046,other
template/app/Http/Controllers/Org/ApprenticeshipCompetencyController.php,ApprenticeshipCompetencyController.php,.php,0,other
template/app/Http/Controllers/Org/ApprenticeshipDashboardController.php,ApprenticeshipDashboardController.php,.php,0,other
template/app/Http/Controllers/Org/ApprenticeshipProgressController.php,ApprenticeshipProgressController.php,.php,0,other
template/app/Http/Controllers/Org/CourseController.php,CourseController.php,.php,5578,other
template/app/Http/Controllers/Org/EducationDashboardController.php,EducationDashboardController.php,.php,0,other
template/app/Http/Controllers/Org/IntakeController.php,IntakeController.php,.php,0,other
template/app/Http/Controllers/Org/OrgMediaController.php,OrgMediaController.php,.php,1104,other
template/app/Http/Controllers/Org/OrganizationPageController.php,OrganizationPageController.php,.php,4001,other
template/app/Http/Controllers/Partner/PartnerDashboardController.php,PartnerDashboardController.php,.php,1022,other
template/app/Http/Controllers/PublicSector/AgencyDashboardController.php,AgencyDashboardController.php,.php,5967,other
template/app/Http/Controllers/PublicSector/DashboardController.php,DashboardController.php,.php,3269,other
template/app/Http/Controllers/PublicSector/MissionBriefAiController.php,MissionBriefAiController.php,.php,4132,other
template/app/Http/Controllers/PublicSector/OpportunityController.php,OpportunityController.php,.php,2919,other
template/app/Http/Controllers/PublicSector/OpportunityEngagementController.php,OpportunityEngagementController.php,.php,1574,other
template/app/Http/Controllers/PublicSector/ProcurementPipelineController.php,ProcurementPipelineController.php,.php,1830,other
template/app/Http/Controllers/TafeUniversity/DashboardController.php,DashboardController.php,.php,5197,other
template/app/Http/Controllers/TafeUniversity/InstitutionController.php,InstitutionController.php,.php,1276,other
template/app/Http/Controllers/TafeUniversity/ProgramController.php,ProgramController.php,.php,3897,other
template/app/Http/Controllers/TafeUniversity/ProgramJourneyController.php,ProgramJourneyController.php,.php,1973,other
template/app/Http/Controllers/Trades/ApprenticeshipController.php,ApprenticeshipController.php,.php,2447,other
template/app/Http/Controllers/Trades/DashboardController.php,DashboardController.php,.php,810,other
template/app/Http/Controllers/Wellbeing/WellbeingDashboardController.php,WellbeingDashboardController.php,.php,1065,other
template/app/Http/Controllers/WomenRealEstate/AgentPulseController.php,AgentPulseController.php,.php,625,other
template/app/Http/Controllers/WomenRealEstate/CohortTimelineController.php,CohortTimelineController.php,.php,592,other
template/app/Http/Controllers/WomenRealEstate/LearningPathController.php,LearningPathController.php,.php,7131,other
template/app/Http/Controllers/WomenRealEstate/MortgageQuoteController.php,MortgageQuoteController.php,.php,4278,other
template/app/Http/Controllers/WomenRealEstate/RentalController.php,RentalController.php,.php,564,other
template/app/Http/Kernel.php,Kernel.php,.php,4104,other
template/app/Http/Middleware/AIIntegrationMiddleware.php,AIIntegrationMiddleware.php,.php,0,other
template/app/Http/Middleware/APIRateLimit.php,APIRateLimit.php,.php,0,other
template/app/Http/Middleware/CaptureMarketingAttribution.php,CaptureMarketingAttribution.php,.php,891,other
template/app/Http/Middleware/EncryptCookies.php,EncryptCookies.php,.php,387,other
template/app/Http/Middleware/EnsureIntentAccess.php,EnsureIntentAccess.php,.php,1363,other
template/app/Http/Middleware/EnsureOnboardingCompleted.php,EnsureOnboardingCompleted.php,.php,3518,other
template/app/Http/Middleware/EnsureRealEstateOnboarded.php,EnsureRealEstateOnboarded.php,.php,677,other
template/app/Http/Middleware/EnsureRouteSecurity.php,EnsureRouteSecurity.php,.php,4607,other
template/app/Http/Middleware/EnsureTwoFactorConfirmed.php,EnsureTwoFactorConfirmed.php,.php,3233,other
template/app/Http/Middleware/JobApplicationRateLimit.php,JobApplicationRateLimit.php,.php,0,other
template/app/Http/Middleware/PerformanceMonitoringMiddleware.php,PerformanceMonitoringMiddleware.php,.php,0,other
template/app/Http/Middleware/PreventRequestsDuringMaintenance.php,PreventRequestsDuringMaintenance.php,.php,464,other
template/app/Http/Middleware/ScanForSensitiveData.php,ScanForSensitiveData.php,.php,6624,other
template/app/Http/Middleware/SecurityHeaders.php,SecurityHeaders.php,.php,2849,other
template/app/Http/Middleware/TrackSessionSecurity.php,TrackSessionSecurity.php,.php,1217,other
template/app/Http/Middleware/TrimStrings.php,TrimStrings.php,.php,458,other
template/app/Http/Middleware/TrustHosts.php,TrustHosts.php,.php,510,other
template/app/Http/Middleware/TrustProxies.php,TrustProxies.php,.php,727,other
template/app/Http/Middleware/UserRoleMiddleware.php,UserRoleMiddleware.php,.php,1471,other
template/app/Http/Middleware/ValidateSignature.php,ValidateSignature.php,.php,543,other
template/app/Http/Middleware/XSSProtection.php,XSSProtection.php,.php,0,other
template/app/Http/Requests/Advertising/StoreAudienceSegmentRequest.php,StoreAudienceSegmentRequest.php,.php,2910,other
template/app/Http/Requests/Advertising/StoreCampaignMetricRequest.php,StoreCampaignMetricRequest.php,.php,1338,other
template/app/Http/Requests/Advertising/StoreCampaignRequest.php,StoreCampaignRequest.php,.php,6999,other
template/app/Http/Requests/Advertising/StoreCreativeRequest.php,StoreCreativeRequest.php,.php,2280,other
template/app/Http/Requests/Advertising/UpdateCampaignMetricRequest.php,UpdateCampaignMetricRequest.php,.php,1339,other
template/app/Http/Requests/Advertising/UpdateCampaignRequest.php,UpdateCampaignRequest.php,.php,2059,other
template/app/Http/Requests/Advertising/UpdateCreativeRequest.php,UpdateCreativeRequest.php,.php,2281,other
template/app/Http/Requests/Api/TrackAnalyticsEventRequest.php,TrackAnalyticsEventRequest.php,.php,1176,other
template/app/Http/Requests/Frontend/CandidateAccountInfoUpdateRequest.php,CandidateAccountInfoUpdateRequest.php,.php,751,other
template/app/Http/Requests/Frontend/CandidateEducationStoreRequest.php,CandidateEducationStoreRequest.php,.php,363,other
template/app/Http/Requests/Frontend/CandidateExperienceStoreRequest.php,CandidateExperienceStoreRequest.php,.php,631,other
template/app/Http/Requests/Frontend/CandidatePersonalityVideoUploadRequest.php,CandidatePersonalityVideoUploadRequest.php,.php,0,other
template/app/Http/Requests/Frontend/CandidateWomenInfoUpdateRequest.php,CandidateWomenInfoUpdateRequest.php,.php,0,other
template/app/Http/Requests/Frontend/CompanyFoundingInfoUpdateRequest.php,CompanyFoundingInfoUpdateRequest.php,.php,648,other
template/app/Http/Requests/Frontend/CompanyInfoUpdateRequest.php,CompanyInfoUpdateRequest.php,.php,436,other
template/app/Http/Requests/Frontend/JobCreateRequest.php,JobCreateRequest.php,.php,893,other
template/app/Http/Requests/Frontend/StoreOrganizationLeadRequest.php,StoreOrganizationLeadRequest.php,.php,3150,other
template/app/Http/Requests/Grants/UpdateGrantApplicationRequest.php,UpdateGrantApplicationRequest.php,.php,1264,other
template/app/Http/Requests/Lead/StoreLeadNoteRequest.php,StoreLeadNoteRequest.php,.php,0,other
template/app/Http/Requests/Lead/UpdateLeadNoteRequest.php,UpdateLeadNoteRequest.php,.php,0,other
template/app/Http/Requests/Lead/UpdateLeadStatusRequest.php,UpdateLeadStatusRequest.php,.php,624,other
template/app/Http/Requests/Onboarding/UpdatePersonasRequest.php,UpdatePersonasRequest.php,.php,585,other
template/app/Http/Requests/Org/StoreAdCampaignRequest.php,StoreAdCampaignRequest.php,.php,2582,other
template/app/Http/Requests/Org/StoreAdCreativeRequest.php,StoreAdCreativeRequest.php,.php,2321,other
template/app/Http/Requests/Org/StoreApprenticeshipCompetencyRequest.php,StoreApprenticeshipCompetencyRequest.php,.php,0,other
template/app/Http/Requests/Org/UpdateAdCampaignRequest.php,UpdateAdCampaignRequest.php,.php,2080,other
template/app/Http/Requests/Org/UpdateAdCreativeRequest.php,UpdateAdCreativeRequest.php,.php,2208,other
template/app/Http/Requests/Org/UpdateApprenticeshipCompetencyRequest.php,UpdateApprenticeshipCompetencyRequest.php,.php,0,other
template/app/Http/Requests/Org/UpdateApprenticeshipProgressRecordRequest.php,UpdateApprenticeshipProgressRecordRequest.php,.php,0,other
template/app/Http/Requests/Scholarships/CandidateScholarshipApplicationDocumentStoreRequest.php,CandidateScholarshipApplicationDocumentStoreRequest.php,.php,0,other
template/app/Http/Requests/Scholarships/CandidateScholarshipApplicationDocumentUpdateRequest.php,CandidateScholarshipApplicationDocumentUpdateRequest.php,.php,0,other
template/app/Http/Requests/Scholarships/CandidateScholarshipApplicationIndexRequest.php,CandidateScholarshipApplicationIndexRequest.php,.php,0,other
template/app/Http/Requests/Scholarships/CandidateScholarshipApplicationSaveRequest.php,CandidateScholarshipApplicationSaveRequest.php,.php,0,other
template/app/Http/Requests/Scholarships/CandidateScholarshipApplicationSubmitRequest.php,CandidateScholarshipApplicationSubmitRequest.php,.php,0,other
template/app/Http/Requests/Scholarships/CandidateScholarshipMatchIndexRequest.php,CandidateScholarshipMatchIndexRequest.php,.php,0,other
template/app/Http/Requests/Scholarships/CandidateScholarshipReminderStoreRequest.php,CandidateScholarshipReminderStoreRequest.php,.php,0,other
template/app/Http/Requests/Scholarships/CandidateScholarshipReminderUpdateRequest.php,CandidateScholarshipReminderUpdateRequest.php,.php,0,other
template/app/Http/Requests/Scholarships/CandidateScholarshipSavedIndexRequest.php,CandidateScholarshipSavedIndexRequest.php,.php,0,other
template/app/Http/Requests/Scholarships/ScholarshipIndexRequest.php,ScholarshipIndexRequest.php,.php,0,other
template/app/Http/Requests/StoreDreamJobAlertRequest.php,StoreDreamJobAlertRequest.php,.php,1116,other
template/app/Http/Requests/StorePersonaRequest.php,StorePersonaRequest.php,.php,2350,other
template/app/Http/Requests/UpdateDreamJobAlertRequest.php,UpdateDreamJobAlertRequest.php,.php,1270,other
template/app/Http/Requests/UpdatePersonaRequest.php,UpdatePersonaRequest.php,.php,969,other
template/app/Http/Resources/ApprenticeshipCompetencyResource.php,ApprenticeshipCompetencyResource.php,.php,0,other
template/app/Http/Resources/ApprenticeshipProgramResource.php,ApprenticeshipProgramResource.php,.php,1051,other
template/app/Http/Resources/ApprenticeshipProgressRecordResource.php,ApprenticeshipProgressRecordResource.php,.php,0,other
template/app/Http/Resources/BundleOfferLineItemResource.php,BundleOfferLineItemResource.php,.php,1122,other
template/app/Http/Resources/BundleOfferResource.php,BundleOfferResource.php,.php,1978,other
template/app/Http/Resources/Business/BusinessCashbookEntryResource.php,BusinessCashbookEntryResource.php,.php,1308,other
template/app/Http/Resources/CandidateScholarshipMatchResource.php,CandidateScholarshipMatchResource.php,.php,0,other
template/app/Http/Resources/CourseIntakeResource.php,CourseIntakeResource.php,.php,760,other
template/app/Http/Resources/CourseResource.php,CourseResource.php,.php,2123,other
template/app/Http/Resources/IncidentReportResource.php,IncidentReportResource.php,.php,1974,other
template/app/Http/Resources/Money/BankAccountResource.php,BankAccountResource.php,.php,813,other
template/app/Http/Resources/Money/BankTransactionResource.php,BankTransactionResource.php,.php,2518,other
template/app/Http/Resources/Org/AdCampaignResource.php,AdCampaignResource.php,.php,2524,other
template/app/Http/Resources/Org/AdCreativeResource.php,AdCreativeResource.php,.php,2027,other
template/app/Http/Resources/Org/AdMetricsDailyResource.php,AdMetricsDailyResource.php,.php,957,other
template/app/Http/Resources/OrganizationSummaryResource.php,OrganizationSummaryResource.php,.php,884,other
template/app/Http/Resources/ScholarshipApplicationDocumentResource.php,ScholarshipApplicationDocumentResource.php,.php,0,other
template/app/Http/Resources/ScholarshipApplicationResource.php,ScholarshipApplicationResource.php,.php,0,other
template/app/Http/Resources/ScholarshipReminderResource.php,ScholarshipReminderResource.php,.php,0,other
template/app/Http/Resources/ScholarshipResource.php,ScholarshipResource.php,.php,0,other
template/app/Http/Responses/CsvResponse.php,CsvResponse.php,.php,378,other
template/app/Http/Responses/CsvStreamedResponse.php,CsvStreamedResponse.php,.php,402,other
template/app/Http/Responses/PlainCsvResponse.php,PlainCsvResponse.php,.php,649,other
template/app/Http/Responses/PlainCsvStreamedResponse.php,PlainCsvStreamedResponse.php,.php,770,other
template/app/Jobs/BackfillCandidateJourneyBatch.php,BackfillCandidateJourneyBatch.php,.php,920,other
template/app/Jobs/BackfillCandidateJourneyChunk.php,BackfillCandidateJourneyChunk.php,.php,881,other
template/app/Jobs/BatchJobMatchingJob.php,BatchJobMatchingJob.php,.php,699,other
template/app/Jobs/BatchProcessResumesJob.php,BatchProcessResumesJob.php,.php,684,other
template/app/Jobs/Business/SendBusinessDigestJob.php,SendBusinessDigestJob.php,.php,1009,other
template/app/Jobs/CategorizeBusinessEntriesWithAI.php,CategorizeBusinessEntriesWithAI.php,.php,686,other
template/app/Jobs/GenerateCandidateScholarshipMatchesJob.php,GenerateCandidateScholarshipMatchesJob.php,.php,0,other
template/app/Jobs/GenerateCareerInsightsJob.php,GenerateCareerInsightsJob.php,.php,559,other
template/app/Jobs/GenerateImpactReport.php,GenerateImpactReport.php,.php,1088,other
template/app/Jobs/Money/ImportUserSubscriptionsJob.php,ImportUserSubscriptionsJob.php,.php,3603,other
template/app/Jobs/Mortgage/IngestMortgageDataJob.php,IngestMortgageDataJob.php,.php,1291,other
template/app/Jobs/Mortgage/MortgageUXHookJob.php,MortgageUXHookJob.php,.php,591,other
template/app/Jobs/Mortgage/ScoreMortgageApplicationJob.php,ScoreMortgageApplicationJob.php,.php,551,other
template/app/Jobs/Mortgage/UpdateRepaymentCalculatorJob.php,UpdateRepaymentCalculatorJob.php,.php,540,other
template/app/Jobs/NotifyMortgageTelemetryThreshold.php,NotifyMortgageTelemetryThreshold.php,.php,641,other
template/app/Jobs/PersistAnalyticsEvent.php,PersistAnalyticsEvent.php,.php,792,other
template/app/Jobs/ProcessBusinessCashbookExport.php,ProcessBusinessCashbookExport.php,.php,2475,other
template/app/Jobs/ProcessOrgMediaAsset.php,ProcessOrgMediaAsset.php,.php,1470,other
template/app/Jobs/ProcessResumeParsingJob.php,ProcessResumeParsingJob.php,.php,635,other
template/app/Jobs/RefreshJobMatchesJob.php,RefreshJobMatchesJob.php,.php,305,other
template/app/Jobs/RefreshMortgageRateSnapshotsJob.php,RefreshMortgageRateSnapshotsJob.php,.php,679,other
template/app/Jobs/RetryAIOperation.php,RetryAIOperation.php,.php,719,other
template/app/Jobs/RunDreamJobMatcherJob.php,RunDreamJobMatcherJob.php,.php,623,other
template/app/Jobs/ScanUploadedMedia.php,ScanUploadedMedia.php,.php,2426,other
template/app/Jobs/SyncCashbookInsights.php,SyncCashbookInsights.php,.php,770,other
template/app/Jobs/TranscodeUploadedMedia.php,TranscodeUploadedMedia.php,.php,1349,other
template/app/Jobs/WarmCandidateJobMatches.php,WarmCandidateJobMatches.php,.php,1669,other
template/app/Jobs/WarmJobCandidateMatches.php,WarmJobCandidateMatches.php,.php,0,other
template/app/Jobs/WomenRealEstate/DispatchLicenseExpiryRemindersJob.php,DispatchLicenseExpiryRemindersJob.php,.php,756,other
template/app/Listeners/EmitPrivacyTierChangedAnalytics.php,EmitPrivacyTierChangedAnalytics.php,.php,783,other
template/app/Listeners/MarkOrgInviteFailed.php,MarkOrgInviteFailed.php,.php,1024,other
template/app/Listeners/MarkOrgInviteSent.php,MarkOrgInviteSent.php,.php,864,other
template/app/Listeners/SendLeadConfirmationToCandidate.php,SendLeadConfirmationToCandidate.php,.php,229,other
template/app/Listeners/SendOrgInviteFailureNotifications.php,SendOrgInviteFailureNotifications.php,.php,0,other
template/app/Listeners/SendOrgInviteSuccessNotifications.php,SendOrgInviteSuccessNotifications.php,.php,0,other
template/app/Listeners/TrackLeadSubmission.php,TrackLeadSubmission.php,.php,145,other
template/app/Listeners/WomenRealEstate/RecordMortgageIntelligenceAccess.php,RecordMortgageIntelligenceAccess.php,.php,903,other
template/app/Livewire/Agents/DocumentUploader.php,DocumentUploader.php,.php,3716,other
template/app/Livewire/Business/BusinessFormationStudio.php,BusinessFormationStudio.php,.php,19876,other
template/app/Livewire/Business/DigestWidget.php,DigestWidget.php,.php,2105,other
template/app/Livewire/Business/FormationStudio.php,FormationStudio.php,.php,5925,other
template/app/Livewire/Business/LegalDocumentLab.php,LegalDocumentLab.php,.php,7568,other
template/app/Livewire/Cohorts/Dashboard.php,Dashboard.php,.php,12489,other
template/app/Livewire/Cohorts/MentorMatches.php,MentorMatches.php,.php,1420,other
template/app/Livewire/Cohorts/Timeline.php,Timeline.php,.php,2225,other
template/app/Livewire/DashboardOpportunityStreams.php,DashboardOpportunityStreams.php,.php,1511,other
template/app/Livewire/DashboardPersonaEchoes.php,DashboardPersonaEchoes.php,.php,3274,other
template/app/Livewire/Goals/Tracker.php,Tracker.php,.php,1574,other
template/app/Livewire/Mortgage/Widget.php,Widget.php,.php,1574,other
template/app/Livewire/Partners/Opportunities.php,Opportunities.php,.php,3056,other
template/app/Livewire/SystemStatusMonitor.php,SystemStatusMonitor.php,.php,651,other
template/app/Livewire/WomenRealEstate/Househunters/PropertyMatches.php,PropertyMatches.php,.php,0,other
template/app/Livewire/WomenRealEstate/Onboarding/JourneyHub.php,JourneyHub.php,.php,19472,other
template/app/Livewire/WomenRealEstate/Onboarding/UserMediaLibrary.php,UserMediaLibrary.php,.php,5530,other
template/app/Livewire/WomenRealEstate/Personas/Wizard.php,Wizard.php,.php,29129,other
template/app/Models/AIClientAlert.php,AIClientAlert.php,.php,2971,other
template/app/Models/AIInferenceLog.php,AIInferenceLog.php,.php,3296,other
template/app/Models/About.php,About.php,.php,1479,other
template/app/Models/AdCampaign.php,AdCampaign.php,.php,4624,other
template/app/Models/AdCreative.php,AdCreative.php,.php,2831,other
template/app/Models/AdMetricsDaily.php,AdMetricsDaily.php,.php,2613,other
template/app/Models/AdvertisingAudienceSegment.php,AdvertisingAudienceSegment.php,.php,3381,other
template/app/Models/AdvertisingCampaign.php,AdvertisingCampaign.php,.php,5692,other
template/app/Models/AdvertisingCampaignMetric.php,AdvertisingCampaignMetric.php,.php,3734,other
template/app/Models/AdvertisingCreative.php,AdvertisingCreative.php,.php,5922,other
template/app/Models/AdvertisingSlot.php,AdvertisingSlot.php,.php,6695,other
template/app/Models/AdvertisingSlotRevenueSnapshot.php,AdvertisingSlotRevenueSnapshot.php,.php,3116,other
template/app/Models/Aminity.php,Aminity.php,.php,1879,other
template/app/Models/AminityTranslation.php,AminityTranslation.php,.php,754,other
template/app/Models/AnalyticsEvent.php,AnalyticsEvent.php,.php,2143,other
template/app/Models/AppliedJob.php,AppliedJob.php,.php,1630,other
template/app/Models/ApprenticeshipCompetency.php,ApprenticeshipCompetency.php,.php,4867,other
template/app/Models/ApprenticeshipProgram.php,ApprenticeshipProgram.php,.php,4480,other
template/app/Models/ApprenticeshipProgressRecord.php,ApprenticeshipProgressRecord.php,.php,3872,other
template/app/Models/Badge.php,Badge.php,.php,4284,other
template/app/Models/BankAccount.php,BankAccount.php,.php,2959,other
template/app/Models/BankTransaction.php,BankTransaction.php,.php,4530,other
template/app/Models/BankTransactionContext.php,BankTransactionContext.php,.php,2950,other
template/app/Models/Benefits.php,Benefits.php,.php,1193,other
template/app/Models/BillingCharge.php,BillingCharge.php,.php,2896,other
template/app/Models/BillingMeter.php,BillingMeter.php,.php,3270,other
template/app/Models/Budget.php,Budget.php,.php,2334,other
template/app/Models/BudgetCategory.php,BudgetCategory.php,.php,2700,other
template/app/Models/BudgetItem.php,BudgetItem.php,.php,2081,other
template/app/Models/BudgetTransaction.php,BudgetTransaction.php,.php,2860,other
template/app/Models/BundleOffer.php,BundleOffer.php,.php,5172,other
template/app/Models/BundleOfferLineItem.php,BundleOfferLineItem.php,.php,3104,other
template/app/Models/Business/BusinessMilestone.php,BusinessMilestone.php,.php,3657,other
template/app/Models/Business/BusinessResource.php,BusinessResource.php,.php,6861,other
template/app/Models/BusinessBudget.php,BusinessBudget.php,.php,2673,other
template/app/Models/BusinessBudgetLine.php,BusinessBudgetLine.php,.php,2430,other
template/app/Models/BusinessCashbook.php,BusinessCashbook.php,.php,3224,other
template/app/Models/BusinessCashbookEntry.php,BusinessCashbookEntry.php,.php,3557,other
template/app/Models/BusinessDisclaimerAcceptance.php,BusinessDisclaimerAcceptance.php,.php,2052,other
template/app/Models/Candidate.php,Candidate.php,.php,11478,other
template/app/Models/CandidateBadge.php,CandidateBadge.php,.php,3067,other
template/app/Models/CandidateCV.php,CandidateCV.php,.php,10500,other
template/app/Models/CandidateChallenge.php,CandidateChallenge.php,.php,5139,other
template/app/Models/CandidateEducation.php,CandidateEducation.php,.php,1991,other
template/app/Models/CandidateExperience.php,CandidateExperience.php,.php,2159,other
template/app/Models/CandidateGroup.php,CandidateGroup.php,.php,0,other
template/app/Models/CandidateJobAlert.php,CandidateJobAlert.php,.php,7727,other
template/app/Models/CandidateJourneyKpiSnapshot.php,CandidateJourneyKpiSnapshot.php,.php,0,other
template/app/Models/CandidateLanguage.php,CandidateLanguage.php,.php,1531,other
template/app/Models/CandidateLearningProgress.php,CandidateLearningProgress.php,.php,6742,other
template/app/Models/CandidateMilestone.php,CandidateMilestone.php,.php,2493,other
template/app/Models/CandidatePhoto.php,CandidatePhoto.php,.php,426,other
template/app/Models/CandidatePoint.php,CandidatePoint.php,.php,8312,other
template/app/Models/CandidatePoints.php,CandidatePoints.php,.php,9118,other
template/app/Models/CandidateQualification.php,CandidateQualification.php,.php,458,other
template/app/Models/CandidateResumeSnapshot.php,CandidateResumeSnapshot.php,.php,0,other
template/app/Models/CandidateScholarshipMatch.php,CandidateScholarshipMatch.php,.php,0,other
template/app/Models/CandidateSkill.php,CandidateSkill.php,.php,1820,other
template/app/Models/CandidateVideo.php,CandidateVideo.php,.php,426,other
template/app/Models/CareerIntelligenceSnapshot.php,CareerIntelligenceSnapshot.php,.php,3069,other
template/app/Models/CareerInterest.php,CareerInterest.php,.php,5914,other
template/app/Models/CdnLatencySample.php,CdnLatencySample.php,.php,2217,other
template/app/Models/Challenge.php,Challenge.php,.php,6455,other
template/app/Models/City.php,City.php,.php,1855,other
template/app/Models/CivicOpportunitySignup.php,CivicOpportunitySignup.php,.php,2959,other
template/app/Models/CommerceChannel.php,CommerceChannel.php,.php,3334,other
template/app/Models/CommerceCollection.php,CommerceCollection.php,.php,3042,other
template/app/Models/CommerceOrder.php,CommerceOrder.php,.php,4427,other
template/app/Models/CommerceOrderEvent.php,CommerceOrderEvent.php,.php,2357,other
template/app/Models/CommerceOrderItem.php,CommerceOrderItem.php,.php,3320,other
template/app/Models/CommercePayoutBatch.php,CommercePayoutBatch.php,.php,2704,other
template/app/Models/CommerceProduct.php,CommerceProduct.php,.php,4491,other
template/app/Models/CommerceProductVariant.php,CommerceProductVariant.php,.php,2589,other
template/app/Models/CommunityChapter.php,CommunityChapter.php,.php,4012,other
template/app/Models/CommunityEvent.php,CommunityEvent.php,.php,5102,other
template/app/Models/CommunityGroup.php,CommunityGroup.php,.php,8247,other
template/app/Models/CommunityInvite.php,CommunityInvite.php,.php,3977,other
template/app/Models/CommunityList.php,CommunityList.php,.php,3429,other
template/app/Models/CommunityListEntry.php,CommunityListEntry.php,.php,2523,other
template/app/Models/CommunityLiveRoom.php,CommunityLiveRoom.php,.php,3826,other
template/app/Models/CommunityMembership.php,CommunityMembership.php,.php,4901,other
template/app/Models/CommunityResource.php,CommunityResource.php,.php,3851,other
template/app/Models/CommunityRole.php,CommunityRole.php,.php,2998,other
template/app/Models/Company.php,Company.php,.php,15106,other
template/app/Models/ComplianceAudit.php,ComplianceAudit.php,.php,2775,other
template/app/Models/ComplianceTracker.php,ComplianceTracker.php,.php,3401,other
template/app/Models/Connection.php,Connection.php,.php,5800,other
template/app/Models/ConnectionActivityLog.php,ConnectionActivityLog.php,.php,2606,other
template/app/Models/ConsentLog.php,ConsentLog.php,.php,3143,other
template/app/Models/ContactSyncContact.php,ContactSyncContact.php,.php,2891,other
template/app/Models/ContactSyncSession.php,ContactSyncSession.php,.php,3683,other
template/app/Models/Counter.php,Counter.php,.php,2191,other
template/app/Models/Country.php,Country.php,.php,1462,other
template/app/Models/CountryState.php,CountryState.php,.php,978,other
template/app/Models/Course.php,Course.php,.php,6156,other
template/app/Models/CourseIntake.php,CourseIntake.php,.php,3135,other
template/app/Models/CreatorPayout.php,CreatorPayout.php,.php,2892,other
template/app/Models/CustomPageBuilder.php,CustomPageBuilder.php,.php,2110,other
template/app/Models/Dealer.php,Dealer.php,.php,3834,other
template/app/Models/Debt.php,Debt.php,.php,2058,other
template/app/Models/DebtSubmission.php,DebtSubmission.php,.php,2791,other
template/app/Models/DeviceCaptureConsent.php,DeviceCaptureConsent.php,.php,2445,other
template/app/Models/DreamJobAlert.php,DreamJobAlert.php,.php,851,other
template/app/Models/DriverLicenseType.php,DriverLicenseType.php,.php,1734,other
template/app/Models/Education.php,Education.php,.php,1954,other
template/app/Models/Entertainment/Documentary.php,Documentary.php,.php,8289,other
template/app/Models/Entertainment/EducationalVideo.php,EducationalVideo.php,.php,8534,other
template/app/Models/Entertainment/EntertainmentBase.php,EntertainmentBase.php,.php,8057,other
template/app/Models/Entertainment/Movie.php,Movie.php,.php,8266,other
template/app/Models/Entertainment/ShortVideo.php,ShortVideo.php,.php,8297,other
template/app/Models/Entertainment/SuccessStory.php,SuccessStory.php,.php,8498,other
template/app/Models/Ethnicity.php,Ethnicity.php,.php,1346,other
template/app/Models/Experience.php,Experience.php,.php,1087,other
template/app/Models/FinanceApplication.php,FinanceApplication.php,.php,2891,other
template/app/Models/Footer.php,Footer.php,.php,1363,other
template/app/Models/GrantApplication.php,GrantApplication.php,.php,3930,other
template/app/Models/GrantProgram.php,GrantProgram.php,.php,5304,other
template/app/Models/Group.php,Group.php,.php,3808,other
template/app/Models/GroupMember.php,GroupMember.php,.php,3553,other
template/app/Models/Growth/Experiment.php,Experiment.php,.php,2819,other
template/app/Models/Growth/ExperimentAssignment.php,ExperimentAssignment.php,.php,2001,other
template/app/Models/Growth/ExperimentConversion.php,ExperimentConversion.php,.php,2277,other
template/app/Models/HealthInsurancePlan.php,HealthInsurancePlan.php,.php,2750,other
template/app/Models/Hero.php,Hero.php,.php,1487,other
template/app/Models/IdentityFlag.php,IdentityFlag.php,.php,4278,other
template/app/Models/ImpactIndexSnapshot.php,ImpactIndexSnapshot.php,.php,2287,other
template/app/Models/IncidentEvent.php,IncidentEvent.php,.php,1974,other
template/app/Models/IncidentReport.php,IncidentReport.php,.php,4611,other
template/app/Models/IndustryType.php,IndustryType.php,.php,2248,other
template/app/Models/InsuranceQuote.php,InsuranceQuote.php,.php,2664,other
template/app/Models/InterviewAnswer.php,InterviewAnswer.php,.php,7915,other
template/app/Models/InterviewQuestion.php,InterviewQuestion.php,.php,7098,other
template/app/Models/InterviewQuestionTopic.php,InterviewQuestionTopic.php,.php,3059,other
template/app/Models/InterviewResponse.php,InterviewResponse.php,.php,438,other
template/app/Models/InterviewSession.php,InterviewSession.php,.php,8930,other
template/app/Models/InterviewTip.php,InterviewTip.php,.php,418,other
template/app/Models/Invitation.php,Invitation.php,.php,5276,other
template/app/Models/Invite.php,Invite.php,.php,4837,other
template/app/Models/Job.php,Job.php,.php,10484,other
template/app/Models/JobAlertLog.php,JobAlertLog.php,.php,3877,other
template/app/Models/JobAlertMatch.php,JobAlertMatch.php,.php,716,other
template/app/Models/JobBenefits.php,JobBenefits.php,.php,1454,other
template/app/Models/JobBookmark.php,JobBookmark.php,.php,1436,other
template/app/Models/JobCategory.php,JobCategory.php,.php,2601,other
template/app/Models/JobExperience.php,JobExperience.php,.php,2006,other
template/app/Models/JobLocation.php,JobLocation.php,.php,1569,other
template/app/Models/JobRecommendationAudit.php,JobRecommendationAudit.php,.php,3125,other
template/app/Models/JobRole.php,JobRole.php,.php,1928,other
template/app/Models/JobSkills.php,JobSkills.php,.php,1492,other
template/app/Models/JobTag.php,JobTag.php,.php,1374,other
template/app/Models/JobType.php,JobType.php,.php,1928,other
template/app/Models/Language.php,Language.php,.php,1888,other
template/app/Models/Lead.php,Lead.php,.php,4198,other
template/app/Models/LeadNote.php,LeadNote.php,.php,2090,other
template/app/Models/LeaderboardRanking.php,LeaderboardRanking.php,.php,4914,other
template/app/Models/LearnMore.php,LearnMore.php,.php,1678,other
template/app/Models/LearningPathEnrolment.php,LearningPathEnrolment.php,.php,2749,other
template/app/Models/LearningResource.php,LearningResource.php,.php,7526,other
template/app/Models/LegalDocument.php,LegalDocument.php,.php,3837,other
template/app/Models/MaritalStatus.php,MaritalStatus.php,.php,1379,other
template/app/Models/MarketingAttribution.php,MarketingAttribution.php,.php,3587,other
template/app/Models/MediaUploadChunk.php,MediaUploadChunk.php,.php,2357,other
template/app/Models/MediaUploadSession.php,MediaUploadSession.php,.php,8277,other
template/app/Models/MemberMedia.php,MemberMedia.php,.php,2263,other
template/app/Models/MentorshipCohort.php,MentorshipCohort.php,.php,5165,other
template/app/Models/MentorshipCohortMember.php,MentorshipCohortMember.php,.php,3003,other
template/app/Models/MentorshipMatch.php,MentorshipMatch.php,.php,3844,other
template/app/Models/MentorshipProgram.php,MentorshipProgram.php,.php,6480,other
template/app/Models/MentorshipSession.php,MentorshipSession.php,.php,3046,other
template/app/Models/Milestone.php,Milestone.php,.php,3614,other
template/app/Models/MissionBrief.php,MissionBrief.php,.php,3518,other
template/app/Models/MortgageIntelligenceAccessLog.php,MortgageIntelligenceAccessLog.php,.php,2505,other
template/app/Models/MortgageRateSnapshot.php,MortgageRateSnapshot.php,.php,4551,other
template/app/Models/NearestLocation.php,NearestLocation.php,.php,1934,other
template/app/Models/NearestLocationTranslation.php,NearestLocationTranslation.php,.php,803,other
template/app/Models/Notification.php,Notification.php,.php,2364,other
template/app/Models/OnboardingEvent.php,OnboardingEvent.php,.php,1908,other
template/app/Models/OpportunityRadarEntry.php,OpportunityRadarEntry.php,.php,3485,other
template/app/Models/Order.php,Order.php,.php,2493,other
template/app/Models/OrgInviteLog.php,OrgInviteLog.php,.php,2601,other
template/app/Models/OrgMediaAsset.php,OrgMediaAsset.php,.php,7159,other
template/app/Models/OrganizationPage.php,OrganizationPage.php,.php,10357,other
template/app/Models/OrganizationType.php,OrganizationType.php,.php,2263,other
template/app/Models/PartnershipMatch.php,PartnershipMatch.php,.php,2710,other
template/app/Models/Pathways/LifePathway.php,LifePathway.php,.php,6359,other
template/app/Models/Pathways/PathwayConnection.php,PathwayConnection.php,.php,3861,other
template/app/Models/Pathways/PathwayMilestone.php,PathwayMilestone.php,.php,4064,other
template/app/Models/Pathways/PathwayOutcome.php,PathwayOutcome.php,.php,2095,other
template/app/Models/Pathways/PathwayPhase.php,PathwayPhase.php,.php,4670,other
template/app/Models/Pathways/PathwayTemplate.php,PathwayTemplate.php,.php,2379,other
template/app/Models/PaymentSetting.php,PaymentSetting.php,.php,1295,other
template/app/Models/Plan.php,Plan.php,.php,2743,other
template/app/Models/PointTransaction.php,PointTransaction.php,.php,2587,other
template/app/Models/PrivacyAccessLog.php,PrivacyAccessLog.php,.php,3088,other
template/app/Models/ProcurementOpportunity.php,ProcurementOpportunity.php,.php,6815,other
template/app/Models/Profession.php,Profession.php,.php,1875,other
template/app/Models/Progress.php,Progress.php,.php,1807,other
template/app/Models/Pronoun.php,Pronoun.php,.php,1500,other
template/app/Models/Property.php,Property.php,.php,6835,other
template/app/Models/PropertyAminity.php,PropertyAminity.php,.php,1048,other
template/app/Models/PropertyImage.php,PropertyImage.php,.php,943,other
template/app/Models/PropertyNearestLocation.php,PropertyNearestLocation.php,.php,1180,other
template/app/Models/PropertyPurpose.php,PropertyPurpose.php,.php,1646,other
template/app/Models/PropertyPurposeTranslation.php,PropertyPurposeTranslation.php,.php,803,other
template/app/Models/PropertyReview.php,PropertyReview.php,.php,1460,other
template/app/Models/PropertyTranslation.php,PropertyTranslation.php,.php,858,other
template/app/Models/PropertyType.php,PropertyType.php,.php,2103,other
template/app/Models/PropertyTypeTranslation.php,PropertyTypeTranslation.php,.php,785,other
template/app/Models/PublicSectorAgency.php,PublicSectorAgency.php,.php,7474,other
template/app/Models/PublicSectorEngagement.php,PublicSectorEngagement.php,.php,2808,other
template/app/Models/PublicSectorInsight.php,PublicSectorInsight.php,.php,2878,other
template/app/Models/PublicSectorOpportunity.php,PublicSectorOpportunity.php,.php,6541,other
template/app/Models/PublicSectorProgram.php,PublicSectorProgram.php,.php,4489,other
template/app/Models/RealEstateLearningPath.php,RealEstateLearningPath.php,.php,4579,other
template/app/Models/Receipt.php,Receipt.php,.php,2744,other
template/app/Models/Referral.php,Referral.php,.php,2745,other
template/app/Models/Religion.php,Religion.php,.php,1337,other
template/app/Models/Review.php,Review.php,.php,1519,other
template/app/Models/SalaryType.php,SalaryType.php,.php,1967,other
template/app/Models/Scholarship.php,Scholarship.php,.php,0,other
template/app/Models/ScholarshipApplication.php,ScholarshipApplication.php,.php,0,other
template/app/Models/ScholarshipApplicationAudit.php,ScholarshipApplicationAudit.php,.php,0,other
template/app/Models/ScholarshipApplicationDocument.php,ScholarshipApplicationDocument.php,.php,0,other
template/app/Models/ScholarshipDocument.php,ScholarshipDocument.php,.php,0,other
template/app/Models/ScholarshipReminder.php,ScholarshipReminder.php,.php,0,other
template/app/Models/ScholarshipRequirement.php,ScholarshipRequirement.php,.php,0,other
template/app/Models/ScholarshipSavedList.php,ScholarshipSavedList.php,.php,0,other
template/app/Models/ScholarshipTag.php,ScholarshipTag.php,.php,0,other
template/app/Models/SecurityAuditLog.php,SecurityAuditLog.php,.php,2943,other
template/app/Models/SessionExtended.php,SessionExtended.php,.php,3140,other
template/app/Models/ShortLink.php,ShortLink.php,.php,1684,other
template/app/Models/ShortLinkDomain.php,ShortLinkDomain.php,.php,1384,other
template/app/Models/SiteSetting.php,SiteSetting.php,.php,1293,other
template/app/Models/Skill.php,Skill.php,.php,2064,other
template/app/Models/SkillDemandData.php,SkillDemandData.php,.php,6282,other
template/app/Models/SkillGapAnalysis.php,SkillGapAnalysis.php,.php,7949,other
template/app/Models/State.php,State.php,.php,1564,other
template/app/Models/Subscribers.php,Subscribers.php,.php,1122,other
template/app/Models/SubsidyProgram.php,SubsidyProgram.php,.php,5002,other
template/app/Models/TafeInstitution.php,TafeInstitution.php,.php,7284,other
template/app/Models/TafeProgram.php,TafeProgram.php,.php,7633,other
template/app/Models/TafeProgramIntake.php,TafeProgramIntake.php,.php,3267,other
template/app/Models/TafeStudentJourney.php,TafeStudentJourney.php,.php,3671,other
template/app/Models/Tag.php,Tag.php,.php,1826,other
template/app/Models/TaxAsset.php,TaxAsset.php,.php,3228,other
template/app/Models/TeamSize.php,TeamSize.php,.php,1211,other
template/app/Models/User.php,User.php,.php,38873,other
template/app/Models/UserPlan.php,UserPlan.php,.php,2177,other
template/app/Models/UserPrimaryPurpose.php,UserPrimaryPurpose.php,.php,3436,other
template/app/Models/UserSubscription.php,UserSubscription.php,.php,2467,other
template/app/Models/VehicleInquiry.php,VehicleInquiry.php,.php,2468,other
template/app/Models/VehicleLogbook.php,VehicleLogbook.php,.php,2440,other
template/app/Models/VehicleLogbookEntry.php,VehicleLogbookEntry.php,.php,2899,other
template/app/Models/VerticalInsight.php,VerticalInsight.php,.php,2535,other
template/app/Models/WarmupMetricEvent.php,WarmupMetricEvent.php,.php,4693,other
template/app/Models/WarmupMetricSnapshot.php,WarmupMetricSnapshot.php,.php,3699,other
template/app/Models/WellbeingEvent.php,WellbeingEvent.php,.php,5067,other
template/app/Models/WellbeingPartnerOffer.php,WellbeingPartnerOffer.php,.php,4165,other
template/app/Models/WellnessBuddyInvite.php,WellnessBuddyInvite.php,.php,3292,other
template/app/Models/WhyChooseUs.php,WhyChooseUs.php,.php,2515,other
template/app/Models/WishList.php,WishList.php,.php,567,other
template/app/Models/WomenRealEstate/WomenAgentLead.php,WomenAgentLead.php,.php,2967,other
template/app/Models/WomenRealEstate/WomenCohortEnrolment.php,WomenCohortEnrolment.php,.php,2738,other
template/app/Models/WomenRealEstate/WomenCohortTimelineEvent.php,WomenCohortTimelineEvent.php,.php,2757,other
template/app/Models/WomenRealEstate/WomenDashboardPreference.php,WomenDashboardPreference.php,.php,3038,other
template/app/Models/WomenRealEstate/WomenDashboardWidget.php,WomenDashboardWidget.php,.php,2910,other
template/app/Models/WomenRealEstate/WomenGoalTracker.php,WomenGoalTracker.php,.php,3422,other
template/app/Models/WomenRealEstate/WomenMortgageMarketRate.php,WomenMortgageMarketRate.php,.php,3914,other
template/app/Models/WomenRealEstate/WomenPartnerMatch.php,WomenPartnerMatch.php,.php,3347,other
template/app/Models/WomenRealEstate/WomenPartnerProject.php,WomenPartnerProject.php,.php,3404,other
template/app/Models/WomenRealEstate/WomenPropertyMatch.php,WomenPropertyMatch.php,.php,5144,other
template/app/Models/WomenRealEstate/WomenPropertySeeker.php,WomenPropertySeeker.php,.php,9295,other
template/app/Models/WomenRealEstate/WomenRentalInquiry.php,WomenRentalInquiry.php,.php,4316,other
template/app/Models/WomenRealEstate/WomenRentalProperty.php,WomenRentalProperty.php,.php,6894,other
template/app/Models/WomenRealEstate/WomenUserMedia.php,WomenUserMedia.php,.php,2780,other
template/app/Models/WomenRealEstate/WomenVerifiedAgent.php,WomenVerifiedAgent.php,.php,4967,other
template/app/Notifications/Business/BusinessDigestNotification.php,BusinessDigestNotification.php,.php,1470,other
template/app/Notifications/DreamJobMatchFound.php,DreamJobMatchFound.php,.php,1334,other
template/app/Notifications/Lead/OrganizationLeadConfirmationNotification.php,OrganizationLeadConfirmationNotification.php,.php,543,other
template/app/Notifications/Lead/OrganizationLeadReceivedNotification.php,OrganizationLeadReceivedNotification.php,.php,539,other
template/app/Notifications/Money/SubscriptionImportStatusNotification.php,SubscriptionImportStatusNotification.php,.php,2189,other
template/app/Notifications/OpportunityRadarAlert.php,OpportunityRadarAlert.php,.php,1182,other
template/app/Notifications/ScholarshipReminderNotification.php,ScholarshipReminderNotification.php,.php,0,other
template/app/Notifications/WomenRealEstate/WomenAgentComplianceEscalationNotification.php,WomenAgentComplianceEscalationNotification.php,.php,2057,other
template/app/Notifications/WomenRealEstate/WomenAgentLicenseExpiryReminderNotification.php,WomenAgentLicenseExpiryReminderNotification.php,.php,1460,other
template/app/Observers/CandidateCVObserver.php,CandidateCVObserver.php,.php,177,other
template/app/Observers/CandidateObserver.php,CandidateObserver.php,.php,97,other
template/app/Observers/Concerns/InteractsWithCounters.php,InteractsWithCounters.php,.php,1192,other
template/app/Observers/JobAlertMatchObserver.php,JobAlertMatchObserver.php,.php,1337,other
template/app/Observers/JobObserver.php,JobObserver.php,.php,0,other
template/app/Observers/WomenRealEstate/WomenVerifiedAgentObserver.php,WomenVerifiedAgentObserver.php,.php,858,other
template/app/Policies/BusinessCashbookEntryPolicy.php,BusinessCashbookEntryPolicy.php,.php,561,other
template/app/Policies/BusinessCashbookPolicy.php,BusinessCashbookPolicy.php,.php,530,other
template/app/Policies/GrantApplicationPolicy.php,GrantApplicationPolicy.php,.php,294,other
template/app/Policies/LifePathwayPolicy.php,LifePathwayPolicy.php,.php,746,other
template/app/Policies/RoleDashboardPolicy.php,RoleDashboardPolicy.php,.php,2790,other
template/app/Policies/WomenRealEstate/WomenCohortEnrolmentPolicy.php,WomenCohortEnrolmentPolicy.php,.php,745,other
template/app/Policies/WomenRealEstate/WomenDashboardPreferencePolicy.php,WomenDashboardPreferencePolicy.php,.php,757,other
template/app/Policies/WomenRealEstate/WomenDashboardWidgetPolicy.php,WomenDashboardWidgetPolicy.php,.php,956,other
template/app/Policies/WomenRealEstate/WomenGoalTrackerPolicy.php,WomenGoalTrackerPolicy.php,.php,717,other
template/app/Policies/WomenRealEstate/WomenPartnerMatchPolicy.php,WomenPartnerMatchPolicy.php,.php,807,other
template/app/Policies/WomenRealEstate/WomenPartnerProjectPolicy.php,WomenPartnerProjectPolicy.php,.php,720,other
template/app/Policies/WomenRealEstate/WomenVerifiedAgentPolicy.php,WomenVerifiedAgentPolicy.php,.php,541,other
template/app/Providers/AppServiceProvider.php,AppServiceProvider.php,.php,7354,other
template/app/Providers/BroadcastServiceProvider.php,BroadcastServiceProvider.php,.php,438,other
template/app/Providers/EventServiceProvider.php,EventServiceProvider.php,.php,3648,other
template/app/Providers/PaymentGatewaySettingServiceProvider.php,PaymentGatewaySettingServiceProvider.php,.php,1479,other
template/app/Providers/RouteServiceProvider.php,RouteServiceProvider.php,.php,7032,other
template/app/Providers/SiteSettingServiceProvider.php,SiteSettingServiceProvider.php,.php,789,other
template/app/Services/ABTestingService.php,ABTestingService.php,.php,12153,other
template/app/Services/AIAutonomousSystemService.php,AIAutonomousSystemService.php,.php,0,other
template/app/Services/AICacheService.php,AICacheService.php,.php,697,other
template/app/Services/AIContentService.php,AIContentService.php,.php,11844,other
template/app/Services/AIErrorHandler.php,AIErrorHandler.php,.php,2712,other
template/app/Services/AIMetricsBroadcaster.php,AIMetricsBroadcaster.php,.php,8711,other
template/app/Services/AINotificationService.php,AINotificationService.php,.php,3739,other
template/app/Services/AIPropertyMatchingService.php,AIPropertyMatchingService.php,.php,10836,other
template/app/Services/AIShowcaseService.php,AIShowcaseService.php,.php,0,other
template/app/Services/AIStage2IntegrationService.php,AIStage2IntegrationService.php,.php,0,other
template/app/Services/APIRateLimitService.php,APIRateLimitService.php,.php,0,other
template/app/Services/AdvancedAnalyticsService.php,AdvancedAnalyticsService.php,.php,0,other
template/app/Services/AdvancedCacheService.php,AdvancedCacheService.php,.php,0,other
template/app/Services/AdvancedSearchService.php,AdvancedSearchService.php,.php,20169,other
template/app/Services/Advertising/AdDecisionService.php,AdDecisionService.php,.php,3658,other
template/app/Services/Advertising/AdvertisingMetricIngestionService.php,AdvertisingMetricIngestionService.php,.php,1603,other
template/app/Services/Advertising/HomepageSponsorService.php,HomepageSponsorService.php,.php,21826,other
template/app/Services/Advertising/MemberDashboardPlacementService.php,MemberDashboardPlacementService.php,.php,32886,other
template/app/Services/Advertising/SlotDecisionService.php,SlotDecisionService.php,.php,7566,other
template/app/Services/Advertising/SlotPerformanceService.php,SlotPerformanceService.php,.php,11369,other
template/app/Services/Advertising/SlotRevenueInsightsService.php,SlotRevenueInsightsService.php,.php,7680,other
template/app/Services/AdvertisingPacingService.php,AdvertisingPacingService.php,.php,6474,other
template/app/Services/AdvertisingPerformanceService.php,AdvertisingPerformanceService.php,.php,3965,other
template/app/Services/Ai/AIMentorMatchingService.php,AIMentorMatchingService.php,.php,13234,other
template/app/Services/Ai/AIPollLiveAssistanceService.php,AIPollLiveAssistanceService.php,.php,9624,other
template/app/Services/Ai/AIRateLimitFallbackService.php,AIRateLimitFallbackService.php,.php,9900,other
template/app/Services/Ai/AIVideoCaptioningService.php,AIVideoCaptioningService.php,.php,12053,other
template/app/Services/Ai/Ai.php,Ai.php,.php,520,other
template/app/Services/Ai/DefaultAiService.php,DefaultAiService.php,.php,10079,other
template/app/Services/Ai/Providers/AnthropicTextModel.php,AnthropicTextModel.php,.php,2099,other
template/app/Services/Ai/Providers/OpenAITextModel.php,OpenAITextModel.php,.php,2393,other
template/app/Services/AiConciergeTelemetryService.php,AiConciergeTelemetryService.php,.php,2416,other
template/app/Services/AiContextHistoryService.php,AiContextHistoryService.php,.php,3677,other
template/app/Services/Analytics/DataWarehouseExporter.php,DataWarehouseExporter.php,.php,1869,other
template/app/Services/AnalyticsService.php,AnalyticsService.php,.php,13333,other
template/app/Services/ApprenticeshipProgressService.php,ApprenticeshipProgressService.php,.php,0,other
template/app/Services/AthenaAIService.php,AthenaAIService.php,.php,4667,other
template/app/Services/Automotive/AiCarGuideService.php,AiCarGuideService.php,.php,6192,other
template/app/Services/Automotive/DealerService.php,DealerService.php,.php,627,other
template/app/Services/Automotive/Finance/FinanceBrokerService.php,FinanceBrokerService.php,.php,1600,other
template/app/Services/Automotive/Insurance/InsuranceBrokerService.php,InsuranceBrokerService.php,.php,1721,other
template/app/Services/BatchProcessingService.php,BatchProcessingService.php,.php,3354,other
template/app/Services/Business/AthenaAiService.php,AthenaAiService.php,.php,12959,other
template/app/Services/Business/BusinessAiAdvisor.php,BusinessAiAdvisor.php,.php,9085,other
template/app/Services/Business/BusinessCashbookSummaryService.php,BusinessCashbookSummaryService.php,.php,4151,other
template/app/Services/Business/BusinessDigestService.php,BusinessDigestService.php,.php,1705,other
template/app/Services/Business/BusinessFeedService.php,BusinessFeedService.php,.php,3179,other
template/app/Services/Business/BusinessFinancialTrackerService.php,BusinessFinancialTrackerService.php,.php,17924,other
template/app/Services/Business/BusinessInsightsService.php,BusinessInsightsService.php,.php,12219,other
template/app/Services/Business/FormationStudioService.php,FormationStudioService.php,.php,15740,other
template/app/Services/Business/FounderTimezoneSyncService.php,FounderTimezoneSyncService.php,.php,2733,other
template/app/Services/Business/LegalDocumentLabService.php,LegalDocumentLabService.php,.php,13544,other
template/app/Services/BusinessIntelligenceService.php,BusinessIntelligenceService.php,.php,0,other
template/app/Services/BusinessStructureWizardService.php,BusinessStructureWizardService.php,.php,14364,other
template/app/Services/CVAIService.php,CVAIService.php,.php,0,other
template/app/Services/CandidateJourneyAnalyticsRecorder.php,CandidateJourneyAnalyticsRecorder.php,.php,10415,other
template/app/Services/CareerInsightsService.php,CareerInsightsService.php,.php,17290,other
template/app/Services/CareerIntelligencePulseService.php,CareerIntelligencePulseService.php,.php,3747,other
template/app/Services/Careers/CareerInterestMatchService.php,CareerInterestMatchService.php,.php,10355,other
template/app/Services/CommunityMembershipService.php,CommunityMembershipService.php,.php,7022,other
template/app/Services/Company/CompanyMarketService.php,CompanyMarketService.php,.php,1868,other
template/app/Services/CompanyInsightsService.php,CompanyInsightsService.php,.php,0,other
template/app/Services/Compliance/AuditTrailLogger.php,AuditTrailLogger.php,.php,1053,other
template/app/Services/Compliance/ConsentLogger.php,ConsentLogger.php,.php,1316,other
template/app/Services/ContentManagementService.php,ContentManagementService.php,.php,0,other
template/app/Services/ContentPolicyEngine.php,ContentPolicyEngine.php,.php,3519,other
template/app/Services/Dashboards/RoleDashboardService.php,RoleDashboardService.php,.php,55933,other
template/app/Services/DatabaseOptimizationService.php,DatabaseOptimizationService.php,.php,0,other
template/app/Services/DeploymentService.php,DeploymentService.php,.php,0,other
template/app/Services/DreamJobMatcherService.php,DreamJobMatcherService.php,.php,2762,other
template/app/Services/Education/TafeUniversityInsightService.php,TafeUniversityInsightService.php,.php,14788,other
template/app/Services/Finance/TurboTaxIntegrationService.php,TurboTaxIntegrationService.php,.php,3957,other
template/app/Services/FraudDetectionService.php,FraudDetectionService.php,.php,0,other
template/app/Services/GamificationService.php,GamificationService.php,.php,16601,other
template/app/Services/Growth/ExperimentService.php,ExperimentService.php,.php,7591,other
template/app/Services/Growth/FeatureFlagService.php,FeatureFlagService.php,.php,655,other
template/app/Services/Growth/MarketingAttributionService.php,MarketingAttributionService.php,.php,2876,other
template/app/Services/Growth/ReferralService.php,ReferralService.php,.php,4022,other
template/app/Services/Guardians/RegistrationIdentityFlagger.php,RegistrationIdentityFlagger.php,.php,12728,other
template/app/Services/HealthFitness/HealthInsuranceMarketService.php,HealthInsuranceMarketService.php,.php,5600,other
template/app/Services/Impact/ImpactAnalyticsService.php,ImpactAnalyticsService.php,.php,15644,other
template/app/Services/Integrations/TurboTax/IntegrationGateway.php,IntegrationGateway.php,.php,3798,other
template/app/Services/Integrations/TurboTax/TurboTaxClient.php,TurboTaxClient.php,.php,2176,other
template/app/Services/IntelligentDashboardService.php,IntelligentDashboardService.php,.php,0,other
template/app/Services/IntelligentMatchingService.php,IntelligentMatchingService.php,.php,0,other
template/app/Services/InterviewCoachService.php,InterviewCoachService.php,.php,22913,other
template/app/Services/JobAlertService.php,JobAlertService.php,.php,2547,other
template/app/Services/JobApprovalService.php,JobApprovalService.php,.php,0,other
template/app/Services/JobCacheService.php,JobCacheService.php,.php,0,other
template/app/Services/JobMatchingService.php,JobMatchingService.php,.php,538,other
template/app/Services/JobRecommendationService.php,JobRecommendationService.php,.php,14714,other
template/app/Services/JobService.php,JobService.php,.php,0,other
template/app/Services/LeadQualificationService.php,LeadQualificationService.php,.php,9498,other
template/app/Services/MLModelManagerService.php,MLModelManagerService.php,.php,0,other
template/app/Services/MediaUploadService.php,MediaUploadService.php,.php,8862,other
template/app/Services/MeteringService.php,MeteringService.php,.php,3242,other
template/app/Services/MobileAPIService.php,MobileAPIService.php,.php,0,other
template/app/Services/Money/BankTransactionCsvImportService.php,BankTransactionCsvImportService.php,.php,15551,other
template/app/Services/Money/BudgetSyncService.php,BudgetSyncService.php,.php,2612,other
template/app/Services/Money/BundleConcierge/BundleConciergeService.php,BundleConciergeService.php,.php,18022,other
template/app/Services/Money/UserSubscriptionImportService.php,UserSubscriptionImportService.php,.php,11608,other
template/app/Services/Mortgage/MortgageEnrichmentService.php,MortgageEnrichmentService.php,.php,2100,other
template/app/Services/Mortgage/MortgageScoringService.php,MortgageScoringService.php,.php,526,other
template/app/Services/Mortgage/RepaymentCalculatorService.php,RepaymentCalculatorService.php,.php,973,other
template/app/Services/MortgageRepaymentService.php,MortgageRepaymentService.php,.php,1251,other
template/app/Services/MortgageSnapshotIngestionService.php,MortgageSnapshotIngestionService.php,.php,6829,other
template/app/Services/NLPSearchService.php,NLPSearchService.php,.php,0,other
template/app/Services/NetworkingAIService.php,NetworkingAIService.php,.php,11920,other
template/app/Services/NotificationService.php,NotificationService.php,.php,0,other
template/app/Services/Notify.php,Notify.php,.php,996,other
template/app/Services/OmegaAITranscendenceService.php,OmegaAITranscendenceService.php,.php,0,other
template/app/Services/Opportunities/OpportunityRadarService.php,OpportunityRadarService.php,.php,6656,other
template/app/Services/OpportunityStreamService.php,OpportunityStreamService.php,.php,2265,other
template/app/Services/Ops/FeatureFlagService.php,FeatureFlagService.php,.php,2632,other
template/app/Services/Orchestration/OpportunityRadarService.php,OpportunityRadarService.php,.php,12955,other
template/app/Services/OrderService.php,OrderService.php,.php,2158,other
template/app/Services/Org/OrgInviteService.php,OrgInviteService.php,.php,9892,other
template/app/Services/OrgMedia/Caption/CaptionDriverInterface.php,CaptionDriverInterface.php,.php,0,other
template/app/Services/OrgMedia/Caption/CaptionManager.php,CaptionManager.php,.php,0,other
template/app/Services/OrgMedia/Caption/Drivers/NullCaptionDriver.php,NullCaptionDriver.php,.php,0,other
template/app/Services/OrgMedia/Caption/Drivers/StubCaptionDriver.php,StubCaptionDriver.php,.php,0,other
template/app/Services/OrgMedia/ContentModerator.php,ContentModerator.php,.php,8684,other
template/app/Services/OrgMedia/HlsTranscoder.php,HlsTranscoder.php,.php,10443,other
template/app/Services/OrgMedia/OrgMediaUploader.php,OrgMediaUploader.php,.php,2245,other
template/app/Services/OrgMedia/Transcoder/OrgMediaTranscoder.php,OrgMediaTranscoder.php,.php,0,other
template/app/Services/OrgMedia/Transcoder/TranscodeResult.php,TranscodeResult.php,.php,0,other
template/app/Services/OskoPayIDService.php,OskoPayIDService.php,.php,0,other
template/app/Services/PathwayOrchestrator.php,PathwayOrchestrator.php,.php,10090,other
template/app/Services/Pathways/PathwayBuilder.php,PathwayBuilder.php,.php,14154,other
template/app/Services/Pathways/PathwayBuilderService.php,PathwayBuilderService.php,.php,3523,other
template/app/Services/PaymentGatewaySettingService.php,PaymentGatewaySettingService.php,.php,567,other
template/app/Services/PaymentService.php,PaymentService.php,.php,17300,other
template/app/Services/Performance/CacheStrategyService.php,CacheStrategyService.php,.php,2021,other
template/app/Services/Performance/QueryOptimizationService.php,QueryOptimizationService.php,.php,2351,other
template/app/Services/PerformanceMonitorService.php,PerformanceMonitorService.php,.php,0,other
template/app/Services/PersonaNudgeService.php,PersonaNudgeService.php,.php,3700,other
template/app/Services/PredictiveAnalyticsService.php,PredictiveAnalyticsService.php,.php,0,other
template/app/Services/Privacy/PrivacyAccessLogger.php,PrivacyAccessLogger.php,.php,1170,other
template/app/Services/Privacy/PrivacyTierService.php,PrivacyTierService.php,.php,5278,other
template/app/Services/PublicSector/PublicSectorInsightService.php,PublicSectorInsightService.php,.php,13075,other
template/app/Services/PurposeAnalyticsReporter.php,PurposeAnalyticsReporter.php,.php,1138,other
template/app/Services/QuantumAIEvolutionService.php,QuantumAIEvolutionService.php,.php,0,other
template/app/Services/RealTimeAnalyticsEngine.php,RealTimeAnalyticsEngine.php,.php,3679,other
template/app/Services/RealTimeNotificationService.php,RealTimeNotificationService.php,.php,350,other
template/app/Services/ResumeParserService.php,ResumeParserService.php,.php,44581,other
template/app/Services/SEOService.php,SEOService.php,.php,0,other
template/app/Services/Scholarship/ScholarshipApplicationAuditLogger.php,ScholarshipApplicationAuditLogger.php,.php,0,other
template/app/Services/Scholarship/ScholarshipMatchingService.php,ScholarshipMatchingService.php,.php,0,other
template/app/Services/Security/DlpService.php,DlpService.php,.php,2216,other
template/app/Services/Security/RecaptchaVerifier.php,RecaptchaVerifier.php,.php,1660,other
template/app/Services/Security/SessionSecurityService.php,SessionSecurityService.php,.php,7981,other
template/app/Services/SecurityAuditService.php,SecurityAuditService.php,.php,1370,other
template/app/Services/SecurityService.php,SecurityService.php,.php,8675,other
template/app/Services/SiteSettingService.php,SiteSettingService.php,.php,530,other
template/app/Services/SkillAnalysisService.php,SkillAnalysisService.php,.php,0,other
template/app/Services/SkillGapService.php,SkillGapService.php,.php,19518,other
template/app/Services/SmartApplicationService.php,SmartApplicationService.php,.php,14007,other
template/app/Services/Telemetry/RoleDashboardTelemetryService.php,RoleDashboardTelemetryService.php,.php,9069,other
template/app/Services/TransparencyLogService.php,TransparencyLogService.php,.php,1303,other
template/app/Services/UserPrimaryPurposeService.php,UserPrimaryPurposeService.php,.php,2470,other
template/app/Services/VerticalAggregatorService.php,VerticalAggregatorService.php,.php,3558,other
template/app/Services/VideoAnalysisService.php,VideoAnalysisService.php,.php,19236,other
template/app/Services/WarmupAlertService.php,WarmupAlertService.php,.php,0,other
template/app/Services/WarmupMetricEventLogger.php,WarmupMetricEventLogger.php,.php,0,other
template/app/Services/WarmupMetricSnapshotService.php,WarmupMetricSnapshotService.php,.php,0,other
template/app/Services/WarmupMetricsService.php,WarmupMetricsService.php,.php,0,other
template/app/Services/Wellbeing/AiWellnessCoachService.php,AiWellnessCoachService.php,.php,6610,other
template/app/Services/WomenRealEstate/AgentPulseService.php,AgentPulseService.php,.php,12646,other
template/app/Services/WomenRealEstate/Ai/WomenMortgageAiService.php,WomenMortgageAiService.php,.php,16463,other
template/app/Services/WomenRealEstate/Ai/WomenPartnerAiService.php,WomenPartnerAiService.php,.php,15319,other
template/app/Services/WomenRealEstate/Ai/WomenPersonaAiService.php,WomenPersonaAiService.php,.php,24513,other
template/app/Services/WomenRealEstate/FraudDetectionService.php,FraudDetectionService.php,.php,3599,other
template/app/Services/WomenRealEstate/GoalTrackingService.php,GoalTrackingService.php,.php,6062,other
template/app/Services/WomenRealEstate/LicenseRegulatorLookupService.php,LicenseRegulatorLookupService.php,.php,8168,other
template/app/Services/WomenRealEstate/MentorshipMatchingService.php,MentorshipMatchingService.php,.php,3468,other
template/app/Services/WomenRealEstate/MortgageGuidanceService.php,MortgageGuidanceService.php,.php,8311,other
template/app/Services/WomenRealEstate/MortgageIntelligenceTelemetry.php,MortgageIntelligenceTelemetry.php,.php,3942,other
template/app/Services/WomenRealEstate/MortgageTelemetryNotifier.php,MortgageTelemetryNotifier.php,.php,2090,other
template/app/Services/WomenRealEstate/WomenCohortService.php,WomenCohortService.php,.php,6040,other
template/app/Services/WomenRealEstate/WomenCohortTimelineService.php,WomenCohortTimelineService.php,.php,4315,other
template/app/Services/WomenRealEstate/WomenDashboardService.php,WomenDashboardService.php,.php,1738,other
template/app/Services/WomenRealEstate/WomenPartnerMatchingService.php,WomenPartnerMatchingService.php,.php,5953,other
template/app/Services/two.php,two.php,.php,0,other
template/app/Support/AiConcierge.php,AiConcierge.php,.php,16588,other
template/app/Support/Analytics/CandidateJourneyPayloadFactory.php,CandidateJourneyPayloadFactory.php,.php,0,other
template/app/Support/Analytics/DashboardCache.php,DashboardCache.php,.php,928,other
template/app/Support/Analytics/Repositories/CareerIntelligenceRepository.php,CareerIntelligenceRepository.php,.php,676,other
template/app/Support/Analytics/Repositories/CreatorPayoutRepository.php,CreatorPayoutRepository.php,.php,368,other
template/app/Support/Analytics/Repositories/VerticalInsightRepository.php,VerticalInsightRepository.php,.php,514,other
template/app/Support/AnalyticsTracker.php,AnalyticsTracker.php,.php,431,other
template/app/Support/AthenaPillarService.php,AthenaPillarService.php,.php,7292,other
template/app/Support/ContactHasher.php,ContactHasher.php,.php,387,other
template/app/Support/EmployerAccessGate.php,EmployerAccessGate.php,.php,1653,other
template/app/Support/Etl/EtlContext.php,EtlContext.php,.php,465,other
template/app/Support/Etl/EtlPipeline.php,EtlPipeline.php,.php,2205,other
template/app/Support/Etl/EtlResult.php,EtlResult.php,.php,1204,other
template/app/Support/FeatureFlag.php,FeatureFlag.php,.php,1182,other
template/app/Support/Feed/FeedSettings.php,FeedSettings.php,.php,2746,other
template/app/Support/InAppNotifier.php,InAppNotifier.php,.php,1368,other
template/app/Support/IntentEvaluator.php,IntentEvaluator.php,.php,6283,other
template/app/Support/JobWarmupDispatcher.php,JobWarmupDispatcher.php,.php,0,other
template/app/Support/Livewire/FallbackComponent.php,FallbackComponent.php,.php,1038,other
template/app/Support/OrgPageAccess.php,OrgPageAccess.php,.php,574,other
template/app/Support/PersonaContext.php,PersonaContext.php,.php,2436,other
template/app/Support/Scholarships/ScholarshipMatchResult.php,ScholarshipMatchResult.php,.php,0,other
template/app/Support/Wellbeing/WellbeingInterestService.php,WellbeingInterestService.php,.php,7178,other
template/app/Support/Wellbeing/WellbeingTelemetryService.php,WellbeingTelemetryService.php,.php,6109,other
template/app/Traits/AIIntegrationTrait.php,AIIntegrationTrait.php,.php,0,other
template/app/Traits/FileUploadTrait.php,FileUploadTrait.php,.php,591,other
template/app/Traits/Searchable.php,Searchable.php,.php,500,other
template/app/View/Components/AdSlot.php,AdSlot.php,.php,532,other
template/app/View/Components/AppLayout.php,AppLayout.php,.php,377,other
template/app/View/Components/Blade/Bundle.php,Bundle.php,.php,472,other
template/app/View/Components/GuestLayout.php,GuestLayout.php,.php,383,other
template/app/View/Components/ImagePreview.php,ImagePreview.php,.php,574,other
template/app/View/Composers/FooterComposer.php,FooterComposer.php,.php,740,other
template/app/View/Composers/Frontend/DashboardAnalyticsComposer.php,DashboardAnalyticsComposer.php,.php,7321,other
template/app/View/Composers/Frontend/HomeAnalyticsComposer.php,HomeAnalyticsComposer.php,.php,602,other
template/app/View/Composers/Frontend/HomepageSponsorComposer.php,HomepageSponsorComposer.php,.php,374,other
template/app/ViewModels/Dashboards/RoleDashboardViewModel.php,RoleDashboardViewModel.php,.php,1371,other
template/config/advertising.php,advertising.php,.php,2161,other
template/config/ai.php,ai.php,.php,1431,other
template/config/ai_analytics.php,ai_analytics.php,.php,527,other
template/config/analytics.php,analytics.php,.php,1420,other
template/config/app.php,app.php,.php,7855,other
template/config/athena.php,athena.php,.php,20421,other
template/config/athena_ai.php,athena_ai.php,.php,12322,other
template/config/athena_pillars.php,athena_pillars.php,.php,7775,other
template/config/blade_bundles.php,blade_bundles.php,.php,272,other
template/config/broadcasting.php,broadcasting.php,.php,2226,other
template/config/bundles.php,bundles.php,.php,5140,other
template/config/business.php,business.php,.php,410,other
template/config/business_entities.php,business_entities.php,.php,11429,other
template/config/cache.php,cache.php,.php,3409,other
template/config/cache_strategy.php,cache_strategy.php,.php,1090,other
template/config/careers.php,careers.php,.php,146,other
template/config/cors.php,cors.php,.php,917,other
template/config/countries.php,countries.php,.php,7182,other
template/config/currencies.php,currencies.php,.php,4215,other
template/config/dashboard_roles.php,dashboard_roles.php,.php,11501,other
template/config/database.php,database.php,.php,5289,other
template/config/etl.php,etl.php,.php,1564,other
template/config/excel.php,excel.php,.php,14274,other
template/config/features.php,features.php,.php,1702,other
template/config/filesystems.php,filesystems.php,.php,4193,other
template/config/guardian.php,guardian.php,.php,1574,other
template/config/hashing.php,hashing.php,.php,1698,other
template/config/horizon.php,horizon.php,.php,2189,other
template/config/intent.php,intent.php,.php,5209,other
template/config/invoices.php,invoices.php,.php,2908,other
template/config/l5-swagger.php,l5-swagger.php,.php,11813,other
template/config/legal_document_lab.php,legal_document_lab.php,.php,15983,other
template/config/logging.php,logging.php,.php,4782,other
template/config/menu.php,menu.php,.php,792,other
template/config/money.php,money.php,.php,309,other
template/config/notify.php,notify.php,.php,1551,other
template/config/org.php,org.php,.php,1937,other
template/config/org_media.php,org_media.php,.php,42,other
template/config/osko.php,osko.php,.php,0,other
template/config/paypal.php,paypal.php,.php,1259,other
template/config/permission.php,permission.php,.php,6511,other
template/config/privacy.php,privacy.php,.php,2426,other
template/config/queue.php,queue.php,.php,4782,other
template/config/route-security.php,route-security.php,.php,1164,other
template/config/sanctum.php,sanctum.php,.php,3037,other
template/config/security.php,security.php,.php,10948,other
template/config/seeding.php,seeding.php,.php,74,other
template/config/sentry.php,sentry.php,.php,6474,other
template/config/services.php,services.php,.php,4327,other
template/config/session.php,session.php,.php,7494,other
template/config/signup.php,signup.php,.php,4301,other
template/config/site_navigation.php,site_navigation.php,.php,2208,other
template/config/sluggable.php,sluggable.php,.php,5091,other
template/config/view.php,view.php,.php,1118,other
template/config/warmup.php,warmup.php,.php,0,other
template/config/wellbeing.php,wellbeing.php,.php,1278,other
template/config/women_real_estate.php,women_real_estate.php,.php,17029,other
template/config/womenrise.php,womenrise.php,.php,7829,other
template/database/2019_01_05_293551_add-role-id-to-menu-items-table.php,2019_01_05_293551_add-role-id-to-menu-items-table.php,.php,834,other
template/database/factories/AIClientAlertFactory.php,AIClientAlertFactory.php,.php,1322,other
template/database/factories/AIInferenceLogFactory.php,AIInferenceLogFactory.php,.php,0,other
template/database/factories/ApprenticeshipCompetencyFactory.php,ApprenticeshipCompetencyFactory.php,.php,0,other
template/database/factories/ApprenticeshipProgressRecordFactory.php,ApprenticeshipProgressRecordFactory.php,.php,0,other
template/database/factories/BankAccountFactory.php,BankAccountFactory.php,.php,1560,other
template/database/factories/BankTransactionContextFactory.php,BankTransactionContextFactory.php,.php,2422,other
template/database/factories/BankTransactionFactory.php,BankTransactionFactory.php,.php,2199,other
template/database/factories/BusinessCashbookEntryFactory.php,BusinessCashbookEntryFactory.php,.php,1359,other
template/database/factories/BusinessCashbookFactory.php,BusinessCashbookFactory.php,.php,1281,other
template/database/factories/CandidateFactory.php,CandidateFactory.php,.php,1327,other
template/database/factories/CandidateScholarshipMatchFactory.php,CandidateScholarshipMatchFactory.php,.php,0,other
template/database/factories/CareerInterestFactory.php,CareerInterestFactory.php,.php,2885,other
template/database/factories/CityFactory.php,CityFactory.php,.php,0,other
template/database/factories/CommunityEventFactory.php,CommunityEventFactory.php,.php,2144,other
template/database/factories/CommunityGroupFactory.php,CommunityGroupFactory.php,.php,2369,other
template/database/factories/CommunityMembershipFactory.php,CommunityMembershipFactory.php,.php,1161,other
template/database/factories/CompanyFactory.php,CompanyFactory.php,.php,2393,other
template/database/factories/ContactSyncContactFactory.php,ContactSyncContactFactory.php,.php,1050,other
template/database/factories/ContactSyncSessionFactory.php,ContactSyncSessionFactory.php,.php,1033,other
template/database/factories/CountryFactory.php,CountryFactory.php,.php,457,other
template/database/factories/CourseFactory.php,CourseFactory.php,.php,3057,other
template/database/factories/CourseIntakeFactory.php,CourseIntakeFactory.php,.php,1234,other
template/database/factories/DreamJobAlertFactory.php,DreamJobAlertFactory.php,.php,801,other
template/database/factories/EducationFactory.php,EducationFactory.php,.php,662,other
template/database/factories/ImpactIndexSnapshotFactory.php,ImpactIndexSnapshotFactory.php,.php,1341,other
template/database/factories/InviteFactory.php,InviteFactory.php,.php,1363,other
template/database/factories/JobCategoryFactory.php,JobCategoryFactory.php,.php,744,other
template/database/factories/JobExperienceFactory.php,JobExperienceFactory.php,.php,637,other
template/database/factories/JobFactory.php,JobFactory.php,.php,1861,other
template/database/factories/JobRoleFactory.php,JobRoleFactory.php,.php,541,other
template/database/factories/JobTypeFactory.php,JobTypeFactory.php,.php,619,other
template/database/factories/LearningPathEnrolmentFactory.php,LearningPathEnrolmentFactory.php,.php,1200,other
template/database/factories/LifePathwayFactory.php,LifePathwayFactory.php,.php,1795,other
template/database/factories/MortgageRateSnapshotFactory.php,MortgageRateSnapshotFactory.php,.php,2142,other
template/database/factories/NotificationFactory.php,NotificationFactory.php,.php,0,other
template/database/factories/OpportunityRadarEntryFactory.php,OpportunityRadarEntryFactory.php,.php,1623,other
template/database/factories/OrgInviteLogFactory.php,OrgInviteLogFactory.php,.php,1217,other
template/database/factories/OrgMediaAssetFactory.php,OrgMediaAssetFactory.php,.php,1121,other
template/database/factories/OrganizationPageFactory.php,OrganizationPageFactory.php,.php,1796,other
template/database/factories/PartnershipMatchFactory.php,PartnershipMatchFactory.php,.php,1226,other
template/database/factories/PathwayConnectionFactory.php,PathwayConnectionFactory.php,.php,1678,other
template/database/factories/PathwayMilestoneFactory.php,PathwayMilestoneFactory.php,.php,1456,other
template/database/factories/PathwayPhaseFactory.php,PathwayPhaseFactory.php,.php,1710,other
template/database/factories/Pathways/LifePathwayFactory.php,LifePathwayFactory.php,.php,507,other
template/database/factories/Pathways/PathwayMilestoneFactory.php,PathwayMilestoneFactory.php,.php,517,other
template/database/factories/Pathways/PathwayPhaseFactory.php,PathwayPhaseFactory.php,.php,509,other
template/database/factories/Pathways/PathwayTemplateFactory.php,PathwayTemplateFactory.php,.php,515,other
template/database/factories/PublicSectorAgencyFactory.php,PublicSectorAgencyFactory.php,.php,1957,other
template/database/factories/PublicSectorOpportunityFactory.php,PublicSectorOpportunityFactory.php,.php,2265,other
template/database/factories/RealEstateLearningPathFactory.php,RealEstateLearningPathFactory.php,.php,2187,other
template/database/factories/SalaryTypeFactory.php,SalaryTypeFactory.php,.php,612,other
template/database/factories/ScholarshipApplicationFactory.php,ScholarshipApplicationFactory.php,.php,0,other
template/database/factories/ScholarshipFactory.php,ScholarshipFactory.php,.php,0,other
template/database/factories/ScholarshipReminderFactory.php,ScholarshipReminderFactory.php,.php,0,other
template/database/factories/ScholarshipTagFactory.php,ScholarshipTagFactory.php,.php,0,other
template/database/factories/SkillFactory.php,SkillFactory.php,.php,516,other
template/database/factories/StateFactory.php,StateFactory.php,.php,0,other
template/database/factories/TafeInstitutionFactory.php,TafeInstitutionFactory.php,.php,3043,other
template/database/factories/UserFactory.php,UserFactory.php,.php,1107,other
template/database/factories/UserPrimaryPurposeFactory.php,UserPrimaryPurposeFactory.php,.php,1632,other
template/database/factories/WomenRealEstate/WomenAgentLeadFactory.php,WomenAgentLeadFactory.php,.php,0,other
template/database/factories/WomenRealEstate/WomenCohortEnrolmentFactory.php,WomenCohortEnrolmentFactory.php,.php,0,other
template/database/factories/WomenRealEstate/WomenDashboardPreferenceFactory.php,WomenDashboardPreferenceFactory.php,.php,0,other
template/database/factories/WomenRealEstate/WomenDashboardWidgetFactory.php,WomenDashboardWidgetFactory.php,.php,0,other
template/database/factories/WomenRealEstate/WomenGoalTrackerFactory.php,WomenGoalTrackerFactory.php,.php,1124,other
template/database/factories/WomenRealEstate/WomenMortgageMarketRateFactory.php,WomenMortgageMarketRateFactory.php,.php,2046,other
template/database/factories/WomenRealEstate/WomenPartnerMatchFactory.php,WomenPartnerMatchFactory.php,.php,0,other
template/database/factories/WomenRealEstate/WomenPartnerProjectFactory.php,WomenPartnerProjectFactory.php,.php,1283,other
template/database/factories/WomenRealEstate/WomenPropertySeekerFactory.php,WomenPropertySeekerFactory.php,.php,2211,other
template/database/factories/WomenRealEstate/WomenUserMediaFactory.php,WomenUserMediaFactory.php,.php,857,other
template/database/factories/WomenRealEstate/WomenVerifiedAgentFactory.php,WomenVerifiedAgentFactory.php,.php,1510,other
template/database/migrations/2014_10_12_000000_create_users_table.php,2014_10_12_000000_create_users_table.php,.php,985,other
template/database/migrations/2017_08_11_073824_create_menus_wp_table.php,2017_08_11_073824_create_menus_wp_table.php,.php,822,other
template/database/migrations/2017_08_11_074006_create_menu_items_wp_table.php,2017_08_11_074006_create_menu_items_wp_table.php,.php,1352,other
template/database/migrations/2019_08_19_000000_create_failed_jobs_table.php,2019_08_19_000000_create_failed_jobs_table.php,.php,856,other
template/database/migrations/2019_12_14_000001_create_personal_access_tokens_table.php,2019_12_14_000001_create_personal_access_tokens_table.php,.php,955,other
template/database/migrations/2023_12_14_095631_create_companies_table.php,2023_12_14_095631_create_companies_table.php,.php,1934,other
template/database/migrations/2023_12_18_102543_create_industry_types_table.php,2023_12_18_102543_create_industry_types_table.php,.php,720,other
template/database/migrations/2023_12_19_111743_create_organization_types_table.php,2023_12_19_111743_create_organization_types_table.php,.php,732,other
template/database/migrations/2023_12_20_045833_create_team_sizes_table.php,2023_12_20_045833_create_team_sizes_table.php,.php,696,other
template/database/migrations/2023_12_20_061004_create_countries_table.php,2023_12_20_061004_create_countries_table.php,.php,657,other
template/database/migrations/2023_12_20_061016_create_states_table.php,2023_12_20_061016_create_states_table.php,.php,740,other
template/database/migrations/2023_12_20_061027_create_cities_table.php,2023_12_20_061027_create_cities_table.php,.php,736,other
template/database/migrations/2023_12_24_095516_create_languages_table.php,2023_12_24_095516_create_languages_table.php,.php,693,other
template/database/migrations/2023_12_24_112740_create_professions_table.php,2023_12_24_112740_create_professions_table.php,.php,699,other
template/database/migrations/2023_12_25_042432_create_skills_table.php,2023_12_25_042432_create_skills_table.php,.php,684,other
template/database/migrations/2023_12_25_055605_create_candidates_table.php,2023_12_25_055605_create_candidates_table.php,.php,1903,other
template/database/migrations/2023_12_25_100255_create_experiences_table.php,2023_12_25_100255_create_experiences_table.php,.php,663,other
template/database/migrations/2023_12_26_062851_create_candidate_languages_table.php,2023_12_26_062851_create_candidate_languages_table.php,.php,793,other
template/database/migrations/2023_12_26_062857_create_candidate_skills_table.php,2023_12_26_062857_create_candidate_skills_table.php,.php,780,other
template/database/migrations/2023_12_27_031235_create_candidate_experiences_table.php,2023_12_27_031235_create_candidate_experiences_table.php,.php,1064,other
template/database/migrations/2023_12_28_043744_create_candidate_education_table.php,2023_12_28_043744_create_candidate_education_table.php,.php,903,other
template/database/migrations/2024_01_01_091246_create_plans_table.php,2024_01_01_091246_create_plans_table.php,.php,1003,other
template/database/migrations/2024_01_02_050030_add_show_at_home_to_plans.php,2024_01_02_050030_add_show_at_home_to_plans.php,.php,685,other
template/database/migrations/2024_01_02_091108_create_payment_settings_table.php,2024_01_02_091108_create_payment_settings_table.php,.php,724,other
template/database/migrations/2024_01_03_061551_create_site_settings_table.php,2024_01_03_061551_create_site_settings_table.php,.php,715,other
template/database/migrations/2024_01_04_055809_create_orders_table.php,2024_01_04_055809_create_orders_table.php,.php,1100,other
template/database/migrations/2024_01_04_095501_create_user_plans_table.php,2024_01_04_095501_create_user_plans_table.php,.php,980,other
template/database/migrations/2024_01_09_035110_create_job_categories_table.php,2024_01_09_035110_create_job_categories_table.php,.php,865,other
template/database/migrations/2024_01_09_055023_create_education_table.php,2024_01_09_055023_create_education_table.php,.php,693,other
template/database/migrations/2024_01_09_065443_create_job_types_table.php,2024_01_09_065443_create_job_types_table.php,.php,693,other
template/database/migrations/2024_01_09_092041_create_salary_types_table.php,2024_01_09_092041_create_salary_types_table.php,.php,702,other
template/database/migrations/2024_01_09_101223_create_tags_table.php,2024_01_09_101223_create_tags_table.php,.php,678,other
template/database/migrations/2024_01_09_105927_create_job_roles_table.php,2024_01_09_105927_create_job_roles_table.php,.php,693,other
template/database/migrations/2024_01_10_032256_create_job_experiences_table.php,2024_01_10_032256_create_job_experiences_table.php,.php,711,other
template/database/migrations/2024_01_10_053636_create_jobs_table.php,2024_01_10_053636_create_jobs_table.php,.php,2255,other
template/database/migrations/2024_01_14_063326_create_job_tags_table.php,2024_01_14_063326_create_job_tags_table.php,.php,742,other
template/database/migrations/2024_01_14_070836_create_benefits_table.php,2024_01_14_070836_create_benefits_table.php,.php,701,other
template/database/migrations/2024_01_14_070853_create_job_benefits_table.php,2024_01_14_070853_create_job_benefits_table.php,.php,758,other
template/database/migrations/2024_01_14_092122_create_job_skills_table.php,2024_01_14_092122_create_job_skills_table.php,.php,750,other
template/database/migrations/2024_01_15_063950_add_softdelete_to_jobs_table.php,2024_01_15_063950_add_softdelete_to_jobs_table.php,.php,640,other
template/database/migrations/2024_01_21_000001_create_advanced_search_tables.php,2024_01_21_000001_create_advanced_search_tables.php,.php,2545,other
template/database/migrations/2024_01_22_092311_create_applied_jobs_table.php,2024_01_22_092311_create_applied_jobs_table.php,.php,712,other
template/database/migrations/2024_01_23_063900_create_job_bookmarks_table.php,2024_01_23_063900_create_job_bookmarks_table.php,.php,721,other
template/database/migrations/2024_01_24_093258_create_heroes_table.php,2024_01_24_093258_create_heroes_table.php,.php,775,other
template/database/migrations/2024_01_25_085554_create_why_choose_us_table.php,2024_01_25_085554_create_why_choose_us_table.php,.php,1129,other
template/database/migrations/2024_01_25_create_candidate_cvs_table.php,2024_01_25_create_candidate_cvs_table.php,.php,3180,other
template/database/migrations/2024_01_26_create_driver_license_types_table.php,2024_01_26_create_driver_license_types_table.php,.php,851,other
template/database/migrations/2024_01_26_create_ethnicities_table.php,2024_01_26_create_ethnicities_table.php,.php,653,other
template/database/migrations/2024_01_26_create_marital_statuses_table.php,2024_01_26_create_marital_statuses_table.php,.php,668,other
template/database/migrations/2024_01_26_create_pronouns_table.php,2024_01_26_create_pronouns_table.php,.php,760,other
template/database/migrations/2024_01_26_create_religions_table.php,2024_01_26_create_religions_table.php,.php,647,other
template/database/migrations/2024_01_26_update_candidates_table_women_focused.php,2024_01_26_update_candidates_table_women_focused.php,.php,4537,other
template/database/migrations/2024_01_28_044404_create_learn_mores_table.php,2024_01_28_044404_create_learn_mores_table.php,.php,829,other
template/database/migrations/2024_01_28_062423_create_counters_table.php,2024_01_28_062423_create_counters_table.php,.php,965,other
template/database/migrations/2024_01_28_110347_create_job_locations_table.php,2024_01_28_110347_create_job_locations_table.php,.php,796,other
template/database/migrations/2024_01_29_064929_create_reviews_table.php,2024_01_29_064929_create_reviews_table.php,.php,802,other
template/database/migrations/2024_01_30_033018_create_abouts_table.php,2024_01_30_033018_create_abouts_table.php,.php,773,other
template/database/migrations/2024_01_30_102934_create_custom_page_builders_table.php,2024_01_30_102934_create_custom_page_builders_table.php,.php,768,other
template/database/migrations/2024_01_31_045344_create_subscribers_table.php,2024_01_31_045344_create_subscribers_table.php,.php,664,other
template/database/migrations/2024_02_01_031615_create_footers_table.php,2024_02_01_031615_create_footers_table.php,.php,729,other
template/database/migrations/2024_02_05_102755_create_permission_tables.php,2024_02_05_102755_create_permission_tables.php,.php,6497,other
template/database/migrations/2024_11_mortgage_property_shares.php,2024_11_mortgage_property_shares.php,.php,2253,other
template/database/migrations/2025_01_create_rental_properties_table.php,2025_01_create_rental_properties_table.php,.php,3022,other
template/database/migrations/2025_02_create_property_seekers_table.php,2025_02_create_property_seekers_table.php,.php,3288,other
template/database/migrations/2025_03_create_ai_property_matches_table.php,2025_03_create_ai_property_matches_table.php,.php,2647,other
template/database/migrations/2025_05_create_rental_inquiries_table.php,2025_05_create_rental_inquiries_table.php,.php,2083,other
template/database/migrations/2025_10_22_160831_add_performance_indexes_to_tables.php,2025_10_22_160831_add_performance_indexes_to_tables.php,.php,5604,other
template/database/migrations/2025_10_23_103602_create_apprenticeships_tables.php,2025_10_23_103602_create_apprenticeships_tables.php,.php,646,other
template/database/migrations/2025_10_24_000001_create_connections_table.php,2025_10_24_000001_create_connections_table.php,.php,778,other
template/database/migrations/2025_10_24_000001_create_experiments_table.php,2025_10_24_000001_create_experiments_table.php,.php,2123,other
template/database/migrations/2025_10_24_000003_create_groups_table.php,2025_10_24_000003_create_groups_table.php,.php,757,other
template/database/migrations/2025_10_24_000004_create_groups_table.php,2025_10_24_000004_create_groups_table.php,.php,1132,other
template/database/migrations/2025_10_24_000004_create_invites_table.php,2025_10_24_000004_create_invites_table.php,.php,891,other
template/database/migrations/2025_10_24_000005_create_group_members_table.php,2025_10_24_000005_create_group_members_table.php,.php,1061,other
template/database/migrations/2025_10_24_000005_create_notifications_table.php,2025_10_24_000005_create_notifications_table.php,.php,861,other
template/database/migrations/2025_10_24_000006_create_badges_table.php,2025_10_24_000006_create_badges_table.php,.php,973,other
template/database/migrations/2025_10_24_000007_create_notifications_table.php,2025_10_24_000007_create_notifications_table.php,.php,1124,other
template/database/migrations/2025_10_24_000007_create_progress_table.php,2025_10_24_000007_create_progress_table.php,.php,962,other
template/database/migrations/2025_10_24_000008_create_invitations_table.php,2025_10_24_000008_create_invitations_table.php,.php,1178,other
template/database/migrations/2025_10_24_000040_create_groups_table.php,2025_10_24_000040_create_groups_table.php,.php,1132,other
template/database/migrations/2025_10_24_000070_create_notifications_table.php,2025_10_24_000070_create_notifications_table.php,.php,1124,other
template/database/migrations/2025_10_24_081246_add_composite_indexes_for_ai_performance.php,2025_10_24_081246_add_composite_indexes_for_ai_performance.php,.php,4173,other
template/database/migrations/2025_10_24_092218_create_candidate_job_alerts_table.php,2025_10_24_092218_create_candidate_job_alerts_table.php,.php,3371,other
template/database/migrations/2025_10_24_095008_create_interview_coach_tables.php,2025_10_24_095008_create_interview_coach_tables.php,.php,647,other
template/database/migrations/2025_10_24_100319_create_interview_coach_tables.php,2025_10_24_100319_create_interview_coach_tables.php,.php,647,other
template/database/migrations/2025_10_24_100324_create_interview_coach_tables.php,2025_10_24_100324_create_interview_coach_tables.php,.php,6369,other
template/database/migrations/2025_10_24_101949_create_skill_gap_analysis_tables.php,2025_10_24_101949_create_skill_gap_analysis_tables.php,.php,655,other
template/database/migrations/2025_10_24_102359_create_skill_gap_analysis_tables.php,2025_10_24_102359_create_skill_gap_analysis_tables.php,.php,6057,other
template/database/migrations/2025_10_24_105213_create_gamification_tables.php,2025_10_24_105213_create_gamification_tables.php,.php,10004,other
template/database/migrations/2025_10_24_122300_add_mobile_to_candidates_table.php,2025_10_24_122300_add_mobile_to_candidates_table.php,.php,781,other
template/database/migrations/2025_10_26_000000_create_warmup_metric_events_table.php,2025_10_26_000000_create_warmup_metric_events_table.php,.php,1493,other
template/database/migrations/2025_10_26_010000_create_warmup_metric_snapshots_table.php,2025_10_26_010000_create_warmup_metric_snapshots_table.php,.php,1055,other
template/database/migrations/2025_10_27_000001_remove_linkedin_from_candidate_cvs_table.php,2025_10_27_000001_remove_linkedin_from_candidate_cvs_table.php,.php,803,other
template/database/migrations/2025_10_27_000100_add_metadata_columns_to_warmup_metric_events_table.php,2025_10_27_000100_add_metadata_columns_to_warmup_metric_events_table.php,.php,1560,other
template/database/migrations/2025_10_27_000200_add_metadata_to_warmup_metric_snapshots_table.php,2025_10_27_000200_add_metadata_to_warmup_metric_snapshots_table.php,.php,1444,other
template/database/migrations/2025_10_27_120000_create_candidate_resume_snapshots_table.php,2025_10_27_120000_create_candidate_resume_snapshots_table.php,.php,1394,other
template/database/migrations/2025_10_29_000001_create_job_recommendation_audits_table.php,2025_10_29_000001_create_job_recommendation_audits_table.php,.php,1249,other
template/database/migrations/2025_10_29_000002_create_billing_tables.php,2025_10_29_000002_create_billing_tables.php,.php,2278,other
template/database/migrations/2025_10_30_000001_create_organization_pages_table.php,2025_10_30_000001_create_organization_pages_table.php,.php,1821,other
template/database/migrations/2025_10_30_000003_create_org_media_assets_table.php,2025_10_30_000003_create_org_media_assets_table.php,.php,1350,other
template/database/migrations/2025_10_30_000006_create_courses_table.php,2025_10_30_000006_create_courses_table.php,.php,1685,other
template/database/migrations/2025_10_30_000007_create_course_intakes_table.php,2025_10_30_000007_create_course_intakes_table.php,.php,876,other
template/database/migrations/2025_10_30_000008_create_apprenticeship_programs_table.php,2025_10_30_000008_create_apprenticeship_programs_table.php,.php,1133,other
template/database/migrations/2025_10_30_000009_create_leads_table.php,2025_10_30_000009_create_leads_table.php,.php,981,other
template/database/migrations/2025_10_30_000010_create_ad_campaigns_table.php,2025_10_30_000010_create_ad_campaigns_table.php,.php,1117,other
template/database/migrations/2025_10_30_000011_create_ad_creatives_table.php,2025_10_30_000011_create_ad_creatives_table.php,.php,914,other
template/database/migrations/2025_10_30_000012_create_ad_metrics_daily_table.php,2025_10_30_000012_create_ad_metrics_daily_table.php,.php,944,other
template/database/migrations/2025_10_31_000004_add_processing_columns_to_org_media_assets_table.php,2025_10_31_000004_add_processing_columns_to_org_media_assets_table.php,.php,2351,other
template/database/migrations/2025_10_31_000005_create_org_invite_logs_table.php,2025_10_31_000005_create_org_invite_logs_table.php,.php,796,other
template/database/migrations/2025_10_31_150600_add_website_back_to_candidates_table.php,2025_10_31_150600_add_website_back_to_candidates_table.php,.php,699,other
template/database/migrations/2025_11_01_000100_add_foundation_columns_to_companies_table.php,2025_11_01_000100_add_foundation_columns_to_companies_table.php,.php,4484,other
template/database/migrations/2025_11_01_000200_add_workflow_columns_to_jobs_table.php,2025_11_01_000200_add_workflow_columns_to_jobs_table.php,.php,4402,other
template/database/migrations/2025_11_01_010000_add_slug_to_courses_table.php,2025_11_01_010000_add_slug_to_courses_table.php,.php,2469,other
template/database/migrations/2025_11_02_000001_create_apprenticeship_competencies_table.php,2025_11_02_000001_create_apprenticeship_competencies_table.php,.php,1191,other
template/database/migrations/2025_11_02_000002_create_apprenticeship_progress_records_table.php,2025_11_02_000002_create_apprenticeship_progress_records_table.php,.php,1609,other
template/database/migrations/2025_11_02_000003_create_subsidy_programs_table.php,2025_11_02_000003_create_subsidy_programs_table.php,.php,1368,other
template/database/migrations/2025_11_02_000004_create_course_intake_subsidy_program_table.php,2025_11_02_000004_create_course_intake_subsidy_program_table.php,.php,1003,other
template/database/migrations/2025_11_02_120500_add_scoring_columns_to_leads_table.php,2025_11_02_120500_add_scoring_columns_to_leads_table.php,.php,1256,other
template/database/migrations/2025_11_02_140000_create_advertising_campaigns_table.php,2025_11_02_140000_create_advertising_campaigns_table.php,.php,1255,other
template/database/migrations/2025_11_02_140100_create_advertising_audience_segments_table.php,2025_11_02_140100_create_advertising_audience_segments_table.php,.php,784,other
template/database/migrations/2025_11_02_140200_create_advertising_campaign_audience_table.php,2025_11_02_140200_create_advertising_campaign_audience_table.php,.php,961,other
template/database/migrations/2025_11_02_140300_create_advertising_creatives_table.php,2025_11_02_140300_create_advertising_creatives_table.php,.php,1631,other
template/database/migrations/2025_11_02_140400_create_advertising_campaign_metrics_table.php,2025_11_02_140400_create_advertising_campaign_metrics_table.php,.php,1439,other
template/database/migrations/2025_11_02_150000_create_lead_notes_table.php,2025_11_02_150000_create_lead_notes_table.php,.php,830,other
template/database/migrations/2025_11_02_160000_add_system_fields_to_lead_notes_table.php,2025_11_02_160000_add_system_fields_to_lead_notes_table.php,.php,712,other
template/database/migrations/2025_11_03_000001_normalize_apprenticeship_competency_sequences.php,2025_11_03_000001_normalize_apprenticeship_competency_sequences.php,.php,284,other
template/database/migrations/2025_11_03_210000_create_scholarships_table.php,2025_11_03_210000_create_scholarships_table.php,.php,276,other
template/database/migrations/2025_11_03_210100_create_scholarship_tags_table.php,2025_11_03_210100_create_scholarship_tags_table.php,.php,280,other
template/database/migrations/2025_11_03_210110_create_scholarship_tag_pivot_table.php,2025_11_03_210110_create_scholarship_tag_pivot_table.php,.php,282,other
template/database/migrations/2025_11_03_210200_create_scholarship_requirements_table.php,2025_11_03_210200_create_scholarship_requirements_table.php,.php,283,other
template/database/migrations/2025_11_03_210210_create_scholarship_documents_table.php,2025_11_03_210210_create_scholarship_documents_table.php,.php,263,other
template/database/migrations/2025_11_03_210300_create_candidate_scholarship_matches_table.php,2025_11_03_210300_create_candidate_scholarship_matches_table.php,.php,270,other
template/database/migrations/2025_11_03_210310_create_scholarship_saved_lists_table.php,2025_11_03_210310_create_scholarship_saved_lists_table.php,.php,265,other
template/database/migrations/2025_11_03_210320_create_scholarship_reminders_table.php,2025_11_03_210320_create_scholarship_reminders_table.php,.php,262,other
template/database/migrations/2025_11_03_210400_create_scholarship_applications_table.php,2025_11_03_210400_create_scholarship_applications_table.php,.php,266,other
template/database/migrations/2025_11_03_210410_create_scholarship_application_documents_table.php,2025_11_03_210410_create_scholarship_application_documents_table.php,.php,268,other
template/database/migrations/2025_11_03_210420_create_scholarship_application_audits_table.php,2025_11_03_210420_create_scholarship_application_audits_table.php,.php,271,other
template/database/migrations/2025_11_06_000100_create_womenrise_core_tables.php,2025_11_06_000100_create_womenrise_core_tables.php,.php,5380,other
template/database/migrations/2025_11_06_020300_update_onboarding_step_enum.php,2025_11_06_020300_update_onboarding_step_enum.php,.php,821,other
template/database/migrations/2025_11_06_030400_create_onboarding_events_table.php,2025_11_06_030400_create_onboarding_events_table.php,.php,735,other
template/database/migrations/2025_11_07_000001_create_analytics_events_table.php,2025_11_07_000001_create_analytics_events_table.php,.php,827,other
template/database/migrations/2025_11_08_120000_create_candidate_journey_kpi_snapshots_table.php,2025_11_08_120000_create_candidate_journey_kpi_snapshots_table.php,.php,1340,other
template/database/migrations/2025_11_09_100000_create_timezones_table.php,2025_11_09_100000_create_timezones_table.php,.php,753,other
template/database/migrations/2025_11_09_160000_create_career_intelligence_snapshots_table.php,2025_11_09_160000_create_career_intelligence_snapshots_table.php,.php,1144,other
template/database/migrations/2025_11_09_160100_create_vertical_insights_table.php,2025_11_09_160100_create_vertical_insights_table.php,.php,939,other
template/database/migrations/2025_11_09_160200_create_creator_payouts_table.php,2025_11_09_160200_create_creator_payouts_table.php,.php,1167,other
template/database/migrations/2025_11_11_101200_create_mortgage_rates_table.php,2025_11_11_101200_create_mortgage_rates_table.php,.php,1558,other
template/database/migrations/2025_11_11_150500_add_account_classification_to_users_table.php,2025_11_11_150500_add_account_classification_to_users_table.php,.php,909,other
template/database/migrations/2025_11_11_150700_create_partnership_matches_table.php,2025_11_11_150700_create_partnership_matches_table.php,.php,1173,other
template/database/migrations/2025_11_11_150800_create_mortgage_rate_snapshots_table.php,2025_11_11_150800_create_mortgage_rate_snapshots_table.php,.php,1324,other
template/database/migrations/2025_11_12_000001_create_mortgage_intelligence_access_logs_table.php,2025_11_12_000001_create_mortgage_intelligence_access_logs_table.php,.php,1012,other
template/database/migrations/2025_11_12_010000_create_real_estate_learning_paths_table.php,2025_11_12_010000_create_real_estate_learning_paths_table.php,.php,1175,other
template/database/migrations/2025_11_12_010100_create_learning_path_enrolments_table.php,2025_11_12_010100_create_learning_path_enrolments_table.php,.php,1181,other
template/database/migrations/2025_11_12_110000_create_women_real_estate_tables.php,2025_11_12_110000_create_women_real_estate_tables.php,.php,9205,other
template/database/migrations/2025_11_14_120500_add_women_real_estate_enhancements.php,2025_11_14_120500_add_women_real_estate_enhancements.php,.php,3543,other
template/database/migrations/2025_11_14_121500_create_women_cohort_partner_dashboard_tables.php,2025_11_14_121500_create_women_cohort_partner_dashboard_tables.php,.php,4888,other
template/database/migrations/2025_11_14_163608_alter_jobs_table_add_queue_column.php,2025_11_14_163608_alter_jobs_table_add_queue_column.php,.php,682,other
template/database/migrations/2025_11_14_163625_create_jobs_table_fresh.php,2025_11_14_163625_create_jobs_table_fresh.php,.php,539,other
template/database/migrations/2025_11_14_163628_fix_jobs_table.php,2025_11_14_163628_fix_jobs_table.php,.php,969,other
template/database/migrations/2025_11_14_163707_create_queue_jobs_table.php,2025_11_14_163707_create_queue_jobs_table.php,.php,890,other
template/database/migrations/2025_11_15_001_create_women_rental_properties_table.php,2025_11_15_001_create_women_rental_properties_table.php,.php,2177,other
template/database/migrations/2025_11_15_002_create_women_property_seekers_table.php,2025_11_15_002_create_women_property_seekers_table.php,.php,2362,other
template/database/migrations/2025_11_15_003_create_women_property_matches_table.php,2025_11_15_003_create_women_property_matches_table.php,.php,2060,other
template/database/migrations/2025_11_15_004_create_women_rental_inquiries_table.php,2025_11_15_004_create_women_rental_inquiries_table.php,.php,1639,other
template/database/migrations/2025_11_16_000001_create_public_sector_agencies_table.php,2025_11_16_000001_create_public_sector_agencies_table.php,.php,1325,other
template/database/migrations/2025_11_16_000002_create_public_sector_programs_table.php,2025_11_16_000002_create_public_sector_programs_table.php,.php,1216,other
template/database/migrations/2025_11_16_000003_create_public_sector_opportunities_table.php,2025_11_16_000003_create_public_sector_opportunities_table.php,.php,1584,other
template/database/migrations/2025_11_16_000004_create_public_sector_insights_table.php,2025_11_16_000004_create_public_sector_insights_table.php,.php,958,other
template/database/migrations/2025_11_16_000005_create_public_sector_engagements_table.php,2025_11_16_000005_create_public_sector_engagements_table.php,.php,940,other
template/database/migrations/2025_11_16_000100_create_tafe_institutions_table.php,2025_11_16_000100_create_tafe_institutions_table.php,.php,1744,other
template/database/migrations/2025_11_16_000200_create_tafe_programs_table.php,2025_11_16_000200_create_tafe_programs_table.php,.php,2427,other
template/database/migrations/2025_11_16_000300_create_tafe_program_intakes_table.php,2025_11_16_000300_create_tafe_program_intakes_table.php,.php,1201,other
template/database/migrations/2025_11_16_000400_create_tafe_student_journeys_table.php,2025_11_16_000400_create_tafe_student_journeys_table.php,.php,1641,other
template/database/migrations/2025_11_16_150000_create_women_cohort_timeline_events_table.php,2025_11_16_150000_create_women_cohort_timeline_events_table.php,.php,1021,other
template/database/migrations/2025_11_16_170100_create_business_milestones_table.php,2025_11_16_170100_create_business_milestones_table.php,.php,1153,other
template/database/migrations/2025_11_16_170200_create_business_resources_table.php,2025_11_16_170200_create_business_resources_table.php,.php,1073,other
template/database/migrations/2025_11_17_000000_create_ai_client_alerts_table.php,2025_11_17_000000_create_ai_client_alerts_table.php,.php,1019,other
template/database/migrations/2025_11_17_010000_create_cdn_latency_samples_table.php,2025_11_17_010000_create_cdn_latency_samples_table.php,.php,990,other
template/database/migrations/2025_11_17_010300_create_wellness_buddy_invites_table.php,2025_11_17_010300_create_wellness_buddy_invites_table.php,.php,1392,other
template/database/migrations/2025_11_17_150500_expand_invites_and_create_contact_sync_tables.php,2025_11_17_150500_expand_invites_and_create_contact_sync_tables.php,.php,3703,other
template/database/migrations/2025_11_18_130000_add_real_estate_onboarding_columns_to_users.php,2025_11_18_130000_add_real_estate_onboarding_columns_to_users.php,.php,1508,other
template/database/migrations/2025_11_18_130100_create_women_real_estate_user_media_table.php,2025_11_18_130100_create_women_real_estate_user_media_table.php,.php,1077,other
template/database/migrations/2025_11_19_000210_create_community_structures.php,2025_11_19_000210_create_community_structures.php,.php,14164,other
template/database/migrations/2025_11_19_232000_create_commerce_structures_and_thread_bindings.php,2025_11_19_232000_create_commerce_structures_and_thread_bindings.php,.php,19254,other
template/database/migrations/2025_11_20_100000_create_grant_programs_table.php,2025_11_20_100000_create_grant_programs_table.php,.php,1593,other
template/database/migrations/2025_11_20_100100_create_grant_applications_table.php,2025_11_20_100100_create_grant_applications_table.php,.php,1375,other
template/database/migrations/2025_11_20_100210_create_budget_categories_table.php,2025_11_20_100210_create_budget_categories_table.php,.php,922,other
template/database/migrations/2025_11_20_100220_create_budget_transactions_table.php,2025_11_20_100220_create_budget_transactions_table.php,.php,1011,other
template/database/migrations/2025_11_20_100300_create_debt_submissions_table.php,2025_11_20_100300_create_debt_submissions_table.php,.php,992,other
template/database/migrations/2025_11_21_120000_add_user_intentions_to_users_table.php,2025_11_21_120000_add_user_intentions_to_users_table.php,.php,870,other
template/database/migrations/2025_11_21_120000_create_career_interests_table.php,2025_11_21_120000_create_career_interests_table.php,.php,1624,other
template/database/migrations/2025_11_22_120000_add_preapplication_fields_to_career_interests_table.php,2025_11_22_120000_add_preapplication_fields_to_career_interests_table.php,.php,2059,other
template/database/migrations/2025_11_23_000001_create_bank_accounts_table.php,2025_11_23_000001_create_bank_accounts_table.php,.php,1026,other
template/database/migrations/2025_11_23_000001_create_budgets_table.php,2025_11_23_000001_create_budgets_table.php,.php,858,other
template/database/migrations/2025_11_23_000002_create_bank_transactions_table.php,2025_11_23_000002_create_bank_transactions_table.php,.php,1365,other
template/database/migrations/2025_11_23_000002_create_budget_items_table.php,2025_11_23_000002_create_budget_items_table.php,.php,828,other
template/database/migrations/2025_11_23_000003_create_bank_transaction_contexts_table.php,2025_11_23_000003_create_bank_transaction_contexts_table.php,.php,958,other
template/database/migrations/2025_11_23_000003_create_debts_table.php,2025_11_23_000003_create_debts_table.php,.php,799,other
template/database/migrations/2025_11_23_000004_add_surface_to_bank_transaction_contexts_table.php,2025_11_23_000004_add_surface_to_bank_transaction_contexts_table.php,.php,895,other
template/database/migrations/2025_11_23_120000_create_business_cashbooks_table.php,2025_11_23_120000_create_business_cashbooks_table.php,.php,988,other
template/database/migrations/2025_11_23_120000_create_business_disclaimer_acceptances_table.php,2025_11_23_120000_create_business_disclaimer_acceptances_table.php,.php,953,other
template/database/migrations/2025_11_23_120100_create_business_cashbook_entries_table.php,2025_11_23_120100_create_business_cashbook_entries_table.php,.php,1240,other
template/database/migrations/2025_11_23_120200_create_business_budgets_table.php,2025_11_23_120200_create_business_budgets_table.php,.php,891,other
template/database/migrations/2025_11_23_120300_create_business_budget_lines_table.php,2025_11_23_120300_create_business_budget_lines_table.php,.php,949,other
template/database/migrations/2025_11_24_000005_add_context_key_to_bank_transaction_contexts_table.php,2025_11_24_000005_add_context_key_to_bank_transaction_contexts_table.php,.php,932,other
template/database/migrations/2025_11_24_000005_create_legal_documents_table.php,2025_11_24_000005_create_legal_documents_table.php,.php,1229,other
template/database/migrations/2025_11_24_000010_create_procurement_pipeline_tables.php,2025_11_24_000010_create_procurement_pipeline_tables.php,.php,4015,other
template/database/migrations/2025_11_24_000901_create_wellbeing_events_table.php,2025_11_24_000901_create_wellbeing_events_table.php,.php,1204,other
template/database/migrations/2025_11_24_000902_create_wellbeing_partner_offers_table.php,2025_11_24_000902_create_wellbeing_partner_offers_table.php,.php,1056,other
template/database/migrations/2025_11_24_120000_add_cohort_slug_and_referral_code_constraints_to_invites_table.php,2025_11_24_120000_add_cohort_slug_and_referral_code_constraints_to_invites_table.php,.php,1751,other
template/database/migrations/2025_11_24_120000_create_connection_activity_logs_table.php,2025_11_24_120000_create_connection_activity_logs_table.php,.php,1160,other
template/database/migrations/2025_11_24_120200_create_privacy_access_logs_table.php,2025_11_24_120200_create_privacy_access_logs_table.php,.php,1103,other
template/database/migrations/2025_11_24_130100_create_mentorship_matches_table.php,2025_11_24_130100_create_mentorship_matches_table.php,.php,1545,other
template/database/migrations/2025_11_24_130200_update_invitations_for_templates.php,2025_11_24_130200_update_invitations_for_templates.php,.php,2655,other
template/database/migrations/2025_11_25_000210_replace_linkedin_columns.php,2025_11_25_000210_replace_linkedin_columns.php,.php,1697,other
template/database/migrations/2025_11_25_000500_create_consent_logs_table.php,2025_11_25_000500_create_consent_logs_table.php,.php,1237,other
template/database/migrations/2025_11_25_000600_create_compliance_audits_table.php,2025_11_25_000600_create_compliance_audits_table.php,.php,1127,other
template/database/migrations/2025_11_26_000500_create_user_primary_purposes_table.php,2025_11_26_000500_create_user_primary_purposes_table.php,.php,1147,other
template/database/migrations/2025_11_26_100000_create_media_upload_sessions_table.php,2025_11_26_100000_create_media_upload_sessions_table.php,.php,1827,other
template/database/migrations/2025_11_26_100001_create_media_upload_chunks_table.php,2025_11_26_100001_create_media_upload_chunks_table.php,.php,1056,other
template/database/migrations/2025_11_26_142000_backfill_dashboard_feature_flags.php,2025_11_26_142000_backfill_dashboard_feature_flags.php,.php,1434,other
template/database/migrations/2025_11_26_150500_add_scan_columns_to_media_upload_sessions_table.php,2025_11_26_150500_add_scan_columns_to_media_upload_sessions_table.php,.php,2413,other
template/database/migrations/2025_11_26_153500_create_role_dashboard_metrics_views.php,2025_11_26_153500_create_role_dashboard_metrics_views.php,.php,2162,other
template/database/migrations/2025_11_27_000001_create_pathway_tables.php,2025_11_27_000001_create_pathway_tables.php,.php,3992,other
template/database/migrations/2025_11_27_000002_create_opportunity_radar_entries_table.php,2025_11_27_000002_create_opportunity_radar_entries_table.php,.php,1285,other
template/database/migrations/2025_11_27_000003_create_impact_index_snapshots_table.php,2025_11_27_000003_create_impact_index_snapshots_table.php,.php,769,other
template/database/migrations/2025_11_27_090000_create_advertising_slots_table.php,2025_11_27_090000_create_advertising_slots_table.php,.php,1594,other
template/database/migrations/2025_11_27_090100_create_advertising_slot_revenue_snapshots_table.php,2025_11_27_090100_create_advertising_slot_revenue_snapshots_table.php,.php,1227,other
template/database/migrations/2025_11_27_110000_create_security_audit_logs_table.php,2025_11_27_110000_create_security_audit_logs_table.php,.php,1062,other
template/database/migrations/2025_11_27_120000_add_export_metadata_to_security_audit_logs_table.php,2025_11_27_120000_add_export_metadata_to_security_audit_logs_table.php,.php,818,other
template/database/migrations/2025_11_27_120000_create_device_capture_consents_table.php,2025_11_27_120000_create_device_capture_consents_table.php,.php,1026,other
template/database/migrations/2025_11_27_150000_create_bundle_offers_table.php,2025_11_27_150000_create_bundle_offers_table.php,.php,2463,other
template/database/migrations/2025_11_28_100000_add_institution_to_candidate_education_table.php,2025_11_28_100000_add_institution_to_candidate_education_table.php,.php,653,other
template/database/migrations/2025_11_28_120000_create_automotive_tables.php,2025_11_28_120000_create_automotive_tables.php,.php,1922,other
template/database/migrations/2025_11_28_193028_create_marketing_attribution_table.php,2025_11_28_193028_create_marketing_attribution_table.php,.php,1393,other
template/database/migrations/2025_11_28_193029_create_referrals_table.php,2025_11_28_193029_create_referrals_table.php,.php,1204,other
template/database/migrations/2025_11_28_200000_enhance_wellbeing_tables.php,2025_11_28_200000_enhance_wellbeing_tables.php,.php,1906,other
template/database/migrations/2025_11_29_000000_create_health_insurance_plans_table.php,2025_11_29_000000_create_health_insurance_plans_table.php,.php,949,other
template/database/migrations/2025_11_29_000000_enhance_automotive_suite.php,2025_11_29_000000_enhance_automotive_suite.php,.php,4561,other
template/database/migrations/2025_11_29_121217_add_market_data_to_companies_table.php,2025_11_29_121217_add_market_data_to_companies_table.php,.php,995,other
template/database/migrations/2025_11_29_130728_create_tax_assets_table.php,2025_11_29_130728_create_tax_assets_table.php,.php,1150,other
template/database/migrations/2025_11_29_130731_create_vehicle_logbooks_table.php,2025_11_29_130731_create_vehicle_logbooks_table.php,.php,892,other
template/database/migrations/2025_11_29_130732_create_receipts_table.php,2025_11_29_130732_create_receipts_table.php,.php,1040,other
template/database/migrations/2025_11_29_130733_create_vehicle_logbook_entries_table.php,2025_11_29_130733_create_vehicle_logbook_entries_table.php,.php,1095,other
template/database/migrations/2025_11_30_000000_add_platform_roles_to_users_table.php,2025_11_30_000000_add_platform_roles_to_users_table.php,.php,4488,other
template/database/migrations/2025_11_30_120500_create_user_subscriptions_table.php,2025_11_30_120500_create_user_subscriptions_table.php,.php,920,other
template/database/migrations/2025_11_30_140000_create_identity_flags_table.php,2025_11_30_140000_create_identity_flags_table.php,.php,1565,other
template/database/migrations/2025_11_30_150000_add_appeal_fields_to_identity_flags_table.php,2025_11_30_150000_add_appeal_fields_to_identity_flags_table.php,.php,742,other
template/database/migrations/2025_11_30_150100_create_sessions_extended_table.php,2025_11_30_150100_create_sessions_extended_table.php,.php,1126,other
template/database/migrations/2025_11_30_160000_add_owner_id_to_public_sector_agencies_table.php,2025_11_30_160000_add_owner_id_to_public_sector_agencies_table.php,.php,641,other
template/database/migrations/2025_12_01_000000_update_role_column_in_users_table.php,2025_12_01_000000_update_role_column_in_users_table.php,.php,1268,other
template/database/migrations/2025_12_01_000001_enhance_pathway_tables.php,2025_12_01_000001_enhance_pathway_tables.php,.php,6619,other
template/database/migrations/2025_12_02_000001_migrate_candidate_role_to_member.php,2025_12_02_000001_migrate_candidate_role_to_member.php,.php,2870,other
template/database/migrations/2025_12_07_000000_create_dream_job_alerts_table.php,2025_12_07_000000_create_dream_job_alerts_table.php,.php,1092,other
template/database/migrations/2025_12_07_000100_create_job_alert_matches_table.php,2025_12_07_000100_create_job_alert_matches_table.php,.php,794,other
template/database/migrations/2025_12_07_000200_add_notification_prefs_to_users.php,2025_12_07_000200_add_notification_prefs_to_users.php,.php,1148,other
template/database/migrations/2025_12_07_000300_add_explanation_to_job_alert_matches.php,2025_12_07_000300_add_explanation_to_job_alert_matches.php,.php,770,other
template/database/seeders/AdvertisingSlotSeeder.php,AdvertisingSlotSeeder.php,.php,330,other
template/database/seeders/AustraliaWomenFirstSeeder.php,AustraliaWomenFirstSeeder.php,.php,256,other
template/database/seeders/AutomotiveSeeder.php,AutomotiveSeeder.php,.php,264,other
template/database/seeders/BankFeedSeeder.php,BankFeedSeeder.php,.php,261,other
template/database/seeders/BusinessFinanceDemoSeeder.php,BusinessFinanceDemoSeeder.php,.php,4877,other
template/database/seeders/CandidateSeeder.php,CandidateSeeder.php,.php,741,other
template/database/seeders/CareerIntelligenceSnapshotSeeder.php,CareerIntelligenceSnapshotSeeder.php,.php,328,other
template/database/seeders/CitySeeder.php,CitySeeder.php,.php,287633,other
template/database/seeders/CompanyLocationBackfillSeeder.php,CompanyLocationBackfillSeeder.php,.php,2708,other
template/database/seeders/CompanyUserSeeder.php,CompanyUserSeeder.php,.php,643,other
template/database/seeders/CountrySeeder.php,CountrySeeder.php,.php,324,other
template/database/seeders/CreatorPayoutSeeder.php,CreatorPayoutSeeder.php,.php,290,other
template/database/seeders/DatabaseSeeder.php,DatabaseSeeder.php,.php,3339,other
template/database/seeders/DriverLicenseTypeSeeder.php,DriverLicenseTypeSeeder.php,.php,221,other
template/database/seeders/DummyDataSeeder.php,DummyDataSeeder.php,.php,5039,other
template/database/seeders/EntertainmentSeeder.php,EntertainmentSeeder.php,.php,6715,other
template/database/seeders/EthnicitySeeder.php,EthnicitySeeder.php,.php,205,other
template/database/seeders/ExperienceSeeder.php,ExperienceSeeder.php,.php,333,other
template/database/seeders/ExperimentSeeder.php,ExperimentSeeder.php,.php,1320,other
template/database/seeders/FinancialWellnessSeeder.php,FinancialWellnessSeeder.php,.php,2910,other
template/database/seeders/GrantProgramSeeder.php,GrantProgramSeeder.php,.php,271,other
template/database/seeders/IndustryTypeSeeder.php,IndustryTypeSeeder.php,.php,339,other
template/database/seeders/JobCategorySeeder.php,JobCategorySeeder.php,.php,455,other
template/database/seeders/JobEducationSeeder.php,JobEducationSeeder.php,.php,336,other
template/database/seeders/JobExperienceSeeder.php,JobExperienceSeeder.php,.php,752,other
template/database/seeders/JobRoleSeeder.php,JobRoleSeeder.php,.php,324,other
template/database/seeders/JobSalaryTypeSeeder.php,JobSalaryTypeSeeder.php,.php,339,other
template/database/seeders/JobTagSeeder.php,JobTagSeeder.php,.php,318,other
template/database/seeders/JobTypeSeeder.php,JobTypeSeeder.php,.php,349,other
template/database/seeders/LanguageSeeder.php,LanguageSeeder.php,.php,584,other
template/database/seeders/MaritalStatusSeeder.php,MaritalStatusSeeder.php,.php,213,other
template/database/seeders/MenuSeeder.php,MenuSeeder.php,.php,742,other
template/database/seeders/MortgageRateSnapshotSeeder.php,MortgageRateSnapshotSeeder.php,.php,284,other
template/database/seeders/NavigationMenuSeeder.php,NavigationMenuSeeder.php,.php,261,other
template/database/seeders/OperationsDashboardPermissionSeeder.php,OperationsDashboardPermissionSeeder.php,.php,1166,other
template/database/seeders/OrgPageSeeder.php,OrgPageSeeder.php,.php,244,other
template/database/seeders/OrganizationTypeSeeder.php,OrganizationTypeSeeder.php,.php,351,other
template/database/seeders/PaymentSettingSeeder.php,PaymentSettingSeeder.php,.php,5933,other
template/database/seeders/PrdPersonaSeeder.php,PrdPersonaSeeder.php,.php,16662,other
template/database/seeders/ProfessionSeeder.php,ProfessionSeeder.php,.php,333,other
template/database/seeders/PronounSeeder.php,PronounSeeder.php,.php,201,other
template/database/seeders/PublicSectorDemoSeeder.php,PublicSectorDemoSeeder.php,.php,444,other
template/database/seeders/PublicSectorEngagementSeeder.php,PublicSectorEngagementSeeder.php,.php,1991,other
template/database/seeders/RealEstateLearningPathSeeder.php,RealEstateLearningPathSeeder.php,.php,288,other
template/database/seeders/ReligionSeeder.php,ReligionSeeder.php,.php,203,other
template/database/seeders/RoleDashboardsDemoSeeder.php,RoleDashboardsDemoSeeder.php,.php,488,other
template/database/seeders/RolePermissionSeeder.php,RolePermissionSeeder.php,.php,10500,other
template/database/seeders/RolesAndPermissionsSeeder.php,RolesAndPermissionsSeeder.php,.php,1812,other
template/database/seeders/SalaryTransparencySeeder.php,SalaryTransparencySeeder.php,.php,257,other
template/database/seeders/SiteSettingSeeder.php,SiteSettingSeeder.php,.php,2546,other
template/database/seeders/SkillSeeder.php,SkillSeeder.php,.php,318,other
template/database/seeders/StateSeeder.php,StateSeeder.php,.php,254057,other
template/database/seeders/SuccessStoriesSeeder.php,SuccessStoriesSeeder.php,.php,230,other
template/database/seeders/TafeUniversityDemoSeeder.php,TafeUniversityDemoSeeder.php,.php,329,other
template/database/seeders/TeamSizeSeeder.php,TeamSizeSeeder.php,.php,327,other
template/database/seeders/TimezoneSeeder.php,TimezoneSeeder.php,.php,260,other
template/database/seeders/VerticalInsightsSeeder.php,VerticalInsightsSeeder.php,.php,253,other
template/database/seeders/WellbeingEventSeeder.php,WellbeingEventSeeder.php,.php,247,other
template/database/seeders/WellbeingPartnerOfferSeeder.php,WellbeingPartnerOfferSeeder.php,.php,261,other
template/database/seeders/WomenEmpowermentSeeder.php,WomenEmpowermentSeeder.php,.php,218,other
template/database/seeders/WomenRealEstateSeeder.php,WomenRealEstateSeeder.php,.php,17456,other
template/database/seeders/WomenRiseCoreSeeder.php,WomenRiseCoreSeeder.php,.php,899,other
template/database/seeders/data/prd_personas.php,prd_personas.php,.php,16181,other
template/moneyman-laravel/app/Http/Controllers/Org/AdCampaignController.php,AdCampaignController.php,.php,1218,other
template/moneyman-laravel/app/Http/Controllers/Org/AdCreativeController.php,AdCreativeController.php,.php,688,other
template/moneyman-laravel/app/Http/Controllers/Org/CourseController.php,CourseController.php,.php,2205,other
template/moneyman-laravel/app/Http/Controllers/Org/IntakeController.php,IntakeController.php,.php,629,other
template/moneyman-laravel/app/Http/Controllers/Org/OrgMediaController.php,OrgMediaController.php,.php,1178,other
template/moneyman-laravel/app/Http/Controllers/Org/OrganizationPageController.php,OrganizationPageController.php,.php,3224,other
template/moneyman-laravel/app/Models/AdCampaign.php,AdCampaign.php,.php,372,other
template/moneyman-laravel/app/Models/AdCreative.php,AdCreative.php,.php,213,other
template/moneyman-laravel/app/Models/AdMetricsDaily.php,AdMetricsDaily.php,.php,316,other
template/moneyman-laravel/app/Models/ApprenticeshipProgram.php,ApprenticeshipProgram.php,.php,304,other
template/moneyman-laravel/app/Models/Course.php,Course.php,.php,611,other
template/moneyman-laravel/app/Models/CourseIntake.php,CourseIntake.php,.php,358,other
template/moneyman-laravel/app/Models/Lead.php,Lead.php,.php,318,other
template/moneyman-laravel/app/Models/OrgMediaAsset.php,OrgMediaAsset.php,.php,331,other
template/moneyman-laravel/app/Models/OrganizationPage.php,OrganizationPage.php,.php,687,other
template/moneyman-laravel/database/migrations/2025_10_30_000001_create_organization_pages_table.php,2025_10_30_000001_create_organization_pages_table.php,.php,1093,other
template/moneyman-laravel/database/migrations/2025_10_30_000003_create_org_media_assets_table.php,2025_10_30_000003_create_org_media_assets_table.php,.php,995,other
template/moneyman-laravel/database/migrations/2025_10_30_000006_create_courses_table.php,2025_10_30_000006_create_courses_table.php,.php,1324,other
template/moneyman-laravel/database/migrations/2025_10_30_000007_create_course_intakes_table.php,2025_10_30_000007_create_course_intakes_table.php,.php,795,other
template/moneyman-laravel/database/migrations/2025_10_30_000008_create_apprenticeship_programs_table.php,2025_10_30_000008_create_apprenticeship_programs_table.php,.php,836,other
template/moneyman-laravel/database/migrations/2025_10_30_000009_create_leads_table.php,2025_10_30_000009_create_leads_table.php,.php,896,other
template/moneyman-laravel/database/migrations/2025_10_30_000010_create_ad_campaigns_table.php,2025_10_30_000010_create_ad_campaigns_table.php,.php,970,other
template/moneyman-laravel/database/migrations/2025_10_30_000011_create_ad_creatives_table.php,2025_10_30_000011_create_ad_creatives_table.php,.php,761,other
template/moneyman-laravel/database/migrations/2025_10_30_000012_create_ad_metrics_daily_table.php,2025_10_30_000012_create_ad_metrics_daily_table.php,.php,1033,other
template/moneyman-laravel/routes/api_org_pages_ads.php,api_org_pages_ads.php,.php,1942,other
template/public/db.php,db.php,.php,0,other
template/public/index.php,index.php,.php,1786,other
template/resources/views/account/purpose/edit.blade.php,edit.blade.php,.php,9744,other
template/resources/views/account/security/sessions.blade.php,sessions.blade.php,.php,7621,other
template/resources/views/ai/concierge.blade.php,concierge.blade.php,.php,16495,other
template/resources/views/analytics/candidate-dashboard.blade.php,candidate-dashboard.blade.php,.php,3047,other
template/resources/views/analytics/company-dashboard.blade.php,company-dashboard.blade.php,.php,3071,other
template/resources/views/api-docs/index.blade.php,index.blade.php,.php,1395,other
template/resources/views/apprenticeships/index.blade.php,index.blade.php,.php,12551,other
template/resources/views/automotive/finance/apply.blade.php,apply.blade.php,.php,1988,other
template/resources/views/automotive/finance/success.blade.php,success.blade.php,.php,1260,other
template/resources/views/automotive/guide.blade.php,guide.blade.php,.php,2217,other
template/resources/views/automotive/guide_results.blade.php,guide_results.blade.php,.php,4960,other
template/resources/views/automotive/index.blade.php,index.blade.php,.php,2508,other
template/resources/views/automotive/insurance/quote.blade.php,quote.blade.php,.php,2323,other
template/resources/views/automotive/insurance/results.blade.php,results.blade.php,.php,1637,other
template/resources/views/automotive/show.blade.php,show.blade.php,.php,3812,other
template/resources/views/business/accounts.blade.php,accounts.blade.php,.php,731,other
template/resources/views/business/dashboard.blade.php,dashboard.blade.php,.php,12052,other
template/resources/views/business/formation-studio.blade.php,formation-studio.blade.php,.php,157,other
template/resources/views/business/legal-document-lab.blade.php,legal-document-lab.blade.php,.php,143,other
template/resources/views/business/network.blade.php,network.blade.php,.php,17236,other
template/resources/views/careers/wishlist.blade.php,wishlist.blade.php,.php,10900,other
template/resources/views/components/ad-slot.blade.php,ad-slot.blade.php,.php,4024,other
template/resources/views/components/ai-assistant-widget.blade.php,ai-assistant-widget.blade.php,.php,0,other
template/resources/views/components/ai/concierge-bar.blade.php,concierge-bar.blade.php,.php,72,other
template/resources/views/components/ai/concierge-scripts.blade.php,concierge-scripts.blade.php,.php,14591,other
template/resources/views/components/ai/mission-brief-launcher.blade.php,mission-brief-launcher.blade.php,.php,2466,other
template/resources/views/components/application-logo.blade.php,application-logo.blade.php,.php,182,other
template/resources/views/components/badge.blade.php,badge.blade.php,.php,2315,other
template/resources/views/components/blade/bundle.blade.php,bundle.blade.php,.php,59,other
template/resources/views/components/danger-button.blade.php,danger-button.blade.php,.php,380,other
template/resources/views/components/dropdown-link.blade.php,dropdown-link.blade.php,.php,217,other
template/resources/views/components/dropdown.blade.php,dropdown.blade.php,.php,1378,other
template/resources/views/components/finance/debt-row.blade.php,debt-row.blade.php,.php,886,other
template/resources/views/components/forms/currency.blade.php,currency.blade.php,.php,1281,other
template/resources/views/components/forms/file.blade.php,file.blade.php,.php,903,other
template/resources/views/components/forms/input.blade.php,input.blade.php,.php,1027,other
template/resources/views/components/forms/select.blade.php,select.blade.php,.php,1567,other
template/resources/views/components/forms/textarea.blade.php,textarea.blade.php,.php,889,other
template/resources/views/components/forms/toggle.blade.php,toggle.blade.php,.php,1211,other
template/resources/views/components/image-preview.blade.php,image-preview.blade.php,.php,208,other
template/resources/views/components/input-error.blade.php,input-error.blade.php,.php,187,other
template/resources/views/components/input-label.blade.php,input-label.blade.php,.php,143,other
template/resources/views/components/insight-card.blade.php,insight-card.blade.php,.php,957,other
template/resources/views/components/metrics/card.blade.php,card.blade.php,.php,788,other
template/resources/views/components/modal.blade.php,modal.blade.php,.php,3122,other
template/resources/views/components/nav-link.blade.php,nav-link.blade.php,.php,605,other
template/resources/views/components/panel.blade.php,panel.blade.php,.php,2193,other
template/resources/views/components/primary-button.blade.php,primary-button.blade.php,.php,404,other
template/resources/views/components/progress/bar.blade.php,bar.blade.php,.php,566,other
template/resources/views/components/responsive-nav-link.blade.php,responsive-nav-link.blade.php,.php,688,other
template/resources/views/components/secondary-button.blade.php,secondary-button.blade.php,.php,393,other
template/resources/views/components/skills-card.blade.php,skills-card.blade.php,.php,1586,other
template/resources/views/components/table/td.blade.php,td.blade.php,.php,355,other
template/resources/views/components/table/th.blade.php,th.blade.php,.php,424,other
template/resources/views/components/text-input.blade.php,text-input.blade.php,.php,199,other
template/resources/views/connections/index.blade.php,index.blade.php,.php,3342,other
template/resources/views/dashboard.blade.php,dashboard.blade.php,.php,50904,other
template/resources/views/dashboard/partials/athena-micro-panel.blade.php,athena-micro-panel.blade.php,.php,587,other
template/resources/views/dashboard/partials/critical-signal-strip.blade.php,critical-signal-strip.blade.php,.php,4327,other
template/resources/views/dashboard/partials/media-column.blade.php,media-column.blade.php,.php,7587,other
template/resources/views/dashboard/partials/pillar-hero.blade.php,pillar-hero.blade.php,.php,1642,other
template/resources/views/dashboard/partials/welcome-toast.blade.php,welcome-toast.blade.php,.php,1225,other
template/resources/views/dashboards/role/index.blade.php,index.blade.php,.php,14670,other
template/resources/views/dream_job_alerts/_form.blade.php,_form.blade.php,.php,2553,other
template/resources/views/dream_job_alerts/create.blade.php,create.blade.php,.php,394,other
template/resources/views/dream_job_alerts/edit.blade.php,edit.blade.php,.php,402,other
template/resources/views/dream_job_alerts/index.blade.php,index.blade.php,.php,1342,other
template/resources/views/education/tafe/dashboard.blade.php,dashboard.blade.php,.php,36756,other
template/resources/views/education/tafe/institutions/show.blade.php,show.blade.php,.php,3208,other
template/resources/views/education/tafe/programs/index.blade.php,index.blade.php,.php,8077,other
template/resources/views/education/tafe/programs/show.blade.php,show.blade.php,.php,11951,other
template/resources/views/entertainment/index.blade.php,index.blade.php,.php,220,other
template/resources/views/errors/403.blade.php,403.blade.php,.php,1751,other
template/resources/views/errors/404.blade.php,404.blade.php,.php,1562,other
template/resources/views/errors/500.blade.php,500.blade.php,.php,1510,other
template/resources/views/exports/business/cashbook.blade.php,cashbook.blade.php,.php,4502,other
template/resources/views/finance/equipment.blade.php,equipment.blade.php,.php,14224,other
template/resources/views/financial/budget-dashboard.blade.php,budget-dashboard.blade.php,.php,6817,other
template/resources/views/financial/debt-consolidation.blade.php,debt-consolidation.blade.php,.php,3104,other
template/resources/views/financial/exports/budget-summary.blade.php,budget-summary.blade.php,.php,4466,other
template/resources/views/financial/money-inbox.blade.php,money-inbox.blade.php,.php,59469,other
template/resources/views/financial/transactions.blade.php,transactions.blade.php,.php,13076,other
template/resources/views/frontend/automotive/guide.blade.php,guide.blade.php,.php,5842,other
template/resources/views/frontend/automotive/index.blade.php,index.blade.php,.php,2943,other
template/resources/views/frontend/automotive/show.blade.php,show.blade.php,.php,3917,other
template/resources/views/frontend/candidate-dashboard/analytics.blade.php,analytics.blade.php,.php,29496,other
template/resources/views/frontend/candidate-dashboard/bookmarks/index.blade.php,index.blade.php,.php,4847,other
template/resources/views/frontend/candidate-dashboard/career-insights.blade.php,career-insights.blade.php,.php,0,other
template/resources/views/frontend/candidate-dashboard/career-insights/index.blade.php,index.blade.php,.php,0,other
template/resources/views/frontend/candidate-dashboard/cv-builder/create.blade.php,create.blade.php,.php,6119,other
template/resources/views/frontend/candidate-dashboard/cv-builder/edit.blade.php,edit.blade.php,.php,5980,other
template/resources/views/frontend/candidate-dashboard/cv-builder/index.blade.php,index.blade.php,.php,14077,other
template/resources/views/frontend/candidate-dashboard/cv-builder/preview.blade.php,preview.blade.php,.php,5800,other
template/resources/views/frontend/candidate-dashboard/cv-builder/share.blade.php,share.blade.php,.php,49,other
template/resources/views/frontend/candidate-dashboard/cv-builder/templates/classic.blade.php,classic.blade.php,.php,3705,other
template/resources/views/frontend/candidate-dashboard/cv-builder/templates/creative.blade.php,creative.blade.php,.php,3705,other
template/resources/views/frontend/candidate-dashboard/cv-builder/templates/minimal.blade.php,minimal.blade.php,.php,3705,other
template/resources/views/frontend/candidate-dashboard/cv-builder/templates/modern.blade.php,modern.blade.php,.php,3596,other
template/resources/views/frontend/candidate-dashboard/dashboard.blade.php,dashboard.blade.php,.php,39143,other
template/resources/views/frontend/candidate-dashboard/gamification/achievements.blade.php,achievements.blade.php,.php,2923,other
template/resources/views/frontend/candidate-dashboard/gamification/challenges.blade.php,challenges.blade.php,.php,4536,other
template/resources/views/frontend/candidate-dashboard/gamification/index.blade.php,index.blade.php,.php,16972,other
template/resources/views/frontend/candidate-dashboard/gamification/leaderboard.blade.php,leaderboard.blade.php,.php,4744,other
template/resources/views/frontend/candidate-dashboard/interview-coach/create.blade.php,create.blade.php,.php,21506,other
template/resources/views/frontend/candidate-dashboard/interview-coach/feedback.blade.php,feedback.blade.php,.php,18788,other
template/resources/views/frontend/candidate-dashboard/interview-coach/history.blade.php,history.blade.php,.php,16719,other
template/resources/views/frontend/candidate-dashboard/interview-coach/index.blade.php,index.blade.php,.php,12458,other
template/resources/views/frontend/candidate-dashboard/interview-coach/practice.blade.php,practice.blade.php,.php,16976,other
template/resources/views/frontend/candidate-dashboard/job-alerts/create.blade.php,create.blade.php,.php,16468,other
template/resources/views/frontend/candidate-dashboard/job-alerts/edit.blade.php,edit.blade.php,.php,16062,other
template/resources/views/frontend/candidate-dashboard/job-alerts/index.blade.php,index.blade.php,.php,22378,other
template/resources/views/frontend/candidate-dashboard/job-alerts/unsubscribed.blade.php,unsubscribed.blade.php,.php,1497,other
template/resources/views/frontend/candidate-dashboard/job-matches/index.blade.php,index.blade.php,.php,0,other
template/resources/views/frontend/candidate-dashboard/job-recommendations/index.blade.php,index.blade.php,.php,0,other
template/resources/views/frontend/candidate-dashboard/my-job/index.blade.php,index.blade.php,.php,5920,other
template/resources/views/frontend/candidate-dashboard/resume-parser/history.blade.php,history.blade.php,.php,0,other
template/resources/views/frontend/candidate-dashboard/resume-parser/index.blade.php,index.blade.php,.php,0,other
template/resources/views/frontend/candidate-dashboard/resume-parser/partials/snapshot-modal.blade.php,snapshot-modal.blade.php,.php,0,other
template/resources/views/frontend/candidate-dashboard/resume-parser/preview.blade.php,preview.blade.php,.php,0,other
template/resources/views/frontend/candidate-dashboard/sections/opportunity-streams.blade.php,opportunity-streams.blade.php,.php,93,other
template/resources/views/frontend/candidate-dashboard/sections/persona-echo.blade.php,persona-echo.blade.php,.php,90,other
template/resources/views/frontend/candidate-dashboard/sections/welcome-pulse.blade.php,welcome-pulse.blade.php,.php,4223,other
template/resources/views/frontend/candidate-dashboard/sidebar.blade.php,sidebar.blade.php,.php,1020,other
template/resources/views/frontend/candidate-dashboard/skill-gap/index.blade.php,index.blade.php,.php,28643,other
template/resources/views/frontend/candidate-dashboard/skill-gap/learning-paths.blade.php,learning-paths.blade.php,.php,18081,other
template/resources/views/frontend/candidate-dashboard/skill-gap/progress.blade.php,progress.blade.php,.php,4031,other
template/resources/views/frontend/candidate-dashboard/skill-gap/resources.blade.php,resources.blade.php,.php,4731,other
template/resources/views/frontend/candidates/career-insights.blade.php,career-insights.blade.php,.php,10999,other
template/resources/views/frontend/candidates/job-recommendations.blade.php,job-recommendations.blade.php,.php,8595,other
template/resources/views/frontend/candidates/resume-parser.blade.php,resume-parser.blade.php,.php,11195,other
template/resources/views/frontend/candidates/resume-preview.blade.php,resume-preview.blade.php,.php,7402,other
template/resources/views/frontend/company-dashboard/advertising/campaigns/create.blade.php,create.blade.php,.php,1227,other
template/resources/views/frontend/company-dashboard/advertising/campaigns/edit.blade.php,edit.blade.php,.php,1252,other
template/resources/views/frontend/company-dashboard/advertising/campaigns/index.blade.php,index.blade.php,.php,12040,other
template/resources/views/frontend/company-dashboard/advertising/campaigns/partials/form.blade.php,form.blade.php,.php,12032,other
template/resources/views/frontend/company-dashboard/advertising/campaigns/show.blade.php,show.blade.php,.php,30183,other
template/resources/views/frontend/company-dashboard/advertising/creatives/create.blade.php,create.blade.php,.php,1367,other
template/resources/views/frontend/company-dashboard/advertising/creatives/edit.blade.php,edit.blade.php,.php,1358,other
template/resources/views/frontend/company-dashboard/advertising/creatives/partials/form.blade.php,form.blade.php,.php,6660,other
template/resources/views/frontend/company-dashboard/advertising/metrics/create.blade.php,create.blade.php,.php,1219,other
template/resources/views/frontend/company-dashboard/advertising/metrics/edit.blade.php,edit.blade.php,.php,1282,other
template/resources/views/frontend/company-dashboard/advertising/metrics/index.blade.php,index.blade.php,.php,3296,other
template/resources/views/frontend/company-dashboard/advertising/metrics/partials/form.blade.php,form.blade.php,.php,4765,other
template/resources/views/frontend/company-dashboard/advertising/revenue.blade.php,revenue.blade.php,.php,10699,other
template/resources/views/frontend/company-dashboard/advertising/segments/create.blade.php,create.blade.php,.php,7889,other
template/resources/views/frontend/company-dashboard/advertising/segments/index.blade.php,index.blade.php,.php,4069,other
template/resources/views/frontend/company-dashboard/advertising/slots/index.blade.php,index.blade.php,.php,12204,other
template/resources/views/frontend/company-dashboard/analytics.blade.php,analytics.blade.php,.php,1573,other
template/resources/views/frontend/company-dashboard/applications/index.blade.php,index.blade.php,.php,3660,other
template/resources/views/frontend/company-dashboard/apprenticeships/competencies.blade.php,competencies.blade.php,.php,0,other
template/resources/views/frontend/company-dashboard/apprenticeships/overview.blade.php,overview.blade.php,.php,0,other
template/resources/views/frontend/company-dashboard/candidate-matches.blade.php,candidate-matches.blade.php,.php,0,other
template/resources/views/frontend/company-dashboard/dashboard.blade.php,dashboard.blade.php,.php,35868,other
template/resources/views/frontend/company-dashboard/education/eligibility.blade.php,eligibility.blade.php,.php,0,other
template/resources/views/frontend/company-dashboard/education/subsidies.blade.php,subsidies.blade.php,.php,0,other
template/resources/views/frontend/company-dashboard/job/create.blade.php,create.blade.php,.php,30292,other
template/resources/views/frontend/company-dashboard/job/edit.blade.php,edit.blade.php,.php,29361,other
template/resources/views/frontend/company-dashboard/job/index.blade.php,index.blade.php,.php,6761,other
template/resources/views/frontend/company-dashboard/leads/index.blade.php,index.blade.php,.php,9349,other
template/resources/views/frontend/company-dashboard/leads/show.blade.php,show.blade.php,.php,18540,other
template/resources/views/frontend/company-dashboard/order/index.blade.php,index.blade.php,.php,3794,other
template/resources/views/frontend/company-dashboard/order/show.blade.php,show.blade.php,.php,6160,other
template/resources/views/frontend/company-dashboard/sidebar.blade.php,sidebar.blade.php,.php,1255,other
template/resources/views/frontend/components/ai-application-assistant.blade.php,ai-application-assistant.blade.php,.php,12846,other
template/resources/views/frontend/components/ai-dashboard-widgets.blade.php,ai-dashboard-widgets.blade.php,.php,0,other
template/resources/views/frontend/components/ai-job-assistant.blade.php,ai-job-assistant.blade.php,.php,16928,other
template/resources/views/frontend/education/discovery.blade.php,discovery.blade.php,.php,24035,other
template/resources/views/frontend/feed/index.blade.php,index.blade.php,.php,9073,other
template/resources/views/frontend/health-fitness/index.blade.php,index.blade.php,.php,2529,other
template/resources/views/frontend/health-fitness/insurance/compare.blade.php,compare.blade.php,.php,4247,other
template/resources/views/frontend/health-fitness/insurance/index.blade.php,index.blade.php,.php,5137,other
template/resources/views/frontend/home/index.blade.php,index.blade.php,.php,2408,other
template/resources/views/frontend/home/partials/ai-theme.blade.php,ai-theme.blade.php,.php,22,other
template/resources/views/frontend/home/sections/ai-features-cards.blade.php,ai-features-cards.blade.php,.php,5458,other
template/resources/views/frontend/home/sections/ai-intuitive-section.blade.php,ai-intuitive-section.blade.php,.php,8701,other
template/resources/views/frontend/home/sections/pillar-band-section.blade.php,pillar-band-section.blade.php,.php,2858,other
template/resources/views/frontend/home/sections/review-section.blade.php,review-section.blade.php,.php,2579,other
template/resources/views/frontend/home/sections/vertical-gateway-section.blade.php,vertical-gateway-section.blade.php,.php,4742,other
template/resources/views/frontend/identity/appeal-submitted.blade.php,appeal-submitted.blade.php,.php,1148,other
template/resources/views/frontend/identity/appeal.blade.php,appeal.blade.php,.php,1817,other
template/resources/views/frontend/identity/no-appeal-needed.blade.php,no-appeal-needed.blade.php,.php,774,other
template/resources/views/frontend/impact/index.blade.php,index.blade.php,.php,3753,other
template/resources/views/frontend/layouts/ai-assistant.blade.php,ai-assistant.blade.php,.php,0,other
template/resources/views/frontend/layouts/footer.blade.php,footer.blade.php,.php,1844,other
template/resources/views/frontend/layouts/header.blade.php,header.blade.php,.php,16711,other
template/resources/views/frontend/layouts/master.blade.php,master.blade.php,.php,3975,other
template/resources/views/frontend/layouts/scripts.blade.php,scripts.blade.php,.php,2526,other
template/resources/views/frontend/money/concierge/create.blade.php,create.blade.php,.php,3665,other
template/resources/views/frontend/money/concierge/index.blade.php,index.blade.php,.php,3741,other
template/resources/views/frontend/money/concierge/show.blade.php,show.blade.php,.php,4934,other
template/resources/views/frontend/money/turbotax.blade.php,turbotax.blade.php,.php,3867,other
template/resources/views/frontend/onboarding/index.blade.php,index.blade.php,.php,25004,other
template/resources/views/frontend/org-pages/courses/index.blade.php,index.blade.php,.php,9542,other
template/resources/views/frontend/org-pages/courses/show.blade.php,show.blade.php,.php,12437,other
template/resources/views/frontend/org-pages/show.blade.php,show.blade.php,.php,30352,other
template/resources/views/frontend/pages/about-us.blade.php,about-us.blade.php,.php,14065,other
template/resources/views/frontend/pages/ai-career-insights-info.blade.php,ai-career-insights-info.blade.php,.php,6293,other
template/resources/views/frontend/pages/ai-concierge-info.blade.php,ai-concierge-info.blade.php,.php,10748,other
template/resources/views/frontend/pages/ai-job-match-info.blade.php,ai-job-match-info.blade.php,.php,6162,other
template/resources/views/frontend/pages/ai-playground.blade.php,ai-playground.blade.php,.php,0,other
template/resources/views/frontend/pages/ai-resume-parser-info.blade.php,ai-resume-parser-info.blade.php,.php,5364,other
template/resources/views/frontend/pages/automotive-mobility-info.blade.php,automotive-mobility-info.blade.php,.php,15729,other
template/resources/views/frontend/pages/blog.blade.php,blog.blade.php,.php,9575,other
template/resources/views/frontend/pages/candidate-details.blade.php,candidate-details.blade.php,.php,8098,other
template/resources/views/frontend/pages/candidate-index.blade.php,candidate-index.blade.php,.php,8673,other
template/resources/views/frontend/pages/checkout-index.blade.php,checkout-index.blade.php,.php,4292,other
template/resources/views/frontend/pages/company-compare.blade.php,company-compare.blade.php,.php,5256,other
template/resources/views/frontend/pages/company-details.blade.php,company-details.blade.php,.php,10419,other
template/resources/views/frontend/pages/company-index.blade.php,company-index.blade.php,.php,11890,other
template/resources/views/frontend/pages/contact.blade.php,contact.blade.php,.php,12533,other
template/resources/views/frontend/pages/custom-page.blade.php,custom-page.blade.php,.php,676,other
template/resources/views/frontend/pages/guides.blade.php,guides.blade.php,.php,9623,other
template/resources/views/frontend/pages/help-center.blade.php,help-center.blade.php,.php,7940,other
template/resources/views/frontend/pages/how-it-works.blade.php,how-it-works.blade.php,.php,7858,other
template/resources/views/frontend/pages/impact-index.blade.php,impact-index.blade.php,.php,7993,other
template/resources/views/frontend/pages/job-show.blade.php,job-show.blade.php,.php,11107,other
template/resources/views/frontend/pages/jobs-index.blade.php,jobs-index.blade.php,.php,25919,other
template/resources/views/frontend/pages/modules.blade.php,modules.blade.php,.php,8791,other
template/resources/views/frontend/pages/organization-show.blade.php,organization-show.blade.php,.php,0,other
template/resources/views/frontend/pages/osko-payid.blade.php,osko-payid.blade.php,.php,1374,other
template/resources/views/frontend/pages/payment-error.blade.php,payment-error.blade.php,.php,1144,other
template/resources/views/frontend/pages/payment-success.blade.php,payment-success.blade.php,.php,968,other
template/resources/views/frontend/pages/pricing-index.blade.php,pricing-index.blade.php,.php,2068,other
template/resources/views/frontend/pages/razorpay-redirect.blade.php,razorpay-redirect.blade.php,.php,1221,other
template/resources/views/frontend/pages/research.blade.php,research.blade.php,.php,8623,other
template/resources/views/frontend/pages/trust-safety.blade.php,trust-safety.blade.php,.php,9473,other
template/resources/views/frontend/pages/women-only-policy.blade.php,women-only-policy.blade.php,.php,5811,other
template/resources/views/frontend/payment/osko-payid.blade.php,osko-payid.blade.php,.php,0,other
template/resources/views/frontend/search/index.blade.php,index.blade.php,.php,4207,other
template/resources/views/frontend/search/results.blade.php,results.blade.php,.php,5337,other
template/resources/views/frontend/search/saved.blade.php,saved.blade.php,.php,3624,other
template/resources/views/frontend/telemetry/mobility-wellness.blade.php,mobility-wellness.blade.php,.php,13605,other
template/resources/views/frontend/wellness/dashboard.blade.php,dashboard.blade.php,.php,3275,other
template/resources/views/frontend/wellness/hub.blade.php,hub.blade.php,.php,15917,other
template/resources/views/grants/application.blade.php,application.blade.php,.php,4644,other
template/resources/views/grants/index.blade.php,index.blade.php,.php,17402,other
template/resources/views/grants/show.blade.php,show.blade.php,.php,7724,other
template/resources/views/groups/index.blade.php,index.blade.php,.php,2648,other
template/resources/views/growth/referrals/index.blade.php,index.blade.php,.php,4263,other
template/resources/views/home.blade.php,home.blade.php,.php,16020,other
template/resources/views/housing/index.blade.php,index.blade.php,.php,15887,other
template/resources/views/housing/mortgage-calculator.blade.php,mortgage-calculator.blade.php,.php,3716,other
template/resources/views/housing/partials/counselling-services.blade.php,counselling-services.blade.php,.php,4758,other
template/resources/views/housing/partials/emergency-support.blade.php,emergency-support.blade.php,.php,1238,other
template/resources/views/housing/preferences.blade.php,preferences.blade.php,.php,26885,other
template/resources/views/housing/show.blade.php,show.blade.php,.php,6597,other
template/resources/views/impact/role-dashboards.blade.php,role-dashboards.blade.php,.php,14176,other
template/resources/views/invites/index.blade.php,index.blade.php,.php,1127,other
template/resources/views/layouts/app.blade.php,app.blade.php,.php,4521,other
template/resources/views/layouts/footer.blade.php,footer.blade.php,.php,5661,other
template/resources/views/layouts/guest.blade.php,guest.blade.php,.php,2063,other
template/resources/views/layouts/master.blade.php,master.blade.php,.php,4079,other
template/resources/views/layouts/navigation.blade.php,navigation.blade.php,.php,90,other
template/resources/views/legal/templates/articles-of-association.blade.php,articles-of-association.blade.php,.php,1995,other
template/resources/views/legal/templates/constitution.blade.php,constitution.blade.php,.php,3052,other
template/resources/views/legal/templates/memorandum-of-association.blade.php,memorandum-of-association.blade.php,.php,1817,other
template/resources/views/legal/templates/shareholder-agreement.blade.php,shareholder-agreement.blade.php,.php,2179,other
template/resources/views/livewire/agents/document-uploader.blade.php,document-uploader.blade.php,.php,3261,other
template/resources/views/livewire/business/business-formation-studio.blade.php,business-formation-studio.blade.php,.php,43164,other
template/resources/views/livewire/business/digest-widget.blade.php,digest-widget.blade.php,.php,2800,other
template/resources/views/livewire/business/formation-studio.blade.php,formation-studio.blade.php,.php,30817,other
template/resources/views/livewire/business/legal-document-lab.blade.php,legal-document-lab.blade.php,.php,15027,other
template/resources/views/livewire/cohorts/dashboard.blade.php,dashboard.blade.php,.php,8252,other
template/resources/views/livewire/cohorts/mentor-matches.blade.php,mentor-matches.blade.php,.php,2320,other
template/resources/views/livewire/cohorts/timeline.blade.php,timeline.blade.php,.php,4125,other
template/resources/views/livewire/dashboard-opportunity-streams.blade.php,dashboard-opportunity-streams.blade.php,.php,5581,other
template/resources/views/livewire/dashboard-persona-echoes.blade.php,dashboard-persona-echoes.blade.php,.php,4064,other
template/resources/views/livewire/goals/tracker.blade.php,tracker.blade.php,.php,1799,other
template/resources/views/livewire/mortgage/widget.blade.php,widget.blade.php,.php,9598,other
template/resources/views/livewire/partners/opportunities.blade.php,opportunities.blade.php,.php,4965,other
template/resources/views/livewire/system-status-monitor.blade.php,system-status-monitor.blade.php,.php,2118,other
template/resources/views/member/civic-opportunities.blade.php,civic-opportunities.blade.php,.php,6483,other
template/resources/views/member/dashboard.blade.php,dashboard.blade.php,.php,22302,other
template/resources/views/member/pathways/create.blade.php,create.blade.php,.php,5058,other
template/resources/views/member/pathways/index.blade.php,index.blade.php,.php,3492,other
template/resources/views/member/pathways/show.blade.php,show.blade.php,.php,5876,other
template/resources/views/money/dashboard.blade.php,dashboard.blade.php,.php,712,other
template/resources/views/money/tax/index.blade.php,index.blade.php,.php,10562,other
template/resources/views/notifications/index.blade.php,index.blade.php,.php,3097,other
template/resources/views/partials/aura-header-inline.blade.php,aura-header-inline.blade.php,.php,16315,other
template/resources/views/partner/dashboard/index.blade.php,index.blade.php,.php,5300,other
template/resources/views/public-sector/agency/dashboard.blade.php,dashboard.blade.php,.php,7182,other
template/resources/views/public-sector/agency/onboarding.blade.php,onboarding.blade.php,.php,4231,other
template/resources/views/public-sector/agency/opportunities/create.blade.php,create.blade.php,.php,4637,other
template/resources/views/public-sector/agency/programs/create.blade.php,create.blade.php,.php,6898,other
template/resources/views/public-sector/dashboard.blade.php,dashboard.blade.php,.php,22156,other
template/resources/views/public-sector/opportunities/index.blade.php,index.blade.php,.php,4213,other
template/resources/views/public-sector/opportunities/show.blade.php,show.blade.php,.php,6684,other
template/resources/views/public-sector/pipeline.blade.php,pipeline.blade.php,.php,9184,other
template/resources/views/trades/apprenticeships/index.blade.php,index.blade.php,.php,1669,other
template/resources/views/trades/apprenticeships/show.blade.php,show.blade.php,.php,5561,other
template/resources/views/trades/dashboard.blade.php,dashboard.blade.php,.php,3806,other
template/resources/views/welcome.blade.php,welcome.blade.php,.php,14969,other
template/resources/views/wellbeing/dashboard.blade.php,dashboard.blade.php,.php,666,other
template/resources/views/women/learn/index.blade.php,index.blade.php,.php,38447,other
template/resources/views/women/real-estate/househunters/matches.blade.php,matches.blade.php,.php,152,other
template/resources/views/women/real-estate/layouts/console.blade.php,console.blade.php,.php,582,other
template/resources/views/women/real-estate/partials/highlight-icon.blade.php,highlight-icon.blade.php,.php,7889,other
template/resources/views/women/real-estate/rentals/index.blade.php,index.blade.php,.php,146,other
template/resources/views/women/real-estate/rentals/show.blade.php,show.blade.php,.php,1083,other
template/resources/views/women/real-estate/timeline.blade.php,timeline.blade.php,.php,1321,other
template/routes/ai-api.php,ai-api.php,.php,0,other
template/routes/ai-stage2.php,ai-stage2.php,.php,0,other
template/routes/api.php,api.php,.php,42707,other
template/routes/channels.php,channels.php,.php,833,other
template/routes/console.php,console.php,.php,659,other
template/routes/health.php,health.php,.php,0,other
template/routes/web.php,web.php,.php,71363,other
viewstemplate/account/purpose/edit.blade.php,edit.blade.php,.php,9744,other
viewstemplate/account/security/sessions.blade.php,sessions.blade.php,.php,7621,other
viewstemplate/ai/concierge.blade.php,concierge.blade.php,.php,16495,other
viewstemplate/analytics/candidate-dashboard.blade.php,candidate-dashboard.blade.php,.php,3047,other
viewstemplate/analytics/company-dashboard.blade.php,company-dashboard.blade.php,.php,3071,other
viewstemplate/api-docs/index.blade.php,index.blade.php,.php,1395,other
viewstemplate/apprenticeships/index.blade.php,index.blade.php,.php,12551,other
viewstemplate/automotive/finance/apply.blade.php,apply.blade.php,.php,1988,other
viewstemplate/automotive/finance/success.blade.php,success.blade.php,.php,1260,other
viewstemplate/automotive/guide.blade.php,guide.blade.php,.php,2217,other
viewstemplate/automotive/guide_results.blade.php,guide_results.blade.php,.php,4960,other
viewstemplate/automotive/index.blade.php,index.blade.php,.php,2508,other
viewstemplate/automotive/insurance/quote.blade.php,quote.blade.php,.php,2323,other
viewstemplate/automotive/insurance/results.blade.php,results.blade.php,.php,1637,other
viewstemplate/automotive/show.blade.php,show.blade.php,.php,3812,other
viewstemplate/business/accounts.blade.php,accounts.blade.php,.php,731,other
viewstemplate/business/dashboard.blade.php,dashboard.blade.php,.php,12052,other
viewstemplate/business/formation-studio.blade.php,formation-studio.blade.php,.php,157,other
viewstemplate/business/legal-document-lab.blade.php,legal-document-lab.blade.php,.php,143,other
viewstemplate/business/network.blade.php,network.blade.php,.php,17236,other
viewstemplate/careers/wishlist.blade.php,wishlist.blade.php,.php,10900,other
viewstemplate/components/ad-slot.blade.php,ad-slot.blade.php,.php,4024,other
viewstemplate/components/ai-assistant-widget.blade.php,ai-assistant-widget.blade.php,.php,0,other
viewstemplate/components/ai/concierge-bar.blade.php,concierge-bar.blade.php,.php,72,other
viewstemplate/components/ai/concierge-scripts.blade.php,concierge-scripts.blade.php,.php,14591,other
viewstemplate/components/ai/mission-brief-launcher.blade.php,mission-brief-launcher.blade.php,.php,2466,other
viewstemplate/components/application-logo.blade.php,application-logo.blade.php,.php,182,other
viewstemplate/components/badge.blade.php,badge.blade.php,.php,2315,other
viewstemplate/components/blade/bundle.blade.php,bundle.blade.php,.php,59,other
viewstemplate/components/danger-button.blade.php,danger-button.blade.php,.php,380,other
viewstemplate/components/dropdown-link.blade.php,dropdown-link.blade.php,.php,217,other
viewstemplate/components/dropdown.blade.php,dropdown.blade.php,.php,1378,other
viewstemplate/components/finance/debt-row.blade.php,debt-row.blade.php,.php,886,other
viewstemplate/components/forms/currency.blade.php,currency.blade.php,.php,1281,other
viewstemplate/components/forms/file.blade.php,file.blade.php,.php,903,other
viewstemplate/components/forms/input.blade.php,input.blade.php,.php,1027,other
viewstemplate/components/forms/select.blade.php,select.blade.php,.php,1567,other
viewstemplate/components/forms/textarea.blade.php,textarea.blade.php,.php,889,other
viewstemplate/components/forms/toggle.blade.php,toggle.blade.php,.php,1211,other
viewstemplate/components/image-preview.blade.php,image-preview.blade.php,.php,208,other
viewstemplate/components/input-error.blade.php,input-error.blade.php,.php,187,other
viewstemplate/components/input-label.blade.php,input-label.blade.php,.php,143,other
viewstemplate/components/insight-card.blade.php,insight-card.blade.php,.php,957,other
viewstemplate/components/metrics/card.blade.php,card.blade.php,.php,788,other
viewstemplate/components/modal.blade.php,modal.blade.php,.php,3122,other
viewstemplate/components/nav-link.blade.php,nav-link.blade.php,.php,605,other
viewstemplate/components/panel.blade.php,panel.blade.php,.php,2193,other
viewstemplate/components/primary-button.blade.php,primary-button.blade.php,.php,404,other
viewstemplate/components/progress/bar.blade.php,bar.blade.php,.php,566,other
viewstemplate/components/responsive-nav-link.blade.php,responsive-nav-link.blade.php,.php,688,other
viewstemplate/components/secondary-button.blade.php,secondary-button.blade.php,.php,393,other
viewstemplate/components/skills-card.blade.php,skills-card.blade.php,.php,1586,other
viewstemplate/components/table/td.blade.php,td.blade.php,.php,355,other
viewstemplate/components/table/th.blade.php,th.blade.php,.php,424,other
viewstemplate/components/text-input.blade.php,text-input.blade.php,.php,199,other
viewstemplate/connections/index.blade.php,index.blade.php,.php,3342,other
viewstemplate/dashboard.blade.php,dashboard.blade.php,.php,50904,other
viewstemplate/dashboard/partials/athena-micro-panel.blade.php,athena-micro-panel.blade.php,.php,587,other
viewstemplate/dashboard/partials/critical-signal-strip.blade.php,critical-signal-strip.blade.php,.php,4327,other
viewstemplate/dashboard/partials/media-column.blade.php,media-column.blade.php,.php,7587,other
viewstemplate/dashboard/partials/pillar-hero.blade.php,pillar-hero.blade.php,.php,1642,other
viewstemplate/dashboard/partials/welcome-toast.blade.php,welcome-toast.blade.php,.php,1225,other
viewstemplate/dashboards/role/index.blade.php,index.blade.php,.php,14670,other
viewstemplate/education/tafe/dashboard.blade.php,dashboard.blade.php,.php,36496,other
viewstemplate/education/tafe/institutions/show.blade.php,show.blade.php,.php,3208,other
viewstemplate/education/tafe/programs/index.blade.php,index.blade.php,.php,8077,other
viewstemplate/education/tafe/programs/show.blade.php,show.blade.php,.php,11951,other
viewstemplate/entertainment/index.blade.php,index.blade.php,.php,220,other
viewstemplate/errors/403.blade.php,403.blade.php,.php,1751,other
viewstemplate/errors/404.blade.php,404.blade.php,.php,1562,other
viewstemplate/errors/500.blade.php,500.blade.php,.php,1510,other
viewstemplate/exports/business/cashbook.blade.php,cashbook.blade.php,.php,4502,other
viewstemplate/finance/equipment.blade.php,equipment.blade.php,.php,14224,other
viewstemplate/financial/budget-dashboard.blade.php,budget-dashboard.blade.php,.php,6817,other
viewstemplate/financial/debt-consolidation.blade.php,debt-consolidation.blade.php,.php,3104,other
viewstemplate/financial/exports/budget-summary.blade.php,budget-summary.blade.php,.php,4466,other
viewstemplate/financial/money-inbox.blade.php,money-inbox.blade.php,.php,59469,other
viewstemplate/financial/transactions.blade.php,transactions.blade.php,.php,13076,other
viewstemplate/frontend/automotive/guide.blade.php,guide.blade.php,.php,5842,other
viewstemplate/frontend/automotive/index.blade.php,index.blade.php,.php,2943,other
viewstemplate/frontend/automotive/show.blade.php,show.blade.php,.php,3917,other
viewstemplate/frontend/candidate-dashboard/analytics.blade.php,analytics.blade.php,.php,29496,other
viewstemplate/frontend/candidate-dashboard/bookmarks/index.blade.php,index.blade.php,.php,4847,other
viewstemplate/frontend/candidate-dashboard/career-insights.blade.php,career-insights.blade.php,.php,0,other
viewstemplate/frontend/candidate-dashboard/career-insights/index.blade.php,index.blade.php,.php,0,other
viewstemplate/frontend/candidate-dashboard/cv-builder/create.blade.php,create.blade.php,.php,6119,other
viewstemplate/frontend/candidate-dashboard/cv-builder/edit.blade.php,edit.blade.php,.php,5980,other
viewstemplate/frontend/candidate-dashboard/cv-builder/index.blade.php,index.blade.php,.php,14077,other
viewstemplate/frontend/candidate-dashboard/cv-builder/preview.blade.php,preview.blade.php,.php,5800,other
viewstemplate/frontend/candidate-dashboard/cv-builder/share.blade.php,share.blade.php,.php,49,other
viewstemplate/frontend/candidate-dashboard/cv-builder/templates/classic.blade.php,classic.blade.php,.php,3705,other
viewstemplate/frontend/candidate-dashboard/cv-builder/templates/creative.blade.php,creative.blade.php,.php,3705,other
viewstemplate/frontend/candidate-dashboard/cv-builder/templates/minimal.blade.php,minimal.blade.php,.php,3705,other
viewstemplate/frontend/candidate-dashboard/cv-builder/templates/modern.blade.php,modern.blade.php,.php,3596,other
viewstemplate/frontend/candidate-dashboard/dashboard.blade.php,dashboard.blade.php,.php,39143,other
viewstemplate/frontend/candidate-dashboard/gamification/achievements.blade.php,achievements.blade.php,.php,2923,other
viewstemplate/frontend/candidate-dashboard/gamification/challenges.blade.php,challenges.blade.php,.php,4536,other
viewstemplate/frontend/candidate-dashboard/gamification/index.blade.php,index.blade.php,.php,16972,other
viewstemplate/frontend/candidate-dashboard/gamification/leaderboard.blade.php,leaderboard.blade.php,.php,4744,other
viewstemplate/frontend/candidate-dashboard/interview-coach/create.blade.php,create.blade.php,.php,21506,other
viewstemplate/frontend/candidate-dashboard/interview-coach/feedback.blade.php,feedback.blade.php,.php,18788,other
viewstemplate/frontend/candidate-dashboard/interview-coach/history.blade.php,history.blade.php,.php,16719,other
viewstemplate/frontend/candidate-dashboard/interview-coach/index.blade.php,index.blade.php,.php,12458,other
viewstemplate/frontend/candidate-dashboard/interview-coach/practice.blade.php,practice.blade.php,.php,16976,other
viewstemplate/frontend/candidate-dashboard/job-alerts/create.blade.php,create.blade.php,.php,16468,other
viewstemplate/frontend/candidate-dashboard/job-alerts/edit.blade.php,edit.blade.php,.php,16062,other
viewstemplate/frontend/candidate-dashboard/job-alerts/index.blade.php,index.blade.php,.php,22378,other
viewstemplate/frontend/candidate-dashboard/job-alerts/unsubscribed.blade.php,unsubscribed.blade.php,.php,1497,other
viewstemplate/frontend/candidate-dashboard/job-matches/index.blade.php,index.blade.php,.php,0,other
viewstemplate/frontend/candidate-dashboard/job-recommendations/index.blade.php,index.blade.php,.php,0,other
viewstemplate/frontend/candidate-dashboard/my-job/index.blade.php,index.blade.php,.php,5920,other
viewstemplate/frontend/candidate-dashboard/resume-parser/history.blade.php,history.blade.php,.php,0,other
viewstemplate/frontend/candidate-dashboard/resume-parser/index.blade.php,index.blade.php,.php,0,other
viewstemplate/frontend/candidate-dashboard/resume-parser/partials/snapshot-modal.blade.php,snapshot-modal.blade.php,.php,0,other
viewstemplate/frontend/candidate-dashboard/resume-parser/preview.blade.php,preview.blade.php,.php,0,other
viewstemplate/frontend/candidate-dashboard/sections/opportunity-streams.blade.php,opportunity-streams.blade.php,.php,93,other
viewstemplate/frontend/candidate-dashboard/sections/persona-echo.blade.php,persona-echo.blade.php,.php,90,other
viewstemplate/frontend/candidate-dashboard/sections/welcome-pulse.blade.php,welcome-pulse.blade.php,.php,4223,other
viewstemplate/frontend/candidate-dashboard/sidebar.blade.php,sidebar.blade.php,.php,1020,other
viewstemplate/frontend/candidate-dashboard/skill-gap/index.blade.php,index.blade.php,.php,28643,other
viewstemplate/frontend/candidate-dashboard/skill-gap/learning-paths.blade.php,learning-paths.blade.php,.php,18081,other
viewstemplate/frontend/candidate-dashboard/skill-gap/progress.blade.php,progress.blade.php,.php,4031,other
viewstemplate/frontend/candidate-dashboard/skill-gap/resources.blade.php,resources.blade.php,.php,4731,other
viewstemplate/frontend/candidates/career-insights.blade.php,career-insights.blade.php,.php,10999,other
viewstemplate/frontend/candidates/job-recommendations.blade.php,job-recommendations.blade.php,.php,8595,other
viewstemplate/frontend/candidates/resume-parser.blade.php,resume-parser.blade.php,.php,11195,other
viewstemplate/frontend/candidates/resume-preview.blade.php,resume-preview.blade.php,.php,7402,other
viewstemplate/frontend/company-dashboard/advertising/campaigns/create.blade.php,create.blade.php,.php,1227,other
viewstemplate/frontend/company-dashboard/advertising/campaigns/edit.blade.php,edit.blade.php,.php,1252,other
viewstemplate/frontend/company-dashboard/advertising/campaigns/index.blade.php,index.blade.php,.php,12040,other
viewstemplate/frontend/company-dashboard/advertising/campaigns/partials/form.blade.php,form.blade.php,.php,12032,other
viewstemplate/frontend/company-dashboard/advertising/campaigns/show.blade.php,show.blade.php,.php,30183,other
viewstemplate/frontend/company-dashboard/advertising/creatives/create.blade.php,create.blade.php,.php,1367,other
viewstemplate/frontend/company-dashboard/advertising/creatives/edit.blade.php,edit.blade.php,.php,1358,other
viewstemplate/frontend/company-dashboard/advertising/creatives/partials/form.blade.php,form.blade.php,.php,6660,other
viewstemplate/frontend/company-dashboard/advertising/metrics/create.blade.php,create.blade.php,.php,1219,other
viewstemplate/frontend/company-dashboard/advertising/metrics/edit.blade.php,edit.blade.php,.php,1282,other
viewstemplate/frontend/company-dashboard/advertising/metrics/index.blade.php,index.blade.php,.php,3296,other
viewstemplate/frontend/company-dashboard/advertising/metrics/partials/form.blade.php,form.blade.php,.php,4765,other
viewstemplate/frontend/company-dashboard/advertising/revenue.blade.php,revenue.blade.php,.php,10699,other
viewstemplate/frontend/company-dashboard/advertising/segments/create.blade.php,create.blade.php,.php,7889,other
viewstemplate/frontend/company-dashboard/advertising/segments/index.blade.php,index.blade.php,.php,3972,other
viewstemplate/frontend/company-dashboard/advertising/slots/index.blade.php,index.blade.php,.php,12204,other
viewstemplate/frontend/company-dashboard/analytics.blade.php,analytics.blade.php,.php,1573,other
viewstemplate/frontend/company-dashboard/applications/index.blade.php,index.blade.php,.php,3660,other
viewstemplate/frontend/company-dashboard/apprenticeships/competencies.blade.php,competencies.blade.php,.php,0,other
viewstemplate/frontend/company-dashboard/apprenticeships/overview.blade.php,overview.blade.php,.php,0,other
viewstemplate/frontend/company-dashboard/candidate-matches.blade.php,candidate-matches.blade.php,.php,0,other
viewstemplate/frontend/company-dashboard/dashboard.blade.php,dashboard.blade.php,.php,35868,other
viewstemplate/frontend/company-dashboard/education/eligibility.blade.php,eligibility.blade.php,.php,0,other
viewstemplate/frontend/company-dashboard/education/subsidies.blade.php,subsidies.blade.php,.php,0,other
viewstemplate/frontend/company-dashboard/job/create.blade.php,create.blade.php,.php,30292,other
viewstemplate/frontend/company-dashboard/job/edit.blade.php,edit.blade.php,.php,29361,other
viewstemplate/frontend/company-dashboard/job/index.blade.php,index.blade.php,.php,6761,other
viewstemplate/frontend/company-dashboard/leads/index.blade.php,index.blade.php,.php,9349,other
viewstemplate/frontend/company-dashboard/leads/show.blade.php,show.blade.php,.php,18540,other
viewstemplate/frontend/company-dashboard/order/index.blade.php,index.blade.php,.php,3794,other
viewstemplate/frontend/company-dashboard/order/show.blade.php,show.blade.php,.php,6160,other
viewstemplate/frontend/company-dashboard/sidebar.blade.php,sidebar.blade.php,.php,1255,other
viewstemplate/frontend/components/ai-application-assistant.blade.php,ai-application-assistant.blade.php,.php,12846,other
viewstemplate/frontend/components/ai-dashboard-widgets.blade.php,ai-dashboard-widgets.blade.php,.php,0,other
viewstemplate/frontend/components/ai-job-assistant.blade.php,ai-job-assistant.blade.php,.php,16928,other
viewstemplate/frontend/education/discovery.blade.php,discovery.blade.php,.php,24043,other
viewstemplate/frontend/feed/index.blade.php,index.blade.php,.php,9073,other
viewstemplate/frontend/health-fitness/index.blade.php,index.blade.php,.php,2529,other
viewstemplate/frontend/health-fitness/insurance/compare.blade.php,compare.blade.php,.php,4247,other
viewstemplate/frontend/health-fitness/insurance/index.blade.php,index.blade.php,.php,5137,other
viewstemplate/frontend/home/index.blade.php,index.blade.php,.php,2408,other
viewstemplate/frontend/home/partials/ai-theme.blade.php,ai-theme.blade.php,.php,22,other
viewstemplate/frontend/home/sections/ai-features-cards.blade.php,ai-features-cards.blade.php,.php,5458,other
viewstemplate/frontend/home/sections/ai-intuitive-section.blade.php,ai-intuitive-section.blade.php,.php,8701,other
viewstemplate/frontend/home/sections/pillar-band-section.blade.php,pillar-band-section.blade.php,.php,2858,other
viewstemplate/frontend/home/sections/review-section.blade.php,review-section.blade.php,.php,2579,other
viewstemplate/frontend/home/sections/vertical-gateway-section.blade.php,vertical-gateway-section.blade.php,.php,4742,other
viewstemplate/frontend/identity/appeal-submitted.blade.php,appeal-submitted.blade.php,.php,1148,other
viewstemplate/frontend/identity/appeal.blade.php,appeal.blade.php,.php,1817,other
viewstemplate/frontend/identity/no-appeal-needed.blade.php,no-appeal-needed.blade.php,.php,774,other
viewstemplate/frontend/impact/index.blade.php,index.blade.php,.php,3753,other
viewstemplate/frontend/layouts/ai-assistant.blade.php,ai-assistant.blade.php,.php,0,other
viewstemplate/frontend/layouts/footer.blade.php,footer.blade.php,.php,1844,other
viewstemplate/frontend/layouts/header.blade.php,header.blade.php,.php,16711,other
viewstemplate/frontend/layouts/master.blade.php,master.blade.php,.php,3975,other
viewstemplate/frontend/layouts/scripts.blade.php,scripts.blade.php,.php,2526,other
viewstemplate/frontend/money/concierge/create.blade.php,create.blade.php,.php,3665,other
viewstemplate/frontend/money/concierge/index.blade.php,index.blade.php,.php,3741,other
viewstemplate/frontend/money/concierge/show.blade.php,show.blade.php,.php,4934,other
viewstemplate/frontend/onboarding/index.blade.php,index.blade.php,.php,24621,other
viewstemplate/frontend/org-pages/courses/index.blade.php,index.blade.php,.php,9542,other
viewstemplate/frontend/org-pages/courses/show.blade.php,show.blade.php,.php,12437,other
viewstemplate/frontend/org-pages/show.blade.php,show.blade.php,.php,30352,other
viewstemplate/frontend/pages/about-us.blade.php,about-us.blade.php,.php,14065,other
viewstemplate/frontend/pages/ai-career-insights-info.blade.php,ai-career-insights-info.blade.php,.php,6293,other
viewstemplate/frontend/pages/ai-concierge-info.blade.php,ai-concierge-info.blade.php,.php,10748,other
viewstemplate/frontend/pages/ai-job-match-info.blade.php,ai-job-match-info.blade.php,.php,6162,other
viewstemplate/frontend/pages/ai-playground.blade.php,ai-playground.blade.php,.php,0,other
viewstemplate/frontend/pages/ai-resume-parser-info.blade.php,ai-resume-parser-info.blade.php,.php,5364,other
viewstemplate/frontend/pages/automotive-mobility-info.blade.php,automotive-mobility-info.blade.php,.php,15729,other
viewstemplate/frontend/pages/blog.blade.php,blog.blade.php,.php,9575,other
viewstemplate/frontend/pages/candidate-details.blade.php,candidate-details.blade.php,.php,8098,other
viewstemplate/frontend/pages/candidate-index.blade.php,candidate-index.blade.php,.php,8673,other
viewstemplate/frontend/pages/checkout-index.blade.php,checkout-index.blade.php,.php,4292,other
viewstemplate/frontend/pages/company-compare.blade.php,company-compare.blade.php,.php,5256,other
viewstemplate/frontend/pages/company-details.blade.php,company-details.blade.php,.php,10419,other
viewstemplate/frontend/pages/company-index.blade.php,company-index.blade.php,.php,11890,other
viewstemplate/frontend/pages/contact.blade.php,contact.blade.php,.php,12533,other
viewstemplate/frontend/pages/custom-page.blade.php,custom-page.blade.php,.php,676,other
viewstemplate/frontend/pages/guides.blade.php,guides.blade.php,.php,9623,other
viewstemplate/frontend/pages/help-center.blade.php,help-center.blade.php,.php,7940,other
viewstemplate/frontend/pages/how-it-works.blade.php,how-it-works.blade.php,.php,7858,other
viewstemplate/frontend/pages/impact-index.blade.php,impact-index.blade.php,.php,7993,other
viewstemplate/frontend/pages/job-show.blade.php,job-show.blade.php,.php,11107,other
viewstemplate/frontend/pages/jobs-index.blade.php,jobs-index.blade.php,.php,25919,other
viewstemplate/frontend/pages/modules.blade.php,modules.blade.php,.php,8791,other
viewstemplate/frontend/pages/organization-show.blade.php,organization-show.blade.php,.php,0,other
viewstemplate/frontend/pages/osko-payid.blade.php,osko-payid.blade.php,.php,1374,other
viewstemplate/frontend/pages/payment-error.blade.php,payment-error.blade.php,.php,1144,other
viewstemplate/frontend/pages/payment-success.blade.php,payment-success.blade.php,.php,968,other
viewstemplate/frontend/pages/pricing-index.blade.php,pricing-index.blade.php,.php,2068,other
viewstemplate/frontend/pages/razorpay-redirect.blade.php,razorpay-redirect.blade.php,.php,1221,other
viewstemplate/frontend/pages/research.blade.php,research.blade.php,.php,8623,other
viewstemplate/frontend/pages/trust-safety.blade.php,trust-safety.blade.php,.php,9473,other
viewstemplate/frontend/pages/women-only-policy.blade.php,women-only-policy.blade.php,.php,5811,other
viewstemplate/frontend/payment/osko-payid.blade.php,osko-payid.blade.php,.php,0,other
viewstemplate/frontend/search/index.blade.php,index.blade.php,.php,4207,other
viewstemplate/frontend/search/results.blade.php,results.blade.php,.php,5337,other
viewstemplate/frontend/search/saved.blade.php,saved.blade.php,.php,3624,other
viewstemplate/frontend/telemetry/mobility-wellness.blade.php,mobility-wellness.blade.php,.php,13605,other
viewstemplate/frontend/wellness/dashboard.blade.php,dashboard.blade.php,.php,3275,other
viewstemplate/frontend/wellness/hub.blade.php,hub.blade.php,.php,15917,other
viewstemplate/grants/application.blade.php,application.blade.php,.php,4644,other
viewstemplate/grants/index.blade.php,index.blade.php,.php,17402,other
viewstemplate/grants/show.blade.php,show.blade.php,.php,7724,other
viewstemplate/groups/index.blade.php,index.blade.php,.php,2648,other
viewstemplate/growth/referrals/index.blade.php,index.blade.php,.php,4263,other
viewstemplate/home.blade.php,home.blade.php,.php,14924,other
viewstemplate/housing/index.blade.php,index.blade.php,.php,15887,other
viewstemplate/housing/mortgage-calculator.blade.php,mortgage-calculator.blade.php,.php,3716,other
viewstemplate/housing/partials/counselling-services.blade.php,counselling-services.blade.php,.php,4758,other
viewstemplate/housing/partials/emergency-support.blade.php,emergency-support.blade.php,.php,1238,other
viewstemplate/housing/preferences.blade.php,preferences.blade.php,.php,26885,other
viewstemplate/housing/show.blade.php,show.blade.php,.php,6597,other
viewstemplate/impact/role-dashboards.blade.php,role-dashboards.blade.php,.php,14176,other
viewstemplate/invites/index.blade.php,index.blade.php,.php,1127,other
viewstemplate/layouts/app.blade.php,app.blade.php,.php,4521,other
viewstemplate/layouts/footer.blade.php,footer.blade.php,.php,5661,other
viewstemplate/layouts/guest.blade.php,guest.blade.php,.php,2063,other
viewstemplate/layouts/master.blade.php,master.blade.php,.php,4079,other
viewstemplate/layouts/navigation.blade.php,navigation.blade.php,.php,90,other
viewstemplate/legal/templates/articles-of-association.blade.php,articles-of-association.blade.php,.php,1995,other
viewstemplate/legal/templates/constitution.blade.php,constitution.blade.php,.php,3052,other
viewstemplate/legal/templates/memorandum-of-association.blade.php,memorandum-of-association.blade.php,.php,1817,other
viewstemplate/legal/templates/shareholder-agreement.blade.php,shareholder-agreement.blade.php,.php,2179,other
viewstemplate/livewire/agents/document-uploader.blade.php,document-uploader.blade.php,.php,3261,other
viewstemplate/livewire/business/business-formation-studio.blade.php,business-formation-studio.blade.php,.php,43164,other
viewstemplate/livewire/business/digest-widget.blade.php,digest-widget.blade.php,.php,2800,other
viewstemplate/livewire/business/formation-studio.blade.php,formation-studio.blade.php,.php,30817,other
viewstemplate/livewire/business/legal-document-lab.blade.php,legal-document-lab.blade.php,.php,15027,other
viewstemplate/livewire/cohorts/dashboard.blade.php,dashboard.blade.php,.php,8252,other
viewstemplate/livewire/cohorts/mentor-matches.blade.php,mentor-matches.blade.php,.php,2320,other
viewstemplate/livewire/cohorts/timeline.blade.php,timeline.blade.php,.php,4125,other
viewstemplate/livewire/dashboard-opportunity-streams.blade.php,dashboard-opportunity-streams.blade.php,.php,5581,other
viewstemplate/livewire/dashboard-persona-echoes.blade.php,dashboard-persona-echoes.blade.php,.php,4064,other
viewstemplate/livewire/goals/tracker.blade.php,tracker.blade.php,.php,1799,other
viewstemplate/livewire/mortgage/widget.blade.php,widget.blade.php,.php,9598,other
viewstemplate/livewire/partners/opportunities.blade.php,opportunities.blade.php,.php,4965,other
viewstemplate/livewire/system-status-monitor.blade.php,system-status-monitor.blade.php,.php,2118,other
viewstemplate/member/civic-opportunities.blade.php,civic-opportunities.blade.php,.php,6483,other
viewstemplate/member/dashboard.blade.php,dashboard.blade.php,.php,22302,other
viewstemplate/member/pathways/create.blade.php,create.blade.php,.php,5058,other
viewstemplate/member/pathways/index.blade.php,index.blade.php,.php,3492,other
viewstemplate/member/pathways/show.blade.php,show.blade.php,.php,5876,other
viewstemplate/money/dashboard.blade.php,dashboard.blade.php,.php,712,other
viewstemplate/money/tax/index.blade.php,index.blade.php,.php,10562,other
viewstemplate/notifications/index.blade.php,index.blade.php,.php,3097,other
viewstemplate/partials/aura-header-inline.blade.php,aura-header-inline.blade.php,.php,16315,other
viewstemplate/partner/dashboard/index.blade.php,index.blade.php,.php,5300,other
viewstemplate/public-sector/agency/dashboard.blade.php,dashboard.blade.php,.php,7182,other
viewstemplate/public-sector/agency/onboarding.blade.php,onboarding.blade.php,.php,4231,other
viewstemplate/public-sector/agency/opportunities/create.blade.php,create.blade.php,.php,4637,other
viewstemplate/public-sector/agency/programs/create.blade.php,create.blade.php,.php,6898,other
viewstemplate/public-sector/dashboard.blade.php,dashboard.blade.php,.php,22156,other
viewstemplate/public-sector/opportunities/index.blade.php,index.blade.php,.php,4213,other
viewstemplate/public-sector/opportunities/show.blade.php,show.blade.php,.php,6684,other
viewstemplate/public-sector/pipeline.blade.php,pipeline.blade.php,.php,9184,other
viewstemplate/trades/apprenticeships/index.blade.php,index.blade.php,.php,1669,other
viewstemplate/trades/apprenticeships/show.blade.php,show.blade.php,.php,5561,other
viewstemplate/trades/dashboard.blade.php,dashboard.blade.php,.php,3806,other
viewstemplate/welcome.blade.php,welcome.blade.php,.php,14969,other
viewstemplate/wellbeing/dashboard.blade.php,dashboard.blade.php,.php,666,other
viewstemplate/women/learn/index.blade.php,index.blade.php,.php,38447,other
viewstemplate/women/real-estate/househunters/matches.blade.php,matches.blade.php,.php,152,other
viewstemplate/women/real-estate/layouts/console.blade.php,console.blade.php,.php,582,other
viewstemplate/women/real-estate/partials/highlight-icon.blade.php,highlight-icon.blade.php,.php,7889,other
viewstemplate/women/real-estate/rentals/index.blade.php,index.blade.php,.php,146,other
viewstemplate/women/real-estate/rentals/show.blade.php,show.blade.php,.php,1083,other
viewstemplate/women/real-estate/timeline.blade.php,timeline.blade.php,.php,1321,other
